銘柄数,組み合わせ,コード,地域,サブテーマの組み合わせ,年率ボラ（円建て）,平均相関（週次1年）,分散比,週次β（対日経）,1σ下限（万円）,1σ上限（万円）,2σ下限（万円）,2σ上限（万円）,過去12週 最悪（万円）,過去12週 中央値（万円）,10/27〜30の決算（確認済）,10/27〜30の決算（未確認を含む）,該当する決算
2,SK hynix＋ASML（米ADR）,000660.KS+ASML,海外のみ,B 半導体内で別サブテーマ,59.4,0.34,0.84,1.37,-253,338,-441,790,-219,442,0,1,SK hynix(10/27頃)
2,SK hynix＋Lumentum,000660.KS+LITE,海外のみ,C 半導体＋半導体以外,62.5,-0.15,0.65,0.98,-264,358,-458,844,-131,728,0,1,SK hynix(10/27頃)
2,SK hynix＋Sandisk,000660.KS+SNDK,海外のみ,A 同一サブテーマ,91.5,0.54,0.88,1.81,-361,566,-592,1451,-283,1055,1,2,Sandisk(10/30) SK hynix(10/27頃)
2,SK hynix＋Vertiv,000660.KS+VRT,海外のみ,C 半導体＋半導体以外,63.4,0.24,0.8,1.54,-267,364,-463,861,-271,512,0,2,SK hynix(10/27頃) Vertiv(10/21〜28頃)
2,TSMC＋SK hynix,2330.TW+000660.KS,海外のみ,B 半導体内で別サブテーマ,58.4,0.59,0.92,1.43,-249,331,-436,773,-161,396,0,1,SK hynix(10/27頃)
2,TSMC＋ASML（米ADR）,2330.TW+ASML,海外のみ,B 半導体内で別サブテーマ,33.2,0.39,0.84,0.86,-150,177,-278,385,-96,228,0,0,
2,TSMC＋Lumentum,2330.TW+LITE,海外のみ,C 半導体＋半導体以外,48.8,-0.15,0.75,0.47,-213,270,-380,614,-73,468,0,0,
2,TSMC＋Micron,2330.TW+MU,海外のみ,B 半導体内で別サブテーマ,49.2,0.4,0.87,1.2,-214,272,-382,619,-105,437,0,0,
2,TSMC＋Sandisk,2330.TW+SNDK,海外のみ,B 半導体内で別サブテーマ,63.1,0.25,0.86,1.3,-266,362,-461,856,-159,806,1,1,Sandisk(10/30)
2,TSMC＋Vertiv,2330.TW+VRT,海外のみ,C 半導体＋半導体以外,42.2,0.43,0.86,1.04,-187,230,-339,512,-148,254,0,1,Vertiv(10/21〜28頃)
2,キオクシア＋SK hynix,285A.T+000660.KS,日本＋海外,A 同一サブテーマ,92.3,0.6,0.9,2.34,-364,572,-595,1471,-394,824,1,2,キオクシア(10/30) SK hynix(10/27頃)
2,キオクシア＋TSMC,285A.T+2330.TW,日本＋海外,B 半導体内で別サブテーマ,65.3,0.48,0.9,1.83,-274,377,-473,896,-270,595,1,1,キオクシア(10/30)
2,キオクシア＋イビデン,285A.T+4062.T,日本のみ,B 半導体内で別サブテーマ,91.4,0.55,0.88,2.87,-361,565,-592,1450,-353,713,2,2,キオクシア(10/30) イビデン(10/29)
2,キオクシア＋信越化学,285A.T+4063.T,日本のみ,B 半導体内で別サブテーマ,62.9,0.19,0.83,1.68,-265,361,-460,853,-359,614,2,2,キオクシア(10/30) 信越化学(10/27)
2,キオクシア＋古河電工,285A.T+5801.T,日本のみ,C 半導体＋半導体以外,85.5,0.41,0.84,2.4,-342,521,-568,1312,-378,930,1,1,キオクシア(10/30)
2,キオクシア＋住友電工,285A.T+5802.T,日本のみ,C 半導体＋半導体以外,78.4,0.45,0.86,2.34,-319,468,-536,1156,-443,753,2,2,キオクシア(10/30) 住友電工(10/30)
2,キオクシア＋フジクラ,285A.T+5803.T,日本のみ,C 半導体＋半導体以外,79.3,0.28,0.8,2.27,-322,475,-540,1174,-300,731,1,1,キオクシア(10/30)
2,キオクシア＋ディスコ,285A.T+6146.T,日本のみ,B 半導体内で別サブテーマ,77.7,0.49,0.87,1.99,-317,463,-533,1141,-445,604,1,1,キオクシア(10/30)
2,キオクシア＋日立,285A.T+6501.T,日本のみ,C 半導体＋半導体以外,64.1,0.25,0.84,1.79,-270,369,-466,874,-206,502,2,2,キオクシア(10/30) 日立(10/28)
2,キオクシア＋アドバンテスト,285A.T+6857.T,日本のみ,B 半導体内で別サブテーマ,80.1,0.44,0.86,2.4,-324,480,-544,1191,-252,580,2,2,キオクシア(10/30) アドバンテスト(10/28)
2,キオクシア＋レーザーテック,285A.T+6920.T,日本のみ,B 半導体内で別サブテーマ,82.2,0.52,0.88,2.21,-332,496,-553,1238,-438,673,1,1,キオクシア(10/30)
2,キオクシア＋東京エレクトロン,285A.T+8035.T,日本のみ,B 半導体内で別サブテーマ,75.3,0.55,0.89,2.08,-309,446,-522,1092,-410,598,2,2,キオクシア(10/30) 東京エレクトロン(10/30)
2,キオクシア＋ソフトバンクG,285A.T+9984.T,日本のみ,C 半導体＋半導体以外,83.6,0.4,0.84,2.22,-336,506,-559,1268,-346,517,1,1,キオクシア(10/30)
2,キオクシア＋AMD,285A.T+AMD,日本＋海外,B 半導体内で別サブテーマ,74.3,0.25,0.8,2.18,-305,439,-517,1072,-289,586,1,1,キオクシア(10/30)
2,キオクシア＋ASML（米ADR）,285A.T+ASML,日本＋海外,B 半導体内で別サブテーマ,69.1,0.43,0.87,1.77,-287,403,-492,969,-328,614,1,1,キオクシア(10/30)
2,キオクシア＋Broadcom,285A.T+AVGO,日本＋海外,B 半導体内で別サブテーマ,64.0,0.16,0.81,1.78,-269,368,-466,872,-328,536,1,1,キオクシア(10/30)
2,キオクシア＋Lumentum,285A.T+LITE,日本＋海外,C 半導体＋半導体以外,72.6,-0.04,0.7,1.38,-299,427,-509,1037,-227,1051,1,1,キオクシア(10/30)
2,キオクシア＋Micron,285A.T+MU,日本＋海外,A 同一サブテーマ,84.3,0.52,0.88,2.11,-338,511,-562,1283,-338,857,1,1,キオクシア(10/30)
2,キオクシア＋NVIDIA,285A.T+NVDA,日本＋海外,B 半導体内で別サブテーマ,62.9,0.22,0.84,1.62,-265,361,-460,852,-253,530,1,1,キオクシア(10/30)
2,キオクシア＋Sandisk,285A.T+SNDK,日本＋海外,A 同一サブテーマ,101.3,0.61,0.9,2.21,-391,643,-629,1698,-392,1253,2,2,キオクシア(10/30) Sandisk(10/30)
2,キオクシア＋Vertiv,285A.T+VRT,日本＋海外,C 半導体＋半導体以外,74.2,0.37,0.84,1.95,-305,439,-517,1070,-380,752,1,2,キオクシア(10/30) Vertiv(10/21〜28頃)
2,イビデン＋SK hynix,4062.T+000660.KS,日本＋海外,B 半導体内で別サブテーマ,83.7,0.55,0.88,2.47,-336,507,-560,1271,-244,498,1,2,イビデン(10/29) SK hynix(10/27頃)
2,イビデン＋TSMC,4062.T+2330.TW,日本＋海外,B 半導体内で別サブテーマ,59.2,0.61,0.92,1.96,-252,337,-440,786,-121,340,1,1,イビデン(10/29)
2,イビデン＋信越化学,4062.T+4063.T,日本のみ,A 同一サブテーマ,55.9,0.23,0.82,1.81,-240,315,-422,730,-209,276,2,2,イビデン(10/29) 信越化学(10/27)
2,イビデン＋古河電工,4062.T+5801.T,日本のみ,C 半導体＋半導体以外,80.1,0.46,0.86,2.53,-324,480,-544,1191,-229,386,1,1,イビデン(10/29)
2,イビデン＋住友電工,4062.T+5802.T,日本のみ,C 半導体＋半導体以外,74.3,0.6,0.9,2.47,-305,439,-517,1071,-294,431,2,2,イビデン(10/29) 住友電工(10/30)
2,イビデン＋フジクラ,4062.T+5803.T,日本のみ,C 半導体＋半導体以外,75.9,0.41,0.84,2.4,-311,450,-525,1104,-189,409,1,1,イビデン(10/29)
2,イビデン＋日立,4062.T+6501.T,日本のみ,C 半導体＋半導体以外,57.9,0.34,0.85,1.92,-247,328,-433,764,-80,274,2,2,イビデン(10/29) 日立(10/28)
2,イビデン＋ソフトバンクG,4062.T+9984.T,日本のみ,C 半導体＋半導体以外,81.5,0.58,0.89,2.35,-329,491,-550,1222,-232,164,1,1,イビデン(10/29)
2,イビデン＋AMD,4062.T+AMD,日本＋海外,B 半導体内で別サブテーマ,74.1,0.52,0.87,2.31,-304,438,-516,1066,-140,307,1,1,イビデン(10/29)
2,イビデン＋ASML（米ADR）,4062.T+ASML,日本＋海外,B 半導体内で別サブテーマ,60.6,0.38,0.85,1.9,-257,346,-448,811,-179,343,1,1,イビデン(10/29)
2,イビデン＋Broadcom,4062.T+AVGO,日本＋海外,B 半導体内で別サブテーマ,59.8,0.34,0.84,1.91,-254,341,-444,797,-179,225,1,1,イビデン(10/29)
2,イビデン＋Lumentum,4062.T+LITE,日本＋海外,C 半導体＋半導体以外,66.0,-0.06,0.69,1.51,-276,382,-476,910,-77,698,1,1,イビデン(10/29)
2,イビデン＋Micron,4062.T+MU,日本＋海外,B 半導体内で別サブテーマ,76.2,0.49,0.86,2.24,-311,452,-526,1109,-188,536,1,1,イビデン(10/29)
2,イビデン＋NVIDIA,4062.T+NVDA,日本＋海外,B 半導体内で別サブテーマ,57.1,0.34,0.86,1.75,-244,323,-428,750,-103,257,1,1,イビデン(10/29)
2,イビデン＋Sandisk,4062.T+SNDK,日本＋海外,B 半導体内で別サブテーマ,84.3,0.29,0.8,2.35,-338,512,-562,1285,-242,938,2,2,イビデン(10/29) Sandisk(10/30)
2,イビデン＋Vertiv,4062.T+VRT,日本＋海外,C 半導体＋半導体以外,68.1,0.42,0.85,2.08,-284,396,-487,948,-231,419,1,2,イビデン(10/29) Vertiv(10/21〜28頃)
2,信越化学＋SK hynix,4063.T+000660.KS,日本＋海外,B 半導体内で別サブテーマ,54.7,0.18,0.81,1.28,-235,307,-415,708,-250,345,1,2,信越化学(10/27) SK hynix(10/27頃)
2,信越化学＋TSMC,4063.T+2330.TW,日本＋海外,B 半導体内で別サブテーマ,29.8,0.33,0.82,0.77,-136,157,-253,339,-127,158,1,1,信越化学(10/27)
2,信越化学＋古河電工,4063.T+5801.T,日本のみ,C 半導体＋半導体以外,55.4,0.31,0.84,1.34,-238,312,-419,722,-262,119,1,1,信越化学(10/27)
2,信越化学＋住友電工,4063.T+5802.T,日本のみ,C 半導体＋半導体以外,46.2,0.35,0.84,1.28,-203,254,-364,572,-299,200,2,2,信越化学(10/27) 住友電工(10/30)
2,信越化学＋フジクラ,4063.T+5803.T,日本のみ,C 半導体＋半導体以外,50.1,0.17,0.8,1.21,-218,278,-388,634,-295,156,1,1,信越化学(10/27)
2,信越化学＋日立,4063.T+6501.T,日本のみ,C 半導体＋半導体以外,30.1,0.11,0.74,0.73,-137,159,-255,343,-107,90,2,2,信越化学(10/27) 日立(10/28)
2,信越化学＋ソフトバンクG,4063.T+9984.T,日本のみ,C 半導体＋半導体以外,50.5,0.13,0.79,1.15,-219,281,-390,640,-259,73,1,1,信越化学(10/27)
2,信越化学＋AMD,4063.T+AMD,日本＋海外,B 半導体内で別サブテーマ,47.8,0.35,0.84,1.12,-209,264,-374,598,-153,165,1,1,信越化学(10/27)
2,信越化学＋ASML（米ADR）,4063.T+ASML,日本＋海外,B 半導体内で別サブテーマ,35.9,0.36,0.83,0.71,-161,192,-296,421,-184,191,1,1,信越化学(10/27)
2,信越化学＋Broadcom,4063.T+AVGO,日本＋海外,B 半導体内で別サブテーマ,35.4,0.32,0.81,0.72,-159,189,-293,415,-199,80,1,1,信越化学(10/27)
2,信越化学＋Lumentum,4063.T+LITE,日本＋海外,C 半導体＋半導体以外,52.5,0.0,0.77,0.32,-227,293,-402,673,-209,433,1,1,信越化学(10/27)
2,信越化学＋Micron,4063.T+MU,日本＋海外,B 半導体内で別サブテーマ,52.4,0.44,0.87,1.05,-227,293,-402,672,-194,402,1,1,信越化学(10/27)
2,信越化学＋NVIDIA,4063.T+NVDA,日本＋海外,B 半導体内で別サブテーマ,31.1,0.27,0.8,0.56,-141,165,-263,357,-136,82,1,1,信越化学(10/27)
2,信越化学＋Sandisk,4063.T+SNDK,日本＋海外,B 半導体内で別サブテーマ,66.5,0.34,0.86,1.15,-278,385,-479,919,-248,757,2,2,信越化学(10/27) Sandisk(10/30)
2,信越化学＋Vertiv,4063.T+VRT,日本＋海外,C 半導体＋半導体以外,45.7,0.48,0.87,0.89,-201,251,-361,565,-249,165,1,2,信越化学(10/27) Vertiv(10/21〜28頃)
2,古河電工＋SK hynix,5801.T+000660.KS,日本＋海外,C 半導体＋半導体以外,74.6,0.29,0.8,2.0,-306,441,-519,1077,-269,496,0,1,SK hynix(10/27頃)
2,古河電工＋TSMC,5801.T+2330.TW,日本＋海外,C 半導体＋半導体以外,54.7,0.42,0.88,1.49,-235,307,-415,709,-146,211,0,0,
2,古河電工＋住友電工,5801.T+5802.T,日本のみ,A 同一サブテーマ,72.7,0.61,0.9,2.0,-300,428,-510,1039,-319,301,1,1,住友電工(10/30)
2,古河電工＋日立,5801.T+6501.T,日本のみ,D 半導体なし,54.0,0.22,0.82,1.45,-232,303,-411,698,-169,178,1,1,日立(10/28)
2,古河電工＋ソフトバンクG,5801.T+9984.T,日本のみ,D 半導体なし,71.3,0.27,0.8,1.88,-295,418,-503,1011,-283,245,0,0,
2,古河電工＋AMD,5801.T+AMD,日本＋海外,C 半導体＋半導体以外,61.6,0.1,0.74,1.84,-261,352,-453,829,-176,282,0,0,
2,古河電工＋ASML（米ADR）,5801.T+ASML,日本＋海外,C 半導体＋半導体以外,55.1,0.18,0.8,1.43,-236,310,-417,715,-204,278,0,0,
2,古河電工＋Broadcom,5801.T+AVGO,日本＋海外,C 半導体＋半導体以外,57.2,0.29,0.83,1.44,-244,323,-429,751,-222,179,0,0,
2,古河電工＋Lumentum,5801.T+LITE,日本＋海外,A 同一サブテーマ,74.4,0.25,0.79,1.04,-306,440,-518,1074,-246,559,0,0,
2,古河電工＋Micron,5801.T+MU,日本＋海外,C 半導体＋半導体以外,66.5,0.19,0.77,1.77,-278,385,-479,918,-213,530,0,0,
2,古河電工＋NVIDIA,5801.T+NVDA,日本＋海外,C 半導体＋半導体以外,54.6,0.3,0.84,1.28,-235,307,-414,707,-173,134,0,0,
2,古河電工＋Sandisk,5801.T+SNDK,日本＋海外,C 半導体＋半導体以外,77.5,0.13,0.75,1.88,-316,462,-532,1138,-267,1049,1,1,Sandisk(10/30)
2,古河電工＋Vertiv,5801.T+VRT,日本＋海外,D 半導体なし,70.6,0.62,0.9,1.61,-292,413,-499,997,-287,273,0,1,Vertiv(10/21〜28頃)
2,住友電工＋SK hynix,5802.T+000660.KS,日本＋海外,C 半導体＋半導体以外,70.6,0.46,0.86,1.94,-292,413,-499,997,-334,494,1,2,住友電工(10/30) SK hynix(10/27頃)
2,住友電工＋TSMC,5802.T+2330.TW,日本＋海外,C 半導体＋半導体以外,45.6,0.5,0.89,1.43,-200,250,-360,564,-211,275,1,1,住友電工(10/30)
2,住友電工＋日立,5802.T+6501.T,日本のみ,D 半導体なし,46.2,0.34,0.83,1.39,-203,254,-364,573,-151,172,2,2,住友電工(10/30) 日立(10/28)
2,住友電工＋ソフトバンクG,5802.T+9984.T,日本のみ,D 半導体なし,65.1,0.35,0.82,1.82,-273,375,-471,892,-317,221,1,1,住友電工(10/30)
2,住友電工＋AMD,5802.T+AMD,日本＋海外,C 半導体＋半導体以外,58.0,0.29,0.8,1.78,-247,328,-433,765,-230,287,1,1,住友電工(10/30)
2,住友電工＋ASML（米ADR）,5802.T+ASML,日本＋海外,C 半導体＋半導体以外,49.1,0.39,0.84,1.37,-214,272,-382,618,-269,296,1,1,住友電工(10/30)
2,住友電工＋Broadcom,5802.T+AVGO,日本＋海外,C 半導体＋半導体以外,47.5,0.29,0.81,1.38,-207,262,-372,592,-269,226,1,1,住友電工(10/30)
2,住友電工＋Lumentum,5802.T+LITE,日本＋海外,A 同一サブテーマ,65.7,0.21,0.79,0.98,-275,380,-475,903,-210,482,1,1,住友電工(10/30)
2,住友電工＋Micron,5802.T+MU,日本＋海外,C 半導体＋半導体以外,63.6,0.42,0.84,1.71,-268,366,-464,865,-278,546,1,1,住友電工(10/30)
2,住友電工＋NVIDIA,5802.T+NVDA,日本＋海外,C 半導体＋半導体以外,45.0,0.32,0.83,1.22,-198,246,-356,553,-194,226,1,1,住友電工(10/30)
2,住友電工＋Sandisk,5802.T+SNDK,日本＋海外,C 半導体＋半導体以外,76.1,0.33,0.83,1.81,-311,452,-526,1108,-332,856,2,2,住友電工(10/30) Sandisk(10/30)
2,住友電工＋Vertiv,5802.T+VRT,日本＋海外,D 半導体なし,58.2,0.48,0.86,1.55,-248,330,-435,768,-321,296,1,2,住友電工(10/30) Vertiv(10/21〜28頃)
2,フジクラ＋SK hynix,5803.T+000660.KS,日本＋海外,C 半導体＋半導体以外,73.1,0.32,0.81,1.87,-301,431,-511,1047,-221,467,0,1,SK hynix(10/27頃)
2,フジクラ＋TSMC,5803.T+2330.TW,日本＋海外,C 半導体＋半導体以外,51.6,0.41,0.87,1.36,-224,288,-397,659,-159,210,0,0,
2,フジクラ＋古河電工,5803.T+5801.T,日本のみ,A 同一サブテーマ,76.9,0.51,0.87,1.93,-314,458,-529,1125,-333,297,0,0,
2,フジクラ＋住友電工,5803.T+5802.T,日本のみ,A 同一サブテーマ,68.3,0.54,0.88,1.87,-284,398,-488,953,-297,326,1,1,住友電工(10/30)
2,フジクラ＋日立,5803.T+6501.T,日本のみ,D 半導体なし,52.8,0.32,0.84,1.32,-228,295,-404,678,-179,161,1,1,日立(10/28)
2,フジクラ＋ソフトバンクG,5803.T+9984.T,日本のみ,D 半導体なし,68.0,0.24,0.79,1.74,-283,396,-487,948,-261,152,0,0,
2,フジクラ＋AMD,5803.T+AMD,日本＋海外,C 半導体＋半導体以外,63.7,0.28,0.8,1.71,-268,367,-465,867,-149,299,0,0,
2,フジクラ＋ASML（米ADR）,5803.T+ASML,日本＋海外,C 半導体＋半導体以外,53.4,0.24,0.81,1.3,-230,299,-407,688,-161,284,0,0,
2,フジクラ＋Broadcom,5803.T+AVGO,日本＋海外,C 半導体＋半導体以外,54.4,0.3,0.82,1.31,-234,306,-413,705,-221,159,0,0,
2,フジクラ＋Lumentum,5803.T+LITE,日本＋海外,A 同一サブテーマ,72.9,0.28,0.8,0.91,-300,429,-510,1042,-280,640,0,0,
2,フジクラ＋Micron,5803.T+MU,日本＋海外,C 半導体＋半導体以外,66.4,0.28,0.8,1.64,-278,384,-478,916,-163,473,0,0,
2,フジクラ＋NVIDIA,5803.T+NVDA,日本＋海外,C 半導体＋半導体以外,51.7,0.3,0.84,1.15,-224,288,-397,659,-207,164,0,0,
2,フジクラ＋Sandisk,5803.T+SNDK,日本＋海外,C 半導体＋半導体以外,78.1,0.21,0.78,1.74,-318,466,-535,1149,-286,860,1,1,Sandisk(10/30)
2,フジクラ＋Vertiv,5803.T+VRT,日本＋海外,D 半導体なし,63.9,0.44,0.85,1.48,-269,368,-465,871,-320,230,0,1,Vertiv(10/21〜28頃)
2,ディスコ＋SK hynix,6146.T+000660.KS,日本＋海外,B 半導体内で別サブテーマ,65.7,0.32,0.82,1.59,-275,380,-475,904,-336,361,0,1,SK hynix(10/27頃)
2,ディスコ＋TSMC,6146.T+2330.TW,日本＋海外,B 半導体内で別サブテーマ,43.0,0.46,0.87,1.08,-190,234,-344,524,-213,154,0,0,
2,ディスコ＋イビデン,6146.T+4062.T,日本のみ,B 半導体内で別サブテーマ,65.2,0.28,0.81,2.12,-274,376,-472,895,-296,313,1,1,イビデン(10/29)
2,ディスコ＋信越化学,6146.T+4063.T,日本のみ,B 半導体内で別サブテーマ,45.8,0.45,0.86,0.93,-201,251,-361,566,-301,106,1,1,信越化学(10/27)
2,ディスコ＋古河電工,6146.T+5801.T,日本のみ,C 半導体＋半導体以外,63.3,0.27,0.8,1.66,-267,363,-462,859,-321,191,0,0,
2,ディスコ＋住友電工,6146.T+5802.T,日本のみ,C 半導体＋半導体以外,55.5,0.33,0.81,1.59,-238,313,-420,723,-386,225,1,1,住友電工(10/30)
2,ディスコ＋フジクラ,6146.T+5803.T,日本のみ,C 半導体＋半導体以外,60.1,0.25,0.79,1.52,-255,342,-445,801,-293,174,0,0,
2,ディスコ＋日立,6146.T+6501.T,日本のみ,C 半導体＋半導体以外,41.9,0.19,0.79,1.04,-186,228,-337,508,-148,67,1,1,日立(10/28)
2,ディスコ＋レーザーテック,6146.T+6920.T,日本のみ,A 同一サブテーマ,58.8,0.37,0.83,1.46,-250,334,-438,779,-380,205,0,0,
2,ディスコ＋ソフトバンクG,6146.T+9984.T,日本のみ,C 半導体＋半導体以外,61.3,0.26,0.8,1.47,-259,350,-451,823,-244,102,0,0,
2,ディスコ＋AMD,6146.T+AMD,日本＋海外,B 半導体内で別サブテーマ,55.9,0.28,0.8,1.43,-240,315,-422,729,-232,203,0,0,
2,ディスコ＋ASML（米ADR）,6146.T+ASML,日本＋海外,A 同一サブテーマ,48.5,0.47,0.86,1.02,-211,268,-378,608,-271,134,0,0,
2,ディスコ＋Broadcom,6146.T+AVGO,日本＋海外,B 半導体内で別サブテーマ,39.7,-0.04,0.7,1.03,-177,214,-322,475,-271,126,0,0,
2,ディスコ＋Lumentum,6146.T+LITE,日本＋海外,C 半導体＋半導体以外,55.6,-0.11,0.68,0.63,-238,313,-420,724,-207,470,0,0,
2,ディスコ＋Micron,6146.T+MU,日本＋海外,B 半導体内で別サブテーマ,59.0,0.29,0.8,1.36,-251,335,-439,782,-280,422,0,0,
2,ディスコ＋NVIDIA,6146.T+NVDA,日本＋海外,B 半導体内で別サブテーマ,39.8,0.11,0.77,0.87,-177,215,-323,477,-196,86,0,0,
2,ディスコ＋Sandisk,6146.T+SNDK,日本＋海外,B 半導体内で別サブテーマ,75.8,0.37,0.84,1.47,-310,450,-524,1102,-334,749,1,1,Sandisk(10/30)
2,ディスコ＋Vertiv,6146.T+VRT,日本＋海外,C 半導体＋半導体以外,52.1,0.27,0.8,1.2,-225,291,-400,666,-323,201,0,1,Vertiv(10/21〜28頃)
2,日立＋SK hynix,6501.T+000660.KS,日本＋海外,C 半導体＋半導体以外,54.5,0.17,0.81,1.39,-234,306,-414,705,-100,340,1,2,日立(10/28) SK hynix(10/27頃)
2,日立＋TSMC,6501.T+2330.TW,日本＋海外,C 半導体＋半導体以外,31.1,0.43,0.85,0.88,-141,165,-263,357,-28,121,1,1,日立(10/28)
2,日立＋AMD,6501.T+AMD,日本＋海外,C 半導体＋半導体以外,45.3,0.18,0.79,1.23,-199,249,-359,559,-58,175,1,1,日立(10/28)
2,日立＋ASML（米ADR）,6501.T+ASML,日本＋海外,C 半導体＋半導体以外,33.3,0.16,0.76,0.82,-151,177,-279,386,-48,159,1,1,日立(10/28)
2,日立＋Broadcom,6501.T+AVGO,日本＋海外,C 半導体＋半導体以外,34.9,0.27,0.8,0.83,-157,186,-290,408,-103,86,1,1,日立(10/28)
2,日立＋Lumentum,6501.T+LITE,日本＋海外,D 半導体なし,53.2,0.03,0.77,0.43,-229,298,-406,684,-127,352,1,1,日立(10/28)
2,日立＋Micron,6501.T+MU,日本＋海外,C 半導体＋半導体以外,47.7,0.14,0.79,1.16,-208,263,-373,596,-41,392,1,1,日立(10/28)
2,日立＋NVIDIA,6501.T+NVDA,日本＋海外,C 半導体＋半導体以外,32.4,0.36,0.82,0.67,-147,172,-272,374,-67,76,1,1,日立(10/28)
2,日立＋Sandisk,6501.T+SNDK,日本＋海外,C 半導体＋半導体以外,62.5,0.11,0.81,1.26,-264,358,-458,845,-95,724,2,2,日立(10/28) Sandisk(10/30)
2,日立＋Vertiv,6501.T+VRT,日本＋海外,A 同一サブテーマ,40.9,0.15,0.77,1.0,-181,222,-330,493,-104,169,1,2,日立(10/28) Vertiv(10/21〜28頃)
2,アドバンテスト＋SK hynix,6857.T+000660.KS,日本＋海外,B 半導体内で別サブテーマ,72.4,0.45,0.85,2.0,-298,425,-508,1032,-143,426,1,2,アドバンテスト(10/28) SK hynix(10/27頃)
2,アドバンテスト＋TSMC,6857.T+2330.TW,日本＋海外,B 半導体内で別サブテーマ,48.8,0.56,0.9,1.49,-212,270,-380,612,-19,204,1,1,アドバンテスト(10/28)
2,アドバンテスト＋イビデン,6857.T+4062.T,日本のみ,B 半導体内で別サブテーマ,76.2,0.59,0.89,2.53,-312,453,-526,1110,-102,363,2,2,アドバンテスト(10/28) イビデン(10/29)
2,アドバンテスト＋信越化学,6857.T+4063.T,日本のみ,B 半導体内で別サブテーマ,43.8,0.06,0.76,1.34,-193,239,-349,536,-108,178,2,2,アドバンテスト(10/28) 信越化学(10/27)
2,アドバンテスト＋古河電工,6857.T+5801.T,日本のみ,C 半導体＋半導体以外,69.6,0.39,0.83,2.07,-289,407,-495,978,-153,319,1,1,アドバンテスト(10/28)
2,アドバンテスト＋住友電工,6857.T+5802.T,日本のみ,C 半導体＋半導体以外,63.6,0.52,0.87,2.0,-268,365,-464,864,-192,307,2,2,アドバンテスト(10/28) 住友電工(10/30)
2,アドバンテスト＋フジクラ,6857.T+5803.T,日本のみ,C 半導体＋半導体以外,70.2,0.52,0.87,1.93,-291,410,-497,989,-162,271,1,1,アドバンテスト(10/28)
2,アドバンテスト＋ディスコ,6857.T+6146.T,日本のみ,A 同一サブテーマ,61.1,0.49,0.86,1.66,-259,349,-450,819,-194,157,1,1,アドバンテスト(10/28)
2,アドバンテスト＋日立,6857.T+6501.T,日本のみ,C 半導体＋半導体以外,51.7,0.55,0.89,1.45,-224,288,-397,660,-82,161,2,2,アドバンテスト(10/28) 日立(10/28)
2,アドバンテスト＋レーザーテック,6857.T+6920.T,日本のみ,A 同一サブテーマ,67.0,0.57,0.89,1.87,-280,388,-481,927,-187,181,1,1,アドバンテスト(10/28)
2,アドバンテスト＋東京エレクトロン,6857.T+8035.T,日本のみ,A 同一サブテーマ,58.2,0.54,0.88,1.74,-248,330,-434,768,-159,230,2,2,アドバンテスト(10/28) 東京エレクトロン(10/30)
2,アドバンテスト＋ソフトバンクG,6857.T+9984.T,日本のみ,C 半導体＋半導体以外,68.1,0.4,0.84,1.88,-284,396,-487,949,-176,122,1,1,アドバンテスト(10/28)
2,アドバンテスト＋AMD,6857.T+AMD,日本＋海外,B 半導体内で別サブテーマ,61.1,0.34,0.82,1.84,-259,349,-450,819,-38,238,1,1,アドバンテスト(10/28)
2,アドバンテスト＋ASML（米ADR）,6857.T+ASML,日本＋海外,A 同一サブテーマ,49.6,0.29,0.81,1.43,-216,275,-385,626,-77,213,1,1,アドバンテスト(10/28)
2,アドバンテスト＋Broadcom,6857.T+AVGO,日本＋海外,B 半導体内で別サブテーマ,50.0,0.31,0.82,1.44,-217,278,-387,632,-87,161,1,1,アドバンテスト(10/28)
2,アドバンテスト＋Lumentum,6857.T+LITE,日本＋海外,C 半導体＋半導体以外,59.7,-0.05,0.69,1.04,-254,340,-443,795,-110,489,1,1,アドバンテスト(10/28)
2,アドバンテスト＋Micron,6857.T+MU,日本＋海外,B 半導体内で別サブテーマ,61.4,0.24,0.79,1.77,-260,351,-452,824,-87,449,1,1,アドバンテスト(10/28)
2,アドバンテスト＋NVIDIA,6857.T+NVDA,日本＋海外,B 半導体内で別サブテーマ,46.8,0.29,0.83,1.28,-205,258,-368,582,-38,148,1,1,アドバンテスト(10/28)
2,アドバンテスト＋Sandisk,6857.T+SNDK,日本＋海外,B 半導体内で別サブテーマ,74.2,0.2,0.78,1.88,-305,439,-517,1069,-141,757,2,2,アドバンテスト(10/28) Sandisk(10/30)
2,アドバンテスト＋Vertiv,6857.T+VRT,日本＋海外,C 半導体＋半導体以外,56.3,0.29,0.8,1.61,-241,318,-424,736,-129,282,1,2,アドバンテスト(10/28) Vertiv(10/21〜28頃)
2,レーザーテック＋SK hynix,6920.T+000660.KS,日本＋海外,B 半導体内で別サブテーマ,70.7,0.37,0.83,1.8,-293,414,-500,1000,-329,454,0,1,SK hynix(10/27頃)
2,レーザーテック＋TSMC,6920.T+2330.TW,日本＋海外,B 半導体内で別サブテーマ,47.8,0.46,0.88,1.3,-209,264,-374,597,-205,206,0,0,
2,レーザーテック＋イビデン,6920.T+4062.T,日本のみ,B 半導体内で別サブテーマ,77.4,0.62,0.9,2.34,-316,461,-532,1135,-288,369,1,1,イビデン(10/29)
2,レーザーテック＋信越化学,6920.T+4063.T,日本のみ,B 半導体内で別サブテーマ,48.0,0.3,0.83,1.14,-210,265,-375,601,-294,191,1,1,信越化学(10/27)
2,レーザーテック＋古河電工,6920.T+5801.T,日本のみ,C 半導体＋半導体以外,69.2,0.36,0.83,1.87,-287,403,-492,970,-313,330,0,0,
2,レーザーテック＋住友電工,6920.T+5802.T,日本のみ,C 半導体＋半導体以外,65.6,0.61,0.9,1.81,-275,379,-474,902,-378,289,1,1,住友電工(10/30)
2,レーザーテック＋フジクラ,6920.T+5803.T,日本のみ,C 半導体＋半導体以外,68.2,0.43,0.84,1.73,-284,397,-487,950,-250,292,0,0,
2,レーザーテック＋日立,6920.T+6501.T,日本のみ,C 半導体＋半導体以外,48.8,0.34,0.84,1.26,-213,270,-380,613,-141,107,1,1,日立(10/28)
2,レーザーテック＋ソフトバンクG,6920.T+9984.T,日本のみ,C 半導体＋半導体以外,67.2,0.35,0.82,1.68,-281,390,-482,932,-242,128,0,0,
2,レーザーテック＋AMD,6920.T+AMD,日本＋海外,B 半導体内で別サブテーマ,61.6,0.35,0.82,1.64,-260,352,-453,828,-224,258,0,0,
2,レーザーテック＋ASML（米ADR）,6920.T+ASML,日本＋海外,A 同一サブテーマ,52.6,0.44,0.86,1.23,-227,294,-403,675,-263,217,0,0,
2,レーザーテック＋Broadcom,6920.T+AVGO,日本＋海外,B 半導体内で別サブテーマ,50.2,0.3,0.82,1.25,-218,279,-388,635,-263,143,0,0,
2,レーザーテック＋Lumentum,6920.T+LITE,日本＋海外,C 半導体＋半導体以外,59.4,-0.07,0.69,0.85,-253,338,-441,790,-164,499,0,0,
2,レーザーテック＋Micron,6920.T+MU,日本＋海外,B 半導体内で別サブテーマ,63.7,0.32,0.81,1.58,-268,366,-464,867,-273,491,0,0,
2,レーザーテック＋NVIDIA,6920.T+NVDA,日本＋海外,B 半導体内で別サブテーマ,47.5,0.32,0.83,1.09,-208,262,-372,593,-188,126,0,0,
2,レーザーテック＋Sandisk,6920.T+SNDK,日本＋海外,B 半導体内で別サブテーマ,77.0,0.28,0.81,1.68,-314,458,-530,1126,-327,831,1,1,Sandisk(10/30)
2,レーザーテック＋Vertiv,6920.T+VRT,日本＋海外,C 半導体＋半導体以外,58.2,0.36,0.83,1.41,-248,330,-434,768,-315,265,0,1,Vertiv(10/21〜28頃)
2,東京エレクトロン＋SK hynix,8035.T+000660.KS,日本＋海外,B 半導体内で別サブテーマ,65.5,0.47,0.87,1.67,-274,378,-474,900,-301,413,1,2,東京エレクトロン(10/30) SK hynix(10/27頃)
2,東京エレクトロン＋TSMC,8035.T+2330.TW,日本＋海外,B 半導体内で別サブテーマ,39.6,0.54,0.89,1.17,-177,214,-322,475,-178,209,1,1,東京エレクトロン(10/30)
2,東京エレクトロン＋イビデン,8035.T+4062.T,日本のみ,B 半導体内で別サブテーマ,67.1,0.52,0.88,2.21,-280,389,-482,930,-260,317,2,2,東京エレクトロン(10/30) イビデン(10/29)
2,東京エレクトロン＋信越化学,8035.T+4063.T,日本のみ,B 半導体内で別サブテーマ,40.2,0.36,0.83,1.01,-179,218,-326,483,-266,202,2,2,東京エレクトロン(10/30) 信越化学(10/27)
2,東京エレクトロン＋古河電工,8035.T+5801.T,日本のみ,C 半導体＋半導体以外,58.9,0.22,0.79,1.74,-251,335,-438,781,-286,268,1,1,東京エレクトロン(10/30)
2,東京エレクトロン＋住友電工,8035.T+5802.T,日本のみ,C 半導体＋半導体以外,54.9,0.49,0.86,1.68,-236,309,-416,712,-350,292,2,2,東京エレクトロン(10/30) 住友電工(10/30)
2,東京エレクトロン＋フジクラ,8035.T+5803.T,日本のみ,C 半導体＋半導体以外,59.1,0.36,0.83,1.6,-251,336,-439,784,-232,312,1,1,東京エレクトロン(10/30)
2,東京エレクトロン＋ディスコ,8035.T+6146.T,日本のみ,A 同一サブテーマ,55.9,0.66,0.91,1.33,-240,315,-422,729,-352,152,1,1,東京エレクトロン(10/30)
2,東京エレクトロン＋日立,8035.T+6501.T,日本のみ,C 半導体＋半導体以外,38.2,0.21,0.78,1.13,-171,206,-312,453,-113,151,2,2,東京エレクトロン(10/30) 日立(10/28)
2,東京エレクトロン＋レーザーテック,8035.T+6920.T,日本のみ,A 同一サブテーマ,59.6,0.6,0.9,1.54,-253,339,-442,793,-345,230,1,1,東京エレクトロン(10/30)
2,東京エレクトロン＋ソフトバンクG,8035.T+9984.T,日本のみ,C 半導体＋半導体以外,58.9,0.3,0.82,1.55,-251,334,-438,781,-199,102,1,1,東京エレクトロン(10/30)
2,東京エレクトロン＋AMD,8035.T+AMD,日本＋海外,B 半導体内で別サブテーマ,54.4,0.38,0.83,1.51,-234,305,-413,704,-197,190,1,1,東京エレクトロン(10/30)
2,東京エレクトロン＋ASML（米ADR）,8035.T+ASML,日本＋海外,A 同一サブテーマ,46.9,0.64,0.91,1.1,-205,258,-368,583,-235,258,1,1,東京エレクトロン(10/30)
2,東京エレクトロン＋Broadcom,8035.T+AVGO,日本＋海外,B 半導体内で別サブテーマ,41.5,0.28,0.8,1.12,-184,225,-334,501,-235,148,1,1,東京エレクトロン(10/30)
2,東京エレクトロン＋Lumentum,8035.T+LITE,日本＋海外,C 半導体＋半導体以外,57.1,0.04,0.74,0.72,-244,323,-428,749,-143,477,1,1,東京エレクトロン(10/30)
2,東京エレクトロン＋Micron,8035.T+MU,日本＋海外,B 半導体内で別サブテーマ,58.7,0.44,0.85,1.45,-250,333,-437,777,-245,467,1,1,東京エレクトロン(10/30)
2,東京エレクトロン＋NVIDIA,8035.T+NVDA,日本＋海外,B 半導体内で別サブテーマ,39.2,0.34,0.83,0.96,-175,212,-319,468,-160,138,1,1,東京エレクトロン(10/30)
2,東京エレクトロン＋Sandisk,8035.T+SNDK,日本＋海外,B 半導体内で別サブテーマ,74.5,0.46,0.87,1.55,-306,440,-518,1074,-299,851,2,2,東京エレクトロン(10/30) Sandisk(10/30)
2,東京エレクトロン＋Vertiv,8035.T+VRT,日本＋海外,C 半導体＋半導体以外,51.5,0.43,0.85,1.28,-223,287,-396,657,-287,301,1,2,東京エレクトロン(10/30) Vertiv(10/21〜28頃)
2,ソフトバンクG＋SK hynix,9984.T+000660.KS,日本＋海外,C 半導体＋半導体以外,75.8,0.39,0.83,1.81,-310,450,-524,1102,-252,264,0,1,SK hynix(10/27頃)
2,ソフトバンクG＋TSMC,9984.T+2330.TW,日本＋海外,C 半導体＋半導体以外,53.4,0.46,0.89,1.31,-230,299,-407,687,-146,81,0,0,
2,ソフトバンクG＋日立,9984.T+6501.T,日本のみ,D 半導体なし,54.7,0.37,0.85,1.27,-235,308,-415,710,-186,77,1,1,日立(10/28)
2,ソフトバンクG＋AMD,9984.T+AMD,日本＋海外,C 半導体＋半導体以外,71.2,0.55,0.88,1.65,-295,417,-502,1009,-192,138,0,0,
2,ソフトバンクG＋ASML（米ADR）,9984.T+ASML,日本＋海外,C 半導体＋半導体以外,53.3,0.19,0.79,1.24,-230,299,-407,686,-138,97,0,0,
2,ソフトバンクG＋Broadcom,9984.T+AVGO,日本＋海外,C 半導体＋半導体以外,55.3,0.29,0.82,1.26,-237,311,-419,720,-238,-14,0,0,
2,ソフトバンクG＋Lumentum,9984.T+LITE,日本＋海外,D 半導体なし,59.4,-0.17,0.64,0.86,-253,338,-441,790,-168,509,0,0,
2,ソフトバンクG＋Micron,9984.T+MU,日本＋海外,C 半導体＋半導体以外,66.8,0.26,0.79,1.59,-279,387,-480,924,-153,323,0,0,
2,ソフトバンクG＋NVIDIA,9984.T+NVDA,日本＋海外,C 半導体＋半導体以外,53.8,0.37,0.86,1.1,-232,302,-410,694,-207,47,0,0,
2,ソフトバンクG＋Sandisk,9984.T+SNDK,日本＋海外,C 半導体＋半導体以外,75.9,0.12,0.75,1.69,-311,451,-525,1104,-181,734,1,1,Sandisk(10/30)
2,ソフトバンクG＋Vertiv,9984.T+VRT,日本＋海外,D 半導体なし,61.9,0.3,0.81,1.42,-261,354,-455,834,-235,198,0,1,Vertiv(10/21〜28頃)
2,AMD＋SK hynix,AMD+000660.KS,海外のみ,B 半導体内で別サブテーマ,70.7,0.4,0.84,1.78,-293,414,-500,999,-180,443,0,1,SK hynix(10/27頃)
2,AMD＋TSMC,AMD+2330.TW,海外のみ,B 半導体内で別サブテーマ,46.7,0.45,0.88,1.27,-204,257,-367,580,-57,180,0,0,
2,AMD＋ASML（米ADR）,AMD+ASML,海外のみ,B 半導体内で別サブテーマ,49.6,0.32,0.82,1.21,-216,275,-385,626,-115,213,0,0,
2,AMD＋Lumentum,AMD+LITE,海外のみ,C 半導体＋半導体以外,55.6,-0.17,0.65,0.82,-239,313,-420,725,-81,563,0,0,
2,AMD＋Micron,AMD+MU,海外のみ,B 半導体内で別サブテーマ,67.8,0.54,0.88,1.55,-283,394,-486,944,-124,442,0,0,
2,AMD＋Sandisk,AMD+SNDK,海外のみ,B 半導体内で別サブテーマ,77.6,0.34,0.83,1.65,-316,463,-533,1140,-178,860,1,1,Sandisk(10/30)
2,AMD＋Vertiv,AMD+VRT,海外のみ,C 半導体＋半導体以外,57.6,0.38,0.83,1.38,-246,326,-432,759,-167,292,0,1,Vertiv(10/21〜28頃)
2,ASML（米ADR）＋Lumentum,ASML+LITE,海外のみ,C 半導体＋半導体以外,58.3,0.23,0.81,0.41,-249,331,-435,771,-88,509,0,0,
2,ASML（米ADR）＋Vertiv,ASML+VRT,海外のみ,C 半導体＋半導体以外,46.9,0.4,0.84,0.97,-205,258,-368,583,-205,291,0,1,Vertiv(10/21〜28頃)
2,Broadcom＋SK hynix,AVGO+000660.KS,海外のみ,B 半導体内で別サブテーマ,57.0,0.21,0.81,1.38,-244,322,-428,747,-219,332,0,1,SK hynix(10/27頃)
2,Broadcom＋TSMC,AVGO+2330.TW,海外のみ,B 半導体内で別サブテーマ,32.7,0.34,0.82,0.87,-148,174,-274,378,-96,112,0,0,
2,Broadcom＋AMD,AVGO+AMD,海外のみ,A 同一サブテーマ,49.7,0.33,0.82,1.22,-216,276,-386,628,-133,176,0,0,
2,Broadcom＋ASML（米ADR）,AVGO+ASML,海外のみ,B 半導体内で別サブテーマ,38.2,0.34,0.82,0.81,-171,206,-312,454,-153,158,0,0,
2,Broadcom＋Lumentum,AVGO+LITE,海外のみ,C 半導体＋半導体以外,58.7,0.24,0.82,0.42,-250,333,-437,778,-134,394,0,0,
2,Broadcom＋Micron,AVGO+MU,海外のみ,B 半導体内で別サブテーマ,52.8,0.32,0.83,1.15,-228,295,-404,677,-163,359,0,0,
2,Broadcom＋Sandisk,AVGO+SNDK,海外のみ,B 半導体内で別サブテーマ,65.3,0.17,0.81,1.25,-274,377,-472,896,-217,755,1,1,Sandisk(10/30)
2,Broadcom＋Vertiv,AVGO+VRT,海外のみ,C 半導体＋半導体以外,47.5,0.43,0.85,0.99,-208,262,-372,593,-206,177,0,1,Vertiv(10/21〜28頃)
2,Lumentum＋Vertiv,LITE+VRT,海外のみ,D 半導体なし,66.5,0.32,0.82,0.59,-278,385,-479,919,-234,519,0,1,Vertiv(10/21〜28頃)
2,Micron＋SK hynix,MU+000660.KS,海外のみ,A 同一サブテーマ,79.7,0.65,0.91,1.71,-323,478,-542,1183,-229,621,0,1,SK hynix(10/27頃)
2,Micron＋ASML（米ADR）,MU+ASML,海外のみ,B 半導体内で別サブテーマ,56.9,0.57,0.89,1.14,-243,321,-427,746,-163,503,0,0,
2,Micron＋Lumentum,MU+LITE,海外のみ,C 半導体＋半導体以外,63.9,0.03,0.72,0.75,-269,368,-466,871,-62,734,0,0,
2,Micron＋Sandisk,MU+SNDK,海外のみ,A 同一サブテーマ,92.2,0.79,0.95,1.58,-364,571,-595,1469,-227,1116,1,1,Sandisk(10/30)
2,Micron＋Vertiv,MU+VRT,海外のみ,C 半導体＋半導体以外,61.0,0.4,0.84,1.32,-258,348,-450,817,-215,493,0,1,Vertiv(10/21〜28頃)
2,NVIDIA＋SK hynix,NVDA+000660.KS,海外のみ,B 半導体内で別サブテーマ,52.3,0.08,0.79,1.22,-226,292,-401,669,-144,328,0,1,SK hynix(10/27頃)
2,NVIDIA＋TSMC,NVDA+2330.TW,海外のみ,B 半導体内で別サブテーマ,27.8,0.24,0.79,0.71,-127,146,-239,313,-21,130,0,0,
2,NVIDIA＋AMD,NVDA+AMD,海外のみ,A 同一サブテーマ,47.8,0.4,0.86,1.06,-209,264,-374,597,-88,159,0,0,
2,NVIDIA＋ASML（米ADR）,NVDA+ASML,海外のみ,B 半導体内で別サブテーマ,35.1,0.37,0.83,0.65,-158,188,-291,410,-78,161,0,0,
2,NVIDIA＋Broadcom,NVDA+AVGO,海外のみ,A 同一サブテーマ,36.9,0.52,0.87,0.66,-166,198,-304,436,-107,43,0,0,
2,NVIDIA＋Lumentum,NVDA+LITE,海外のみ,C 半導体＋半導体以外,54.7,0.16,0.81,0.26,-235,308,-415,710,-120,374,0,0,
2,NVIDIA＋Micron,NVDA+MU,海外のみ,B 半導体内で別サブテーマ,50.3,0.36,0.85,0.99,-218,280,-389,637,-88,365,0,0,
2,NVIDIA＋Sandisk,NVDA+SNDK,海外のみ,B 半導体内で別サブテーマ,64.5,0.25,0.85,1.09,-271,371,-468,881,-142,713,1,1,Sandisk(10/30)
2,NVIDIA＋Vertiv,NVDA+VRT,海外のみ,C 半導体＋半導体以外,46.1,0.58,0.9,0.83,-202,253,-363,571,-161,180,0,1,Vertiv(10/21〜28頃)
2,Sandisk＋ASML（米ADR）,SNDK+ASML,海外のみ,B 半導体内で別サブテーマ,73.0,0.58,0.91,1.24,-301,430,-511,1045,-217,843,1,1,Sandisk(10/30)
2,Sandisk＋Lumentum,SNDK+LITE,海外のみ,C 半導体＋半導体以外,81.8,0.2,0.78,0.85,-330,493,-552,1230,-199,1104,1,1,Sandisk(10/30)
2,Sandisk＋Vertiv,SNDK+VRT,海外のみ,C 半導体＋半導体以外,76.0,0.4,0.85,1.42,-311,451,-525,1106,-269,843,1,2,Sandisk(10/30) Vertiv(10/21〜28頃)
3,SK hynix＋ASML（米ADR）＋Lumentum,000660.KS+ASML+LITE,海外のみ,C 半導体＋半導体以外,50.4,0.14,0.64,0.92,-219,280,-390,638,-130,584,0,1,SK hynix(10/27頃)
3,SK hynix＋ASML（米ADR）＋Vertiv,000660.KS+ASML+VRT,海外のみ,C 半導体＋半導体以外,51.3,0.33,0.75,1.29,-222,286,-395,653,-232,411,0,2,SK hynix(10/27頃) Vertiv(10/21〜28頃)
3,SK hynix＋Lumentum＋Vertiv,000660.KS+LITE+VRT,海外のみ,C 半導体＋半導体以外,54.6,0.14,0.64,1.04,-235,307,-414,708,-176,630,0,2,SK hynix(10/27頃) Vertiv(10/21〜28頃)
3,SK hynix＋Sandisk＋ASML（米ADR）,000660.KS+SNDK+ASML,海外のみ,B 半導体内で別サブテーマ,70.6,0.49,0.83,1.47,-292,413,-499,997,-240,771,1,2,Sandisk(10/30) SK hynix(10/27頃)
3,SK hynix＋Sandisk＋Lumentum,000660.KS+SNDK+LITE,海外のみ,C 半導体＋半導体以外,70.4,0.2,0.69,1.21,-292,412,-498,993,-172,990,1,2,Sandisk(10/30) SK hynix(10/27頃)
3,SK hynix＋Sandisk＋Vertiv,000660.KS+SNDK+VRT,海外のみ,C 半導体＋半導体以外,71.9,0.39,0.79,1.59,-297,422,-506,1023,-274,782,1,3,Sandisk(10/30) SK hynix(10/27頃) Vertiv(10/21〜28頃)
3,TSMC＋SK hynix＋ASML（米ADR）,2330.TW+000660.KS+ASML,海外のみ,B 半導体内で別サブテーマ,47.2,0.44,0.81,1.22,-206,260,-370,588,-159,366,0,1,SK hynix(10/27頃)
3,TSMC＋SK hynix＋Lumentum,2330.TW+000660.KS+LITE,海外のみ,C 半導体＋半導体以外,46.4,0.1,0.62,0.96,-203,255,-366,576,-91,565,0,1,SK hynix(10/27頃)
3,TSMC＋SK hynix＋Sandisk,2330.TW+000660.KS+SNDK,海外のみ,B 半導体内で別サブテーマ,66.7,0.46,0.83,1.51,-279,387,-480,923,-201,752,1,2,Sandisk(10/30) SK hynix(10/27頃)
3,TSMC＋SK hynix＋Vertiv,2330.TW+000660.KS+VRT,海外のみ,C 半導体＋半導体以外,50.2,0.42,0.78,1.34,-218,279,-388,635,-193,397,0,2,SK hynix(10/27頃) Vertiv(10/21〜28頃)
3,TSMC＋ASML（米ADR）＋Lumentum,2330.TW+ASML+LITE,海外のみ,C 半導体＋半導体以外,40.7,0.16,0.69,0.58,-181,221,-329,490,-55,413,0,0,
3,TSMC＋ASML（米ADR）＋Vertiv,2330.TW+ASML+VRT,海外のみ,C 半導体＋半導体以外,37.8,0.4,0.79,0.96,-169,203,-310,448,-150,269,0,1,Vertiv(10/21〜28頃)
3,TSMC＋Lumentum＋Vertiv,2330.TW+LITE+VRT,海外のみ,C 半導体＋半導体以外,46.8,0.2,0.72,0.7,-205,257,-368,581,-140,422,0,1,Vertiv(10/21〜28頃)
3,TSMC＋Micron＋SK hynix,2330.TW+MU+000660.KS,海外のみ,B 半導体内で別サブテーマ,59.8,0.55,0.86,1.44,-254,341,-444,797,-165,482,0,1,SK hynix(10/27頃)
3,TSMC＋Micron＋ASML（米ADR）,2330.TW+MU+ASML,海外のみ,B 半導体内で別サブテーマ,43.8,0.45,0.82,1.06,-193,239,-349,536,-121,386,0,0,
3,TSMC＋Micron＋Lumentum,2330.TW+MU+LITE,海外のみ,C 半導体＋半導体以外,45.5,0.09,0.65,0.81,-200,249,-359,561,-54,574,0,0,
3,TSMC＋Micron＋Sandisk,2330.TW+MU+SNDK,海外のみ,B 半導体内で別サブテーマ,65.9,0.48,0.87,1.36,-276,381,-476,907,-164,801,1,1,Sandisk(10/30)
3,TSMC＋Micron＋Vertiv,2330.TW+MU+VRT,海外のみ,C 半導体＋半導体以外,47.0,0.41,0.79,1.18,-206,259,-369,585,-156,407,0,1,Vertiv(10/21〜28頃)
3,TSMC＋Sandisk＋ASML（米ADR）,2330.TW+SNDK+ASML,海外のみ,B 半導体内で別サブテーマ,53.2,0.41,0.83,1.13,-229,298,-406,684,-157,628,1,1,Sandisk(10/30)
3,TSMC＋Sandisk＋Lumentum,2330.TW+SNDK+LITE,海外のみ,C 半導体＋半導体以外,56.6,0.1,0.7,0.88,-242,319,-426,741,-117,809,1,1,Sandisk(10/30)
3,TSMC＋Sandisk＋Vertiv,2330.TW+SNDK+VRT,海外のみ,C 半導体＋半導体以外,55.7,0.36,0.79,1.25,-239,314,-420,725,-192,627,1,2,Sandisk(10/30) Vertiv(10/21〜28頃)
3,キオクシア＋SK hynix＋ASML（米ADR）,285A.T+000660.KS+ASML,日本＋海外,B 半導体内で別サブテーマ,69.7,0.46,0.83,1.82,-289,407,-495,980,-314,620,1,2,キオクシア(10/30) SK hynix(10/27頃)
3,キオクシア＋SK hynix＋Lumentum,285A.T+000660.KS+LITE,日本＋海外,C 半導体＋半導体以外,66.7,0.14,0.66,1.57,-279,386,-480,921,-246,911,1,2,キオクシア(10/30) SK hynix(10/27頃)
3,キオクシア＋SK hynix＋Sandisk,285A.T+000660.KS+SNDK,日本＋海外,A 同一サブテーマ,90.8,0.58,0.85,2.12,-359,560,-589,1434,-356,1090,2,3,キオクシア(10/30) Sandisk(10/30) SK hynix(10/27頃)
3,キオクシア＋SK hynix＋Vertiv,285A.T+000660.KS+VRT,日本＋海外,C 半導体＋半導体以外,71.9,0.4,0.8,1.94,-297,423,-506,1024,-348,704,1,3,キオクシア(10/30) SK hynix(10/27頃) Vertiv(10/21〜28頃)
3,キオクシア＋TSMC＋SK hynix,285A.T+2330.TW+000660.KS,日本＋海外,B 半導体内で別サブテーマ,68.6,0.56,0.86,1.86,-285,399,-489,958,-275,614,1,2,キオクシア(10/30) SK hynix(10/27頃)
3,キオクシア＋TSMC＋ASML（米ADR）,285A.T+2330.TW+ASML,日本＋海外,B 半導体内で別サブテーマ,52.5,0.43,0.82,1.48,-227,294,-402,673,-231,472,1,1,キオクシア(10/30)
3,キオクシア＋TSMC＋Lumentum,285A.T+2330.TW+LITE,日本＋海外,C 半導体＋半導体以外,52.4,0.1,0.65,1.23,-226,293,-402,671,-164,763,1,1,キオクシア(10/30)
3,キオクシア＋TSMC＋Micron,285A.T+2330.TW+MU,日本＋海外,B 半導体内で別サブテーマ,62.4,0.47,0.83,1.71,-263,358,-457,843,-238,631,1,1,キオクシア(10/30)
3,キオクシア＋TSMC＋Sandisk,285A.T+2330.TW+SNDK,日本＋海外,B 半導体内で別サブテーマ,72.6,0.45,0.84,1.78,-299,427,-509,1037,-274,908,2,2,キオクシア(10/30) Sandisk(10/30)
3,キオクシア＋TSMC＋Vertiv,285A.T+2330.TW+VRT,日本＋海外,C 半導体＋半導体以外,56.2,0.43,0.81,1.6,-241,317,-423,734,-266,576,1,2,キオクシア(10/30) Vertiv(10/21〜28頃)
3,キオクシア＋イビデン＋SK hynix,285A.T+4062.T+000660.KS,日本＋海外,B 半導体内で別サブテーマ,85.0,0.57,0.84,2.56,-341,516,-565,1300,-330,678,2,3,キオクシア(10/30) イビデン(10/29) SK hynix(10/27頃)
3,キオクシア＋イビデン＋TSMC,285A.T+4062.T+2330.TW,日本＋海外,B 半導体内で別サブテーマ,68.2,0.55,0.85,2.22,-284,396,-487,950,-248,511,2,2,キオクシア(10/30) イビデン(10/29)
3,キオクシア＋イビデン＋信越化学,285A.T+4062.T+4063.T,日本のみ,B 半導体内で別サブテーマ,65.4,0.32,0.79,2.12,-274,378,-473,899,-307,516,3,3,キオクシア(10/30) イビデン(10/29) 信越化学(10/27)
3,キオクシア＋イビデン＋古河電工,285A.T+4062.T+5801.T,日本のみ,C 半導体＋半導体以外,80.5,0.48,0.81,2.6,-326,484,-546,1201,-320,944,2,2,キオクシア(10/30) イビデン(10/29)
3,キオクシア＋イビデン＋住友電工,285A.T+4062.T+5802.T,日本のみ,C 半導体＋半導体以外,77.1,0.53,0.83,2.56,-315,459,-530,1129,-363,636,3,3,キオクシア(10/30) イビデン(10/29) 住友電工(10/30)
3,キオクシア＋イビデン＋フジクラ,285A.T+4062.T+5803.T,日本のみ,C 半導体＋半導体以外,76.5,0.41,0.78,2.51,-313,455,-528,1117,-262,665,2,2,キオクシア(10/30) イビデン(10/29)
3,キオクシア＋イビデン＋日立,285A.T+4062.T+6501.T,日本のみ,C 半導体＋半導体以外,66.7,0.38,0.81,2.2,-279,386,-480,922,-205,531,3,3,キオクシア(10/30) イビデン(10/29) 日立(10/28)
3,キオクシア＋イビデン＋ソフトバンクG,285A.T+4062.T+9984.T,日本のみ,C 半導体＋半導体以外,80.7,0.51,0.82,2.48,-327,485,-547,1206,-262,480,2,2,キオクシア(10/30) イビデン(10/29)
3,キオクシア＋イビデン＋AMD,285A.T+4062.T+AMD,日本＋海外,B 半導体内で別サブテーマ,74.8,0.44,0.8,2.45,-307,443,-520,1082,-261,556,2,2,キオクシア(10/30) イビデン(10/29)
3,キオクシア＋イビデン＋ASML（米ADR）,285A.T+4062.T+ASML,日本＋海外,B 半導体内で別サブテーマ,69.5,0.45,0.82,2.18,-289,406,-494,976,-287,526,2,2,キオクシア(10/30) イビデン(10/29)
3,キオクシア＋イビデン＋Broadcom,285A.T+4062.T+AVGO,日本＋海外,B 半導体内で別サブテーマ,67.0,0.35,0.79,2.19,-280,388,-481,927,-287,494,2,2,キオクシア(10/30) イビデン(10/29)
3,キオクシア＋イビデン＋Lumentum,285A.T+4062.T+LITE,日本＋海外,C 半導体＋半導体以外,67.5,0.15,0.67,1.92,-281,392,-484,937,-219,841,2,2,キオクシア(10/30) イビデン(10/29)
3,キオクシア＋イビデン＋Micron,285A.T+4062.T+MU,日本＋海外,B 半導体内で別サブテーマ,79.5,0.52,0.83,2.41,-323,476,-541,1179,-293,723,2,2,キオクシア(10/30) イビデン(10/29)
3,キオクシア＋イビデン＋NVIDIA,285A.T+4062.T+NVDA,日本＋海外,B 半導体内で別サブテーマ,66.0,0.37,0.81,2.08,-276,382,-476,910,-236,493,2,2,キオクシア(10/30) イビデン(10/29)
3,キオクシア＋イビデン＋Sandisk,285A.T+4062.T+SNDK,日本＋海外,B 半導体内で別サブテーマ,87.1,0.48,0.81,2.48,-347,532,-574,1348,-329,989,3,3,キオクシア(10/30) イビデン(10/29) Sandisk(10/30)
3,キオクシア＋イビデン＋Vertiv,285A.T+4062.T+VRT,日本＋海外,C 半導体＋半導体以外,73.2,0.45,0.81,2.3,-301,431,-512,1048,-321,652,2,3,キオクシア(10/30) イビデン(10/29) Vertiv(10/21〜28頃)
3,キオクシア＋信越化学＋SK hynix,285A.T+4063.T+000660.KS,日本＋海外,B 半導体内で別サブテーマ,65.7,0.32,0.8,1.76,-275,380,-475,903,-334,616,2,3,キオクシア(10/30) 信越化学(10/27) SK hynix(10/27頃)
3,キオクシア＋信越化学＋TSMC,285A.T+4063.T+2330.TW,日本＋海外,B 半導体内で別サブテーマ,48.6,0.33,0.79,1.43,-212,269,-379,610,-252,472,2,2,キオクシア(10/30) 信越化学(10/27)
3,キオクシア＋信越化学＋古河電工,285A.T+4063.T+5801.T,日本のみ,C 半導体＋半導体以外,62.3,0.3,0.77,1.81,-263,357,-457,841,-324,644,2,2,キオクシア(10/30) 信越化学(10/27)
3,キオクシア＋信越化学＋住友電工,285A.T+4063.T+5802.T,日本のみ,C 半導体＋半導体以外,57.6,0.33,0.78,1.77,-246,326,-431,759,-367,541,3,3,キオクシア(10/30) 信越化学(10/27) 住友電工(10/30)
3,キオクシア＋信越化学＋フジクラ,285A.T+4063.T+5803.T,日本のみ,C 半導体＋半導体以外,57.4,0.21,0.72,1.72,-245,325,-430,754,-251,579,2,2,キオクシア(10/30) 信越化学(10/27)
3,キオクシア＋信越化学＋日立,285A.T+4063.T+6501.T,日本のみ,C 半導体＋半導体以外,47.3,0.18,0.74,1.4,-207,261,-371,589,-209,419,3,3,キオクシア(10/30) 信越化学(10/27) 日立(10/28)
3,キオクシア＋信越化学＋ソフトバンクG,285A.T+4063.T+9984.T,日本のみ,C 半導体＋半導体以外,59.8,0.24,0.75,1.68,-254,341,-444,797,-292,400,2,2,キオクシア(10/30) 信越化学(10/27)
3,キオクシア＋信越化学＋AMD,285A.T+4063.T+AMD,日本＋海外,B 半導体内で別サブテーマ,55.3,0.26,0.73,1.66,-237,311,-418,719,-265,485,2,2,キオクシア(10/30) 信越化学(10/27)
3,キオクシア＋信越化学＋ASML（米ADR）,285A.T+4063.T+ASML,日本＋海外,B 半導体内で別サブテーマ,51.4,0.33,0.78,1.38,-223,287,-396,655,-290,480,2,2,キオクシア(10/30) 信越化学(10/27)
3,キオクシア＋信越化学＋Broadcom,285A.T+4063.T+AVGO,日本＋海外,B 半導体内で別サブテーマ,48.2,0.23,0.73,1.39,-210,267,-377,604,-290,421,2,2,キオクシア(10/30) 信越化学(10/27)
3,キオクシア＋信越化学＋Lumentum,285A.T+4063.T+LITE,日本＋海外,C 半導体＋半導体以外,52.1,0.05,0.63,1.13,-225,291,-400,667,-223,750,2,2,キオクシア(10/30) 信越化学(10/27)
3,キオクシア＋信越化学＋Micron,285A.T+4063.T+MU,日本＋海外,B 半導体内で別サブテーマ,62.0,0.38,0.8,1.61,-262,355,-455,836,-297,595,2,2,キオクシア(10/30) 信越化学(10/27)
3,キオクシア＋信越化学＋NVIDIA,285A.T+4063.T+NVDA,日本＋海外,B 半導体内で別サブテーマ,47.1,0.23,0.74,1.29,-206,260,-370,587,-240,423,2,2,キオクシア(10/30) 信越化学(10/27)
3,キオクシア＋信越化学＋Sandisk,285A.T+4063.T+SNDK,日本＋海外,B 半導体内で別サブテーマ,72.6,0.38,0.82,1.68,-299,427,-509,1037,-333,887,3,3,キオクシア(10/30) 信越化学(10/27) Sandisk(10/30)
3,キオクシア＋信越化学＋Vertiv,285A.T+4063.T+VRT,日本＋海外,C 半導体＋半導体以外,55.7,0.35,0.77,1.5,-239,314,-420,725,-325,584,2,3,キオクシア(10/30) 信越化学(10/27) Vertiv(10/21〜28頃)
3,キオクシア＋古河電工＋SK hynix,285A.T+5801.T+000660.KS,日本＋海外,C 半導体＋半導体以外,78.8,0.43,0.79,2.25,-320,471,-538,1163,-347,979,1,2,キオクシア(10/30) SK hynix(10/27頃)
3,キオクシア＋古河電工＋TSMC,285A.T+5801.T+2330.TW,日本＋海外,C 半導体＋半導体以外,63.5,0.44,0.81,1.91,-268,365,-463,864,-265,699,1,1,キオクシア(10/30)
3,キオクシア＋古河電工＋住友電工,285A.T+5801.T+5802.T,日本のみ,C 半導体＋半導体以外,73.9,0.49,0.81,2.25,-304,436,-515,1063,-380,740,2,2,キオクシア(10/30) 住友電工(10/30)
3,キオクシア＋古河電工＋日立,285A.T+5801.T+6501.T,日本のみ,C 半導体＋半導体以外,62.2,0.29,0.76,1.88,-263,356,-456,840,-222,626,2,2,キオクシア(10/30) 日立(10/28)
3,キオクシア＋古河電工＋ソフトバンクG,285A.T+5801.T+9984.T,日本のみ,C 半導体＋半導体以外,73.8,0.36,0.76,2.17,-303,436,-515,1061,-299,855,1,1,キオクシア(10/30)
3,キオクシア＋古河電工＋AMD,285A.T+5801.T+AMD,日本＋海外,C 半導体＋半導体以外,66.9,0.25,0.72,2.14,-279,388,-481,925,-278,817,1,1,キオクシア(10/30)
3,キオクシア＋古河電工＋ASML（米ADR）,285A.T+5801.T+ASML,日本＋海外,C 半導体＋半導体以外,64.5,0.34,0.77,1.87,-271,372,-469,882,-303,732,1,1,キオクシア(10/30)
3,キオクシア＋古河電工＋Broadcom,285A.T+5801.T+AVGO,日本＋海外,C 半導体＋半導体以外,63.0,0.29,0.76,1.87,-265,361,-460,853,-303,680,1,1,キオクシア(10/30)
3,キオクシア＋古河電工＋Lumentum,285A.T+5801.T+LITE,日本＋海外,C 半導体＋半導体以外,68.5,0.21,0.68,1.61,-285,399,-489,957,-236,894,1,1,キオクシア(10/30)
3,キオクシア＋古河電工＋Micron,285A.T+5801.T+MU,日本＋海外,C 半導体＋半導体以外,73.0,0.37,0.77,2.09,-301,430,-511,1045,-310,966,1,1,キオクシア(10/30)
3,キオクシア＋古河電工＋NVIDIA,285A.T+5801.T+NVDA,日本＋海外,C 半導体＋半導体以外,62.1,0.31,0.77,1.77,-262,356,-456,838,-253,652,1,1,キオクシア(10/30)
3,キオクシア＋古河電工＋Sandisk,285A.T+5801.T+SNDK,日本＋海外,C 半導体＋半導体以外,82.0,0.38,0.77,2.16,-331,494,-552,1233,-346,1198,2,2,キオクシア(10/30) Sandisk(10/30)
3,キオクシア＋古河電工＋Vertiv,285A.T+5801.T+VRT,日本＋海外,C 半導体＋半導体以外,71.6,0.46,0.8,1.99,-296,420,-504,1017,-338,737,1,2,キオクシア(10/30) Vertiv(10/21〜28頃)
3,キオクシア＋住友電工＋SK hynix,285A.T+5802.T+000660.KS,日本＋海外,C 半導体＋半導体以外,76.2,0.5,0.83,2.21,-311,452,-526,1109,-390,712,2,3,キオクシア(10/30) 住友電工(10/30) SK hynix(10/27頃)
3,キオクシア＋住友電工＋TSMC,285A.T+5802.T+2330.TW,日本＋海外,C 半導体＋半導体以外,59.1,0.48,0.83,1.87,-251,336,-440,785,-308,571,2,2,キオクシア(10/30) 住友電工(10/30)
3,キオクシア＋住友電工＋日立,285A.T+5802.T+6501.T,日本のみ,C 半導体＋半導体以外,58.2,0.35,0.78,1.84,-248,330,-435,768,-265,497,3,3,キオクシア(10/30) 住友電工(10/30) 日立(10/28)
3,キオクシア＋住友電工＋ソフトバンクG,285A.T+5802.T+9984.T,日本のみ,C 半導体＋半導体以外,70.2,0.4,0.78,2.12,-291,410,-497,989,-341,512,2,2,キオクシア(10/30) 住友電工(10/30)
3,キオクシア＋住友電工＋AMD,285A.T+5802.T+AMD,日本＋海外,C 半導体＋半導体以外,64.3,0.33,0.75,2.1,-270,370,-468,878,-321,574,2,2,キオクシア(10/30) 住友電工(10/30)
3,キオクシア＋住友電工＋ASML（米ADR）,285A.T+5802.T+ASML,日本＋海外,C 半導体＋半導体以外,61.2,0.42,0.8,1.83,-259,350,-451,822,-347,562,2,2,キオクシア(10/30) 住友電工(10/30)
3,キオクシア＋住友電工＋Broadcom,285A.T+5802.T+AVGO,日本＋海外,C 半導体＋半導体以外,58.1,0.3,0.76,1.83,-248,329,-434,767,-347,520,2,2,キオクシア(10/30) 住友電工(10/30)
3,キオクシア＋住友電工＋Lumentum,285A.T+5802.T+LITE,日本＋海外,C 半導体＋半導体以外,63.3,0.21,0.68,1.57,-267,364,-462,860,-279,838,2,2,キオクシア(10/30) 住友電工(10/30)
3,キオクシア＋住友電工＋Micron,285A.T+5802.T+MU,日本＋海外,C 半導体＋半導体以外,70.9,0.46,0.81,2.05,-293,415,-501,1003,-353,687,2,2,キオクシア(10/30) 住友電工(10/30)
3,キオクシア＋住友電工＋NVIDIA,285A.T+5802.T+NVDA,日本＋海外,C 半導体＋半導体以外,57.4,0.33,0.78,1.73,-245,325,-430,754,-297,500,2,2,キオクシア(10/30) 住友電工(10/30)
3,キオクシア＋住友電工＋Sandisk,285A.T+5802.T+SNDK,日本＋海外,C 半導体＋半導体以外,80.5,0.46,0.82,2.12,-326,484,-546,1201,-389,941,3,3,キオクシア(10/30) 住友電工(10/30) Sandisk(10/30)
3,キオクシア＋住友電工＋Vertiv,285A.T+5802.T+VRT,日本＋海外,C 半導体＋半導体以外,65.4,0.43,0.79,1.94,-274,378,-473,898,-381,634,2,3,キオクシア(10/30) 住友電工(10/30) Vertiv(10/21〜28頃)
3,キオクシア＋フジクラ＋SK hynix,285A.T+5803.T+000660.KS,日本＋海外,C 半導体＋半導体以外,75.9,0.4,0.78,2.16,-311,451,-525,1104,-283,692,1,2,キオクシア(10/30) SK hynix(10/27頃)
3,キオクシア＋フジクラ＋TSMC,285A.T+5803.T+2330.TW,日本＋海外,C 半導体＋半導体以外,59.6,0.39,0.78,1.82,-253,339,-442,794,-195,563,1,1,キオクシア(10/30)
3,キオクシア＋フジクラ＋古河電工,285A.T+5803.T+5801.T,日本のみ,C 半導体＋半導体以外,74.5,0.4,0.77,2.2,-306,440,-518,1074,-264,881,1,1,キオクシア(10/30)
3,キオクシア＋フジクラ＋住友電工,285A.T+5803.T+5802.T,日本のみ,C 半導体＋半導体以外,69.7,0.42,0.78,2.16,-289,407,-495,979,-307,644,2,2,キオクシア(10/30) 住友電工(10/30)
3,キオクシア＋フジクラ＋日立,285A.T+5803.T+6501.T,日本のみ,C 半導体＋半導体以外,59.0,0.28,0.74,1.79,-251,335,-439,782,-149,496,2,2,キオクシア(10/30) 日立(10/28)
3,キオクシア＋フジクラ＋ソフトバンクG,285A.T+5803.T+9984.T,日本のみ,C 半導体＋半導体以外,70.0,0.31,0.74,2.08,-290,409,-497,986,-206,497,1,1,キオクシア(10/30)
3,キオクシア＋フジクラ＋AMD,285A.T+5803.T+AMD,日本＋海外,C 半導体＋半導体以外,65.2,0.27,0.72,2.05,-273,376,-472,894,-204,575,1,1,キオクシア(10/30)
3,キオクシア＋フジクラ＋ASML（米ADR）,285A.T+5803.T+ASML,日本＋海外,C 半導体＋半導体以外,61.2,0.32,0.75,1.78,-259,350,-451,822,-232,559,1,1,キオクシア(10/30)
3,キオクシア＋フジクラ＋Broadcom,285A.T+5803.T+AVGO,日本＋海外,C 半導体＋半導体以外,59.1,0.25,0.73,1.79,-251,336,-439,784,-230,488,1,1,キオクシア(10/30)
3,キオクシア＋フジクラ＋Lumentum,285A.T+5803.T+LITE,日本＋海外,C 半導体＋半導体以外,65.2,0.17,0.67,1.52,-274,377,-472,895,-171,824,1,1,キオクシア(10/30)
3,キオクシア＋フジクラ＋Micron,285A.T+5803.T+MU,日本＋海外,C 半導体＋半導体以外,70.6,0.36,0.76,2.01,-292,413,-499,997,-245,646,1,1,キオクシア(10/30)
3,キオクシア＋フジクラ＋NVIDIA,285A.T+5803.T+NVDA,日本＋海外,C 半導体＋半導体以外,58.1,0.27,0.74,1.68,-248,330,-434,768,-180,509,1,1,キオクシア(10/30)
3,キオクシア＋フジクラ＋Sandisk,285A.T+5803.T+SNDK,日本＋海外,C 半導体＋半導体以外,80.1,0.37,0.77,2.07,-325,481,-544,1192,-273,936,2,2,キオクシア(10/30) Sandisk(10/30)
3,キオクシア＋フジクラ＋Vertiv,285A.T+5803.T+VRT,日本＋海外,C 半導体＋半導体以外,66.3,0.36,0.76,1.9,-277,384,-478,914,-270,653,1,2,キオクシア(10/30) Vertiv(10/21〜28頃)
3,キオクシア＋ディスコ＋SK hynix,285A.T+6146.T+000660.KS,日本＋海外,B 半導体内で別サブテーマ,74.3,0.47,0.82,1.97,-305,439,-517,1072,-392,604,1,2,キオクシア(10/30) SK hynix(10/27頃)
3,キオクシア＋ディスコ＋TSMC,285A.T+6146.T+2330.TW,日本＋海外,B 半導体内で別サブテーマ,58.4,0.48,0.83,1.63,-249,331,-436,772,-309,466,1,1,キオクシア(10/30)
3,キオクシア＋ディスコ＋イビデン,285A.T+6146.T+4062.T,日本のみ,B 半導体内で別サブテーマ,73.5,0.44,0.81,2.33,-302,433,-513,1055,-365,567,2,2,キオクシア(10/30) イビデン(10/29)
3,キオクシア＋ディスコ＋信越化学,285A.T+6146.T+4063.T,日本のみ,B 半導体内で別サブテーマ,57.6,0.38,0.79,1.53,-246,326,-431,759,-368,445,2,2,キオクシア(10/30) 信越化学(10/27)
3,キオクシア＋ディスコ＋古河電工,285A.T+6146.T+5801.T,日本のみ,C 半導体＋半導体以外,70.1,0.39,0.78,2.02,-291,410,-497,987,-381,687,1,1,キオクシア(10/30)
3,キオクシア＋ディスコ＋住友電工,285A.T+6146.T+5802.T,日本のみ,C 半導体＋半導体以外,66.0,0.43,0.8,1.98,-276,382,-476,910,-425,521,2,2,キオクシア(10/30) 住友電工(10/30)
3,キオクシア＋ディスコ＋フジクラ,285A.T+6146.T+5803.T,日本のみ,C 半導体＋半導体以外,66.3,0.34,0.76,1.93,-277,384,-478,915,-311,521,1,1,キオクシア(10/30)
3,キオクシア＋ディスコ＋日立,285A.T+6146.T+6501.T,日本のみ,C 半導体＋半導体以外,56.9,0.31,0.78,1.61,-243,321,-427,746,-266,443,2,2,キオクシア(10/30) 日立(10/28)
3,キオクシア＋ディスコ＋レーザーテック,285A.T+6146.T+6920.T,日本のみ,B 半導体内で別サブテーマ,68.6,0.46,0.81,1.89,-285,400,-489,959,-421,501,1,1,キオクシア(10/30)
3,キオクシア＋ディスコ＋ソフトバンクG,285A.T+6146.T+9984.T,日本のみ,C 半導体＋半導体以外,68.8,0.38,0.78,1.89,-286,401,-490,962,-324,407,1,1,キオクシア(10/30)
3,キオクシア＋ディスコ＋AMD,285A.T+6146.T+AMD,日本＋海外,B 半導体内で別サブテーマ,63.6,0.34,0.76,1.87,-268,366,-464,865,-322,491,1,1,キオクシア(10/30)
3,キオクシア＋ディスコ＋ASML（米ADR）,285A.T+6146.T+ASML,日本＋海外,B 半導体内で別サブテーマ,61.1,0.46,0.82,1.59,-259,349,-451,820,-348,488,1,1,キオクシア(10/30)
3,キオクシア＋ディスコ＋Broadcom,285A.T+6146.T+AVGO,日本＋海外,B 半導体内で別サブテーマ,55.6,0.21,0.74,1.6,-238,313,-420,723,-348,427,1,1,キオクシア(10/30)
3,キオクシア＋ディスコ＋Lumentum,285A.T+6146.T+LITE,日本＋海外,C 半導体＋半導体以外,59.0,0.12,0.64,1.34,-251,335,-439,783,-280,745,1,1,キオクシア(10/30)
3,キオクシア＋ディスコ＋Micron,285A.T+6146.T+MU,日本＋海外,B 半導体内で別サブテーマ,69.2,0.43,0.8,1.82,-288,404,-492,970,-354,612,1,1,キオクシア(10/30)
3,キオクシア＋ディスコ＋NVIDIA,285A.T+6146.T+NVDA,日本＋海外,B 半導体内で別サブテーマ,55.8,0.28,0.78,1.5,-239,314,-421,728,-298,417,1,1,キオクシア(10/30)
3,キオクシア＋ディスコ＋Sandisk,285A.T+6146.T+SNDK,日本＋海外,B 半導体内で別サブテーマ,80.5,0.49,0.83,1.89,-326,483,-546,1200,-390,874,2,2,キオクシア(10/30) Sandisk(10/30)
3,キオクシア＋ディスコ＋Vertiv,285A.T+6146.T+VRT,日本＋海外,C 半導体＋半導体以外,63.2,0.38,0.78,1.71,-266,363,-462,858,-383,531,1,2,キオクシア(10/30) Vertiv(10/21〜28頃)
3,キオクシア＋日立＋SK hynix,285A.T+6501.T+000660.KS,日本＋海外,C 半導体＋半導体以外,66.1,0.34,0.8,1.84,-277,382,-477,911,-232,570,2,3,キオクシア(10/30) 日立(10/28) SK hynix(10/27頃)
3,キオクシア＋日立＋TSMC,285A.T+6501.T+2330.TW,日本＋海外,C 半導体＋半導体以外,49.6,0.39,0.8,1.5,-216,275,-385,626,-150,416,2,2,キオクシア(10/30) 日立(10/28)
3,キオクシア＋日立＋AMD,285A.T+6501.T+AMD,日本＋海外,C 半導体＋半導体以外,54.9,0.23,0.73,1.73,-236,309,-416,713,-162,390,2,2,キオクシア(10/30) 日立(10/28)
3,キオクシア＋日立＋ASML（米ADR）,285A.T+6501.T+ASML,日本＋海外,C 半導体＋半導体以外,51.3,0.28,0.77,1.46,-222,286,-395,653,-188,406,2,2,キオクシア(10/30) 日立(10/28)
3,キオクシア＋日立＋Broadcom,285A.T+6501.T+AVGO,日本＋海外,C 半導体＋半導体以外,48.7,0.23,0.73,1.47,-212,270,-380,612,-188,369,2,2,キオクシア(10/30) 日立(10/28)
3,キオクシア＋日立＋Lumentum,285A.T+6501.T+LITE,日本＋海外,C 半導体＋半導体以外,53.0,0.08,0.64,1.2,-229,297,-405,681,-121,681,2,2,キオクシア(10/30) 日立(10/28)
3,キオクシア＋日立＋Micron,285A.T+6501.T+MU,日本＋海外,C 半導体＋半導体以外,60.8,0.3,0.78,1.69,-258,347,-449,814,-195,586,2,2,キオクシア(10/30) 日立(10/28)
3,キオクシア＋日立＋NVIDIA,285A.T+6501.T+NVDA,日本＋海外,C 半導体＋半導体以外,48.2,0.28,0.76,1.36,-210,266,-376,603,-138,368,2,2,キオクシア(10/30) 日立(10/28)
3,キオクシア＋日立＋Sandisk,285A.T+6501.T+SNDK,日本＋海外,C 半導体＋半導体以外,71.5,0.32,0.8,1.76,-295,419,-504,1014,-231,852,3,3,キオクシア(10/30) 日立(10/28) Sandisk(10/30)
3,キオクシア＋日立＋Vertiv,285A.T+6501.T+VRT,日本＋海外,C 半導体＋半導体以外,54.6,0.26,0.75,1.58,-235,306,-414,707,-223,497,2,3,キオクシア(10/30) 日立(10/28) Vertiv(10/21〜28頃)
3,キオクシア＋アドバンテスト＋SK hynix,285A.T+6857.T+000660.KS,日本＋海外,B 半導体内で別サブテーマ,77.2,0.5,0.82,2.25,-315,459,-530,1130,-263,628,2,3,キオクシア(10/30) アドバンテスト(10/28) SK hynix(10/27頃)
3,キオクシア＋アドバンテスト＋TSMC,285A.T+6857.T+2330.TW,日本＋海外,B 半導体内で別サブテーマ,60.5,0.49,0.83,1.91,-257,345,-447,809,-180,467,2,2,キオクシア(10/30) アドバンテスト(10/28)
3,キオクシア＋アドバンテスト＋イビデン,285A.T+6857.T+4062.T,日本のみ,B 半導体内で別サブテーマ,78.2,0.53,0.83,2.6,-318,467,-535,1151,-236,584,3,3,キオクシア(10/30) アドバンテスト(10/28) イビデン(10/29)
3,キオクシア＋アドバンテスト＋信越化学,285A.T+6857.T+4063.T,日本のみ,B 半導体内で別サブテーマ,57.1,0.23,0.75,1.81,-244,323,-429,750,-239,478,3,3,キオクシア(10/30) アドバンテスト(10/28) 信越化学(10/27)
3,キオクシア＋アドバンテスト＋古河電工,285A.T+6857.T+5801.T,日本のみ,C 半導体＋半導体以外,72.8,0.41,0.78,2.29,-300,429,-510,1042,-252,751,2,2,キオクシア(10/30) アドバンテスト(10/28)
3,キオクシア＋アドバンテスト＋住友電工,285A.T+6857.T+5802.T,日本のみ,C 半導体＋半導体以外,69.3,0.47,0.81,2.25,-288,404,-493,973,-296,543,3,3,キオクシア(10/30) アドバンテスト(10/28) 住友電工(10/30)
3,キオクシア＋アドバンテスト＋フジクラ,285A.T+6857.T+5803.T,日本のみ,C 半導体＋半導体以外,70.7,0.42,0.78,2.2,-293,414,-500,1000,-204,550,2,2,キオクシア(10/30) アドバンテスト(10/28)
3,キオクシア＋アドバンテスト＋ディスコ,285A.T+6857.T+6146.T,日本のみ,B 半導体内で別サブテーマ,68.5,0.48,0.81,2.02,-285,398,-489,956,-297,483,2,2,キオクシア(10/30) アドバンテスト(10/28)
3,キオクシア＋アドバンテスト＋日立,285A.T+6857.T+6501.T,日本のみ,C 半導体＋半導体以外,60.5,0.41,0.8,1.88,-256,345,-447,809,-137,407,3,3,キオクシア(10/30) アドバンテスト(10/28) 日立(10/28)
3,キオクシア＋アドバンテスト＋レーザーテック,285A.T+6857.T+6920.T,日本のみ,B 半導体内で別サブテーマ,72.0,0.51,0.82,2.16,-297,423,-506,1025,-292,505,2,2,キオクシア(10/30) アドバンテスト(10/28)
3,キオクシア＋アドバンテスト＋東京エレクトロン,285A.T+6857.T+8035.T,日本のみ,B 半導体内で別サブテーマ,67.1,0.51,0.83,2.07,-280,389,-482,929,-273,469,3,3,キオクシア(10/30) アドバンテスト(10/28) 東京エレクトロン(10/30)
3,キオクシア＋アドバンテスト＋ソフトバンクG,285A.T+6857.T+9984.T,日本のみ,C 半導体＋半導体以外,71.7,0.41,0.78,2.17,-296,421,-505,1019,-194,441,2,2,キオクシア(10/30) アドバンテスト(10/28)
3,キオクシア＋アドバンテスト＋AMD,285A.T+6857.T+AMD,日本＋海外,B 半導体内で別サブテーマ,65.9,0.35,0.76,2.14,-276,381,-475,906,-193,472,2,2,キオクシア(10/30) アドバンテスト(10/28)
3,キオクシア＋アドバンテスト＋ASML（米ADR）,285A.T+6857.T+ASML,日本＋海外,B 半導体内で別サブテーマ,61.7,0.39,0.79,1.87,-261,353,-454,831,-219,484,2,2,キオクシア(10/30) アドバンテスト(10/28)
3,キオクシア＋アドバンテスト＋Broadcom,285A.T+6857.T+AVGO,日本＋海外,B 半導体内で別サブテーマ,59.3,0.3,0.76,1.87,-252,337,-441,788,-219,415,2,2,キオクシア(10/30) アドバンテスト(10/28)
3,キオクシア＋アドバンテスト＋Lumentum,285A.T+6857.T+LITE,日本＋海外,C 半導体＋半導体以外,60.9,0.12,0.64,1.61,-258,348,-450,817,-151,734,2,2,キオクシア(10/30) アドバンテスト(10/28)
3,キオクシア＋アドバンテスト＋Micron,285A.T+6857.T+MU,日本＋海外,B 半導体内で別サブテーマ,70.2,0.4,0.79,2.09,-291,411,-498,990,-225,637,2,2,キオクシア(10/30) アドバンテスト(10/28)
3,キオクシア＋アドバンテスト＋NVIDIA,285A.T+6857.T+NVDA,日本＋海外,B 半導体内で別サブテーマ,58.3,0.32,0.78,1.77,-249,331,-435,771,-169,419,2,2,キオクシア(10/30) アドバンテスト(10/28)
3,キオクシア＋アドバンテスト＋Sandisk,285A.T+6857.T+SNDK,日本＋海外,B 半導体内で別サブテーマ,80.0,0.42,0.8,2.16,-324,480,-543,1189,-261,896,3,3,キオクシア(10/30) アドバンテスト(10/28) Sandisk(10/30)
3,キオクシア＋アドバンテスト＋Vertiv,285A.T+6857.T+VRT,日本＋海外,C 半導体＋半導体以外,64.9,0.37,0.77,1.99,-273,375,-471,890,-254,563,2,3,キオクシア(10/30) アドバンテスト(10/28) Vertiv(10/21〜28頃)
3,キオクシア＋レーザーテック＋SK hynix,285A.T+6920.T+000660.KS,日本＋海外,B 半導体内で別サブテーマ,77.4,0.49,0.82,2.12,-316,461,-532,1135,-387,636,1,2,キオクシア(10/30) SK hynix(10/27頃)
3,キオクシア＋レーザーテック＋TSMC,285A.T+6920.T+2330.TW,日本＋海外,B 半導体内で別サブテーマ,61.3,0.48,0.83,1.78,-260,351,-452,824,-304,528,1,1,キオクシア(10/30)
3,キオクシア＋レーザーテック＋イビデン,285A.T+6920.T+4062.T,日本のみ,B 半導体内で別サブテーマ,79.6,0.56,0.84,2.47,-323,477,-542,1182,-360,606,2,2,キオクシア(10/30) イビデン(10/29)
3,キオクシア＋レーザーテック＋信越化学,285A.T+6920.T+4063.T,日本のみ,B 半導体内で別サブテーマ,59.8,0.34,0.79,1.68,-254,341,-444,797,-363,509,2,2,キオクシア(10/30) 信越化学(10/27)
3,キオクシア＋レーザーテック＋古河電工,285A.T+6920.T+5801.T,日本のみ,C 半導体＋半導体以外,73.6,0.43,0.79,2.16,-303,434,-514,1057,-376,715,1,1,キオクシア(10/30)
3,キオクシア＋レーザーテック＋住友電工,285A.T+6920.T+5802.T,日本のみ,C 半導体＋半導体以外,71.2,0.53,0.83,2.12,-294,417,-502,1009,-420,576,2,2,キオクシア(10/30) 住友電工(10/30)
3,キオクシア＋レーザーテック＋フジクラ,285A.T+6920.T+5803.T,日本のみ,C 半導体＋半導体以外,70.9,0.41,0.78,2.07,-293,415,-501,1002,-303,569,1,1,キオクシア(10/30)
3,キオクシア＋レーザーテック＋日立,285A.T+6920.T+6501.T,日本のみ,C 半導体＋半導体以外,60.6,0.37,0.8,1.75,-257,346,-448,811,-261,451,2,2,キオクシア(10/30) 日立(10/28)
3,キオクシア＋レーザーテック＋ソフトバンクG,285A.T+6920.T+9984.T,日本のみ,C 半導体＋半導体以外,72.3,0.42,0.79,2.03,-298,425,-508,1032,-318,420,1,1,キオクシア(10/30)
3,キオクシア＋レーザーテック＋AMD,285A.T+6920.T+AMD,日本＋海外,B 半導体内で別サブテーマ,67.1,0.37,0.77,2.01,-280,389,-482,931,-317,463,1,1,キオクシア(10/30)
3,キオクシア＋レーザーテック＋ASML（米ADR）,285A.T+6920.T+ASML,日本＋海外,B 半導体内で別サブテーマ,63.9,0.46,0.82,1.74,-269,368,-465,871,-343,509,1,1,キオクシア(10/30)
3,キオクシア＋レーザーテック＋Broadcom,285A.T+6920.T+AVGO,日本＋海外,B 半導体内で別サブテーマ,60.6,0.33,0.77,1.74,-257,346,-448,810,-343,467,1,1,キオクシア(10/30)
3,キオクシア＋レーザーテック＋Lumentum,285A.T+6920.T+LITE,日本＋海外,C 半導体＋半導体以外,62.0,0.14,0.65,1.48,-262,355,-455,836,-275,761,1,1,キオクシア(10/30)
3,キオクシア＋レーザーテック＋Micron,285A.T+6920.T+MU,日本＋海外,B 半導体内で別サブテーマ,72.2,0.45,0.81,1.96,-298,424,-507,1028,-349,680,1,1,キオクシア(10/30)
3,キオクシア＋レーザーテック＋NVIDIA,285A.T+6920.T+NVDA,日本＋海外,B 半導体内で別サブテーマ,59.8,0.35,0.79,1.64,-254,340,-443,797,-293,469,1,1,キオクシア(10/30)
3,キオクシア＋レーザーテック＋Sandisk,285A.T+6920.T+SNDK,日本＋海外,B 半導体内で別サブテーマ,82.0,0.47,0.81,2.03,-331,494,-552,1233,-385,918,2,2,キオクシア(10/30) Sandisk(10/30)
3,キオクシア＋レーザーテック＋Vertiv,285A.T+6920.T+VRT,日本＋海外,C 半導体＋半導体以外,66.8,0.41,0.79,1.86,-279,387,-480,923,-378,558,1,2,キオクシア(10/30) Vertiv(10/21〜28頃)
3,キオクシア＋東京エレクトロン＋SK hynix,285A.T+8035.T+000660.KS,日本＋海外,B 半導体内で別サブテーマ,74.0,0.54,0.84,2.03,-304,437,-516,1065,-368,620,2,3,キオクシア(10/30) 東京エレクトロン(10/30) SK hynix(10/27頃)
3,キオクシア＋東京エレクトロン＋TSMC,285A.T+8035.T+2330.TW,日本＋海外,B 半導体内で別サブテーマ,57.0,0.52,0.85,1.69,-244,322,-428,748,-286,472,2,2,キオクシア(10/30) 東京エレクトロン(10/30)
3,キオクシア＋東京エレクトロン＋イビデン,285A.T+8035.T+4062.T,日本のみ,B 半導体内で別サブテーマ,74.0,0.54,0.84,2.39,-304,437,-516,1065,-341,534,3,3,キオクシア(10/30) 東京エレクトロン(10/30) イビデン(10/29)
3,キオクシア＋東京エレクトロン＋信越化学,285A.T+8035.T+4063.T,日本のみ,B 半導体内で別サブテーマ,55.4,0.37,0.8,1.59,-238,312,-419,722,-345,485,3,3,キオクシア(10/30) 東京エレクトロン(10/30) 信越化学(10/27)
3,キオクシア＋東京エレクトロン＋古河電工,285A.T+8035.T+5801.T,日本のみ,C 半導体＋半導体以外,68.1,0.39,0.79,2.07,-284,396,-487,949,-358,761,2,2,キオクシア(10/30) 東京エレクトロン(10/30)
3,キオクシア＋東京エレクトロン＋住友電工,285A.T+8035.T+5802.T,日本のみ,C 半導体＋半導体以外,65.6,0.5,0.82,2.03,-275,379,-474,901,-401,546,3,3,キオクシア(10/30) 東京エレクトロン(10/30) 住友電工(10/30)
3,キオクシア＋東京エレクトロン＋フジクラ,285A.T+8035.T+5803.T,日本のみ,C 半導体＋半導体以外,65.6,0.4,0.78,1.98,-275,379,-474,903,-291,579,2,2,キオクシア(10/30) 東京エレクトロン(10/30)
3,キオクシア＋東京エレクトロン＋ディスコ,285A.T+8035.T+6146.T,日本のみ,B 半導体内で別サブテーマ,66.0,0.57,0.84,1.8,-276,382,-476,910,-402,479,2,2,キオクシア(10/30) 東京エレクトロン(10/30)
3,キオクシア＋東京エレクトロン＋日立,285A.T+8035.T+6501.T,日本のみ,C 半導体＋半導体以外,55.4,0.34,0.79,1.67,-238,312,-419,720,-243,427,3,3,キオクシア(10/30) 東京エレクトロン(10/30) 日立(10/28)
3,キオクシア＋東京エレクトロン＋レーザーテック,285A.T+8035.T+6920.T,日本のみ,B 半導体内で別サブテーマ,68.7,0.56,0.84,1.94,-286,400,-490,960,-397,526,2,2,キオクシア(10/30) 東京エレクトロン(10/30)
3,キオクシア＋東京エレクトロン＋ソフトバンクG,285A.T+8035.T+9984.T,日本のみ,C 半導体＋半導体以外,67.6,0.42,0.79,1.95,-282,393,-484,939,-300,408,2,2,キオクシア(10/30) 東京エレクトロン(10/30)
3,キオクシア＋東京エレクトロン＋AMD,285A.T+8035.T+AMD,日本＋海外,B 半導体内で別サブテーマ,62.8,0.39,0.78,1.92,-265,360,-459,850,-299,479,2,2,キオクシア(10/30) 東京エレクトロン(10/30)
3,キオクシア＋東京エレクトロン＋ASML（米ADR）,285A.T+8035.T+ASML,日本＋海外,B 半導体内で別サブテーマ,60.3,0.54,0.84,1.65,-256,344,-446,805,-324,484,2,2,キオクシア(10/30) 東京エレクトロン(10/30)
3,キオクシア＋東京エレクトロン＋Broadcom,285A.T+8035.T+AVGO,日本＋海外,B 半導体内で別サブテーマ,55.8,0.33,0.78,1.66,-239,315,-421,728,-324,443,2,2,キオクシア(10/30) 東京エレクトロン(10/30)
3,キオクシア＋東京エレクトロン＋Lumentum,285A.T+8035.T+LITE,日本＋海外,C 半導体＋半導体以外,59.4,0.18,0.67,1.39,-252,338,-441,789,-257,739,2,2,キオクシア(10/30) 東京エレクトロン(10/30)
3,キオクシア＋東京エレクトロン＋Micron,285A.T+8035.T+MU,日本＋海外,B 半導体内で別サブテーマ,68.8,0.5,0.83,1.88,-286,401,-491,963,-331,657,2,2,キオクシア(10/30) 東京エレクトロン(10/30)
3,キオクシア＋東京エレクトロン＋NVIDIA,285A.T+8035.T+NVDA,日本＋海外,B 半導体内で別サブテーマ,55.3,0.37,0.8,1.55,-237,311,-418,719,-274,452,2,2,キオクシア(10/30) 東京エレクトロン(10/30)
3,キオクシア＋東京エレクトロン＋Sandisk,285A.T+8035.T+SNDK,日本＋海外,B 半導体内で別サブテーマ,79.7,0.54,0.85,1.95,-323,478,-542,1184,-367,918,3,3,キオクシア(10/30) 東京エレクトロン(10/30) Sandisk(10/30)
3,キオクシア＋東京エレクトロン＋Vertiv,285A.T+8035.T+VRT,日本＋海外,C 半導体＋半導体以外,62.7,0.45,0.81,1.77,-265,360,-459,849,-359,561,2,3,キオクシア(10/30) 東京エレクトロン(10/30) Vertiv(10/21〜28頃)
3,キオクシア＋ソフトバンクG＋SK hynix,285A.T+9984.T+000660.KS,日本＋海外,C 半導体＋半導体以外,78.8,0.46,0.8,2.12,-320,471,-538,1165,-289,547,1,2,キオクシア(10/30) SK hynix(10/27頃)
3,キオクシア＋ソフトバンクG＋TSMC,285A.T+9984.T+2330.TW,日本＋海外,C 半導体＋半導体以外,62.5,0.45,0.81,1.78,-264,358,-458,845,-226,432,1,1,キオクシア(10/30)
3,キオクシア＋ソフトバンクG＋日立,285A.T+9984.T+6501.T,日本のみ,C 半導体＋半導体以外,62.0,0.34,0.77,1.76,-262,355,-455,835,-215,360,2,2,キオクシア(10/30) 日立(10/28)
3,キオクシア＋ソフトバンクG＋AMD,285A.T+9984.T+AMD,日本＋海外,C 半導体＋半導体以外,70.5,0.4,0.77,2.02,-292,412,-499,995,-233,374,1,1,キオクシア(10/30)
3,キオクシア＋ソフトバンクG＋ASML（米ADR）,285A.T+9984.T+ASML,日本＋海外,C 半導体＋半導体以外,63.3,0.34,0.77,1.74,-267,364,-462,860,-245,395,1,1,キオクシア(10/30)
3,キオクシア＋ソフトバンクG＋Broadcom,285A.T+9984.T+AVGO,日本＋海外,C 半導体＋半導体以外,61.7,0.28,0.75,1.75,-261,353,-454,830,-247,353,1,1,キオクシア(10/30)
3,キオクシア＋ソフトバンクG＋Lumentum,285A.T+9984.T+LITE,日本＋海外,C 半導体＋半導体以外,61.1,0.06,0.62,1.48,-259,349,-451,820,-220,710,1,1,キオクシア(10/30)
3,キオクシア＋ソフトバンクG＋Micron,285A.T+9984.T+MU,日本＋海外,C 半導体＋半導体以外,72.7,0.39,0.78,1.97,-299,427,-509,1038,-252,546,1,1,キオクシア(10/30)
3,キオクシア＋ソフトバンクG＋NVIDIA,285A.T+9984.T+NVDA,日本＋海外,C 半導体＋半導体以外,61.3,0.33,0.77,1.64,-259,350,-451,822,-212,363,1,1,キオクシア(10/30)
3,キオクシア＋ソフトバンクG＋Sandisk,285A.T+9984.T+SNDK,日本＋海外,C 半導体＋半導体以外,80.9,0.38,0.77,2.04,-327,486,-547,1209,-288,830,2,2,キオクシア(10/30) Sandisk(10/30)
3,キオクシア＋ソフトバンクG＋Vertiv,285A.T+9984.T+VRT,日本＋海外,C 半導体＋半導体以外,67.4,0.36,0.77,1.86,-281,391,-483,936,-280,504,1,2,キオクシア(10/30) Vertiv(10/21〜28頃)
3,キオクシア＋AMD＋SK hynix,285A.T+AMD+000660.KS,日本＋海外,B 半導体内で別サブテーマ,74.0,0.42,0.79,2.1,-304,437,-516,1065,-288,625,1,2,キオクシア(10/30) SK hynix(10/27頃)
3,キオクシア＋AMD＋TSMC,285A.T+AMD+2330.TW,日本＋海外,B 半導体内で別サブテーマ,56.6,0.39,0.78,1.76,-242,320,-426,741,-206,476,1,1,キオクシア(10/30)
3,キオクシア＋AMD＋ASML（米ADR）,285A.T+AMD+ASML,日本＋海外,B 半導体内で別サブテーマ,58.6,0.33,0.76,1.72,-250,333,-437,776,-244,492,1,1,キオクシア(10/30)
3,キオクシア＋AMD＋Lumentum,285A.T+AMD+LITE,日本＋海外,C 半導体＋半導体以外,56.0,0.01,0.59,1.46,-240,316,-422,731,-177,801,1,1,キオクシア(10/30)
3,キオクシア＋AMD＋Micron,285A.T+AMD+MU,日本＋海外,B 半導体内で別サブテーマ,70.3,0.44,0.79,1.94,-291,411,-498,991,-250,613,1,1,キオクシア(10/30)
3,キオクシア＋AMD＋Sandisk,285A.T+AMD+SNDK,日本＋海外,B 半導体内で別サブテーマ,79.1,0.4,0.79,2.01,-321,473,-539,1171,-286,904,2,2,キオクシア(10/30) Sandisk(10/30)
3,キオクシア＋AMD＋Vertiv,285A.T+AMD+VRT,日本＋海外,C 半導体＋半導体以外,62.6,0.33,0.75,1.84,-264,359,-458,847,-279,564,1,2,キオクシア(10/30) Vertiv(10/21〜28頃)
3,キオクシア＋ASML（米ADR）＋Lumentum,285A.T+ASML+LITE,日本＋海外,C 半導体＋半導体以外,57.5,0.21,0.68,1.19,-246,325,-431,757,-202,758,1,1,キオクシア(10/30)
3,キオクシア＋ASML（米ADR）＋Vertiv,285A.T+ASML+VRT,日本＋海外,C 半導体＋半導体以外,58.7,0.4,0.79,1.56,-250,333,-438,778,-304,533,1,2,キオクシア(10/30) Vertiv(10/21〜28頃)
3,キオクシア＋Broadcom＋SK hynix,285A.T+AVGO+000660.KS,日本＋海外,B 半導体内で別サブテーマ,66.5,0.32,0.79,1.83,-278,385,-479,919,-314,574,1,2,キオクシア(10/30) SK hynix(10/27頃)
3,キオクシア＋Broadcom＋TSMC,285A.T+AVGO+2330.TW,日本＋海外,B 半導体内で別サブテーマ,49.4,0.33,0.78,1.49,-215,274,-384,623,-231,430,1,1,キオクシア(10/30)
3,キオクシア＋Broadcom＋AMD,285A.T+AVGO+AMD,日本＋海外,B 半導体内で別サブテーマ,56.0,0.25,0.72,1.72,-240,316,-422,731,-244,388,1,1,キオクシア(10/30)
3,キオクシア＋Broadcom＋ASML（米ADR）,285A.T+AVGO+ASML,日本＋海外,B 半導体内で別サブテーマ,52.2,0.31,0.76,1.45,-225,291,-400,667,-270,438,1,1,キオクシア(10/30)
3,キオクシア＋Broadcom＋Lumentum,285A.T+AVGO+LITE,日本＋海外,C 半導体＋半導体以外,55.0,0.12,0.65,1.19,-236,309,-416,714,-202,732,1,1,キオクシア(10/30)
3,キオクシア＋Broadcom＋Micron,285A.T+AVGO+MU,日本＋海外,B 半導体内で別サブテーマ,62.1,0.34,0.78,1.68,-262,356,-456,838,-276,583,1,1,キオクシア(10/30)
3,キオクシア＋Broadcom＋Sandisk,285A.T+AVGO+SNDK,日本＋海外,B 半導体内で別サブテーマ,72.1,0.32,0.79,1.75,-298,424,-507,1027,-312,882,2,2,キオクシア(10/30) Sandisk(10/30)
3,キオクシア＋Broadcom＋Vertiv,285A.T+AVGO+VRT,日本＋海外,C 半導体＋半導体以外,56.3,0.32,0.76,1.57,-241,318,-424,737,-305,489,1,2,キオクシア(10/30) Vertiv(10/21〜28頃)
3,キオクシア＋Lumentum＋Vertiv,285A.T+LITE+VRT,日本＋海外,C 半導体＋半導体以外,62.1,0.22,0.68,1.31,-262,356,-456,838,-237,801,1,2,キオクシア(10/30) Vertiv(10/21〜28頃)
3,キオクシア＋Micron＋SK hynix,285A.T+MU+000660.KS,日本＋海外,A 同一サブテーマ,81.6,0.59,0.85,2.05,-330,492,-551,1225,-320,774,1,2,キオクシア(10/30) SK hynix(10/27頃)
3,キオクシア＋Micron＋ASML（米ADR）,285A.T+MU+ASML,日本＋海外,B 半導体内で別サブテーマ,66.1,0.5,0.83,1.67,-276,382,-477,910,-276,650,1,1,キオクシア(10/30)
3,キオクシア＋Micron＋Lumentum,285A.T+MU+LITE,日本＋海外,C 半導体＋半導体以外,64.5,0.17,0.67,1.41,-271,372,-468,881,-209,921,1,1,キオクシア(10/30)
3,キオクシア＋Micron＋Sandisk,285A.T+MU+SNDK,日本＋海外,A 同一サブテーマ,89.1,0.64,0.87,1.97,-354,547,-582,1394,-319,1055,2,2,キオクシア(10/30) Sandisk(10/30)
3,キオクシア＋Micron＋Vertiv,285A.T+MU+VRT,日本＋海外,C 半導体＋半導体以外,68.4,0.43,0.8,1.79,-285,398,-488,954,-311,669,1,2,キオクシア(10/30) Vertiv(10/21〜28頃)
3,キオクシア＋NVIDIA＋SK hynix,285A.T+NVDA+000660.KS,日本＋海外,B 半導体内で別サブテーマ,65.0,0.3,0.8,1.73,-273,375,-471,890,-264,559,1,2,キオクシア(10/30) SK hynix(10/27頃)
3,キオクシア＋NVIDIA＋TSMC,285A.T+NVDA+2330.TW,日本＋海外,B 半導体内で別サブテーマ,48.3,0.31,0.79,1.39,-211,267,-377,605,-181,429,1,1,キオクシア(10/30)
3,キオクシア＋NVIDIA＋AMD,285A.T+NVDA+AMD,日本＋海外,B 半導体内で別サブテーマ,55.5,0.29,0.74,1.62,-238,312,-419,722,-194,401,1,1,キオクシア(10/30)
3,キオクシア＋NVIDIA＋ASML（米ADR）,285A.T+NVDA+ASML,日本＋海外,B 半導体内で別サブテーマ,51.4,0.34,0.79,1.35,-223,286,-396,655,-220,439,1,1,キオクシア(10/30)
3,キオクシア＋NVIDIA＋Broadcom,285A.T+NVDA+AVGO,日本＋海外,B 半導体内で別サブテーマ,49.0,0.3,0.75,1.35,-213,271,-381,615,-220,372,1,1,キオクシア(10/30)
3,キオクシア＋NVIDIA＋Lumentum,285A.T+NVDA+LITE,日本＋海外,C 半導体＋半導体以外,53.3,0.12,0.65,1.09,-230,299,-407,686,-152,739,1,1,キオクシア(10/30)
3,キオクシア＋NVIDIA＋Micron,285A.T+NVDA+MU,日本＋海外,B 半導体内で別サブテーマ,61.4,0.37,0.8,1.57,-260,351,-452,825,-226,590,1,1,キオクシア(10/30)
3,キオクシア＋NVIDIA＋Sandisk,285A.T+NVDA+SNDK,日本＋海外,B 半導体内で別サブテーマ,71.9,0.36,0.82,1.64,-297,422,-506,1023,-262,880,2,2,キオクシア(10/30) Sandisk(10/30)
3,キオクシア＋NVIDIA＋Vertiv,285A.T+NVDA+VRT,日本＋海外,C 半導体＋半導体以外,56.0,0.39,0.78,1.47,-240,316,-422,731,-254,522,1,2,キオクシア(10/30) Vertiv(10/21〜28頃)
3,キオクシア＋Sandisk＋ASML（米ADR）,285A.T+SNDK+ASML,日本＋海外,B 半導体内で別サブテーマ,77.3,0.54,0.85,1.74,-315,461,-531,1133,-312,904,2,2,キオクシア(10/30) Sandisk(10/30)
3,キオクシア＋Sandisk＋Lumentum,285A.T+SNDK+LITE,日本＋海外,C 半導体＋半導体以外,77.5,0.26,0.72,1.48,-316,462,-532,1137,-245,1148,2,2,キオクシア(10/30) Sandisk(10/30)
3,キオクシア＋Sandisk＋Vertiv,285A.T+SNDK+VRT,日本＋海外,C 半導体＋半導体以外,79.2,0.46,0.82,1.86,-322,474,-540,1173,-347,928,2,3,キオクシア(10/30) Sandisk(10/30) Vertiv(10/21〜28頃)
3,イビデン＋SK hynix＋ASML（米ADR）,4062.T+000660.KS+ASML,日本＋海外,B 半導体内で別サブテーマ,63.8,0.43,0.81,1.91,-268,367,-465,868,-214,425,1,2,イビデン(10/29) SK hynix(10/27頃)
3,イビデン＋SK hynix＋Lumentum,4062.T+000660.KS+LITE,日本＋海外,C 半導体＋半導体以外,61.1,0.11,0.64,1.65,-259,349,-451,820,-146,703,1,2,イビデン(10/29) SK hynix(10/27頃)
3,イビデン＋SK hynix＋Sandisk,4062.T+000660.KS+SNDK,日本＋海外,B 半導体内で別サブテーマ,80.9,0.46,0.8,2.21,-327,486,-547,1209,-256,818,2,3,イビデン(10/29) Sandisk(10/30) SK hynix(10/27頃)
3,イビデン＋SK hynix＋Vertiv,4062.T+000660.KS+VRT,日本＋海外,C 半導体＋半導体以外,67.0,0.4,0.79,2.03,-280,388,-481,927,-249,461,1,3,イビデン(10/29) SK hynix(10/27頃) Vertiv(10/21〜28頃)
3,イビデン＋TSMC＋SK hynix,4062.T+2330.TW+000660.KS,日本＋海外,B 半導体内で別サブテーマ,63.7,0.59,0.86,1.95,-268,367,-465,868,-176,385,1,2,イビデン(10/29) SK hynix(10/27頃)
3,イビデン＋TSMC＋ASML（米ADR）,4062.T+2330.TW+ASML,日本＋海外,B 半導体内で別サブテーマ,48.0,0.46,0.82,1.57,-210,265,-375,601,-132,300,1,1,イビデン(10/29)
3,イビデン＋TSMC＋Lumentum,4062.T+2330.TW+LITE,日本＋海外,C 半導体＋半導体以外,48.8,0.14,0.65,1.32,-213,270,-380,613,-64,536,1,1,イビデン(10/29)
3,イビデン＋TSMC＋Micron,4062.T+2330.TW+MU,日本＋海外,B 半導体内で別サブテーマ,57.9,0.5,0.83,1.8,-247,328,-433,764,-138,413,1,1,イビデン(10/29)
3,イビデン＋TSMC＋Sandisk,4062.T+2330.TW+SNDK,日本＋海外,B 半導体内で別サブテーマ,62.6,0.38,0.77,1.87,-264,359,-458,846,-174,701,2,2,イビデン(10/29) Sandisk(10/30)
3,イビデン＋TSMC＋Vertiv,4062.T+2330.TW+VRT,日本＋海外,C 半導体＋半導体以外,53.0,0.49,0.82,1.69,-229,296,-405,680,-166,340,1,2,イビデン(10/29) Vertiv(10/21〜28頃)
3,イビデン＋信越化学＋SK hynix,4062.T+4063.T+000660.KS,日本＋海外,B 半導体内で別サブテーマ,60.4,0.32,0.79,1.85,-256,344,-447,807,-234,386,2,3,イビデン(10/29) 信越化学(10/27) SK hynix(10/27頃)
3,イビデン＋信越化学＋TSMC,4062.T+4063.T+2330.TW,日本＋海外,B 半導体内で別サブテーマ,45.0,0.39,0.8,1.51,-198,247,-357,555,-152,261,2,2,イビデン(10/29) 信越化学(10/27)
3,イビデン＋信越化学＋古河電工,4062.T+4063.T+5801.T,日本のみ,C 半導体＋半導体以外,59.0,0.33,0.78,1.9,-251,335,-439,782,-224,290,2,2,イビデン(10/29) 信越化学(10/27)
3,イビデン＋信越化学＋住友電工,4062.T+4063.T+5802.T,日本のみ,C 半導体＋半導体以外,55.2,0.39,0.8,1.85,-237,311,-418,718,-267,338,3,3,イビデン(10/29) 信越化学(10/27) 住友電工(10/30)
3,イビデン＋信越化学＋フジクラ,4062.T+4063.T+5803.T,日本のみ,C 半導体＋半導体以外,55.3,0.27,0.75,1.81,-237,311,-418,720,-174,347,2,2,イビデン(10/29) 信越化学(10/27)
3,イビデン＋信越化学＋日立,4062.T+4063.T+6501.T,日本のみ,C 半導体＋半導体以外,43.6,0.22,0.74,1.49,-193,238,-348,534,-127,220,3,3,イビデン(10/29) 信越化学(10/27) 日立(10/28)
3,イビデン＋信越化学＋ソフトバンクG,4062.T+4063.T+9984.T,日本のみ,C 半導体＋半導体以外,58.6,0.31,0.79,1.77,-249,332,-437,775,-228,170,2,2,イビデン(10/29) 信越化学(10/27)
3,イビデン＋信越化学＋AMD,4062.T+4063.T+AMD,日本＋海外,B 半導体内で別サブテーマ,55.2,0.37,0.79,1.75,-237,310,-418,717,-165,236,2,2,イビデン(10/29) 信越化学(10/27)
3,イビデン＋信越化学＋ASML（米ADR）,4062.T+4063.T+ASML,日本＋海外,B 半導体内で別サブテーマ,46.5,0.32,0.76,1.47,-204,256,-366,576,-191,283,2,2,イビデン(10/29) 信越化学(10/27)
3,イビデン＋信越化学＋Broadcom,4062.T+4063.T+AVGO,日本＋海外,B 半導体内で別サブテーマ,45.8,0.3,0.75,1.48,-201,252,-362,567,-191,206,2,2,イビデン(10/29) 信越化学(10/27)
3,イビデン＋信越化学＋Lumentum,4062.T+4063.T+LITE,日本＋海外,C 半導体＋半導体以外,48.1,0.06,0.62,1.21,-210,266,-376,602,-125,512,2,2,イビデン(10/29) 信越化学(10/27)
3,イビデン＋信越化学＋Micron,4062.T+4063.T+MU,日本＋海外,B 半導体内で別サブテーマ,57.2,0.39,0.79,1.7,-244,323,-429,751,-197,387,2,2,イビデン(10/29) 信越化学(10/27)
3,イビデン＋信越化学＋NVIDIA,4062.T+4063.T+NVDA,日本＋海外,B 半導体内で別サブテーマ,43.8,0.28,0.76,1.37,-193,239,-349,535,-141,218,2,2,イビデン(10/29) 信越化学(10/27)
3,イビデン＋信越化学＋Sandisk,4062.T+4063.T+SNDK,日本＋海外,B 半導体内で別サブテーマ,62.3,0.28,0.75,1.77,-263,357,-457,841,-233,719,3,3,イビデン(10/29) 信越化学(10/27) Sandisk(10/30)
3,イビデン＋信越化学＋Vertiv,4062.T+4063.T+VRT,日本＋海外,C 半導体＋半導体以外,52.1,0.38,0.78,1.59,-225,291,-400,666,-225,344,2,3,イビデン(10/29) 信越化学(10/27) Vertiv(10/21〜28頃)
3,イビデン＋古河電工＋SK hynix,4062.T+5801.T+000660.KS,日本＋海外,C 半導体＋半導体以外,74.2,0.43,0.79,2.33,-305,438,-516,1068,-247,561,1,2,イビデン(10/29) SK hynix(10/27頃)
3,イビデン＋古河電工＋TSMC,4062.T+5801.T+2330.TW,日本＋海外,C 半導体＋半導体以外,60.6,0.5,0.83,2.0,-257,346,-448,811,-165,344,1,1,イビデン(10/29)
3,イビデン＋古河電工＋住友電工,4062.T+5801.T+5802.T,日本のみ,C 半導体＋半導体以外,71.8,0.56,0.84,2.34,-297,422,-505,1021,-280,393,2,2,イビデン(10/29) 住友電工(10/30)
3,イビデン＋古河電工＋日立,4062.T+5801.T+6501.T,日本のみ,C 半導体＋半導体以外,59.2,0.34,0.78,1.97,-252,337,-440,787,-142,295,2,2,イビデン(10/29) 日立(10/28)
3,イビデン＋古河電工＋ソフトバンクG,4062.T+5801.T+9984.T,日本のみ,C 半導体＋半導体以外,72.6,0.44,0.79,2.25,-299,427,-509,1036,-244,478,1,1,イビデン(10/29)
3,イビデン＋古河電工＋AMD,4062.T+5801.T+AMD,日本＋海外,C 半導体＋半導体以外,66.5,0.36,0.76,2.23,-278,385,-479,919,-178,412,1,1,イビデン(10/29)
3,イビデン＋古河電工＋ASML（米ADR）,4062.T+5801.T+ASML,日本＋海外,C 半導体＋半導体以外,60.3,0.34,0.77,1.95,-256,344,-446,806,-204,400,1,1,イビデン(10/29)
3,イビデン＋古河電工＋Broadcom,4062.T+5801.T+AVGO,日本＋海外,C 半導体＋半導体以外,60.9,0.37,0.78,1.96,-258,347,-449,816,-204,335,1,1,イビデン(10/29)
3,イビデン＋古河電工＋Lumentum,4062.T+5801.T+LITE,日本＋海外,C 半導体＋半導体以外,65.3,0.22,0.69,1.7,-274,377,-472,896,-140,650,1,1,イビデン(10/29)
3,イビデン＋古河電工＋Micron,4062.T+5801.T+MU,日本＋海外,C 半導体＋半導体以外,68.7,0.38,0.77,2.18,-286,400,-490,961,-210,556,1,1,イビデン(10/29)
3,イビデン＋古河電工＋NVIDIA,4062.T+5801.T+NVDA,日本＋海外,C 半導体＋半導体以外,59.3,0.37,0.79,1.86,-252,337,-441,788,-154,296,1,1,イビデン(10/29)
3,イビデン＋古河電工＋Sandisk,4062.T+5801.T+SNDK,日本＋海外,C 半導体＋半導体以外,72.8,0.29,0.72,2.25,-300,428,-510,1040,-246,1030,2,2,イビデン(10/29) Sandisk(10/30)
3,イビデン＋古河電工＋Vertiv,4062.T+5801.T+VRT,日本＋海外,C 半導体＋半導体以外,68.6,0.5,0.82,2.07,-286,400,-490,959,-238,362,1,2,イビデン(10/29) Vertiv(10/21〜28頃)
3,イビデン＋住友電工＋SK hynix,4062.T+5802.T+000660.KS,日本＋海外,C 半導体＋半導体以外,72.3,0.53,0.83,2.29,-298,425,-508,1031,-291,494,2,3,イビデン(10/29) 住友電工(10/30) SK hynix(10/27頃)
3,イビデン＋住友電工＋TSMC,4062.T+5802.T+2330.TW,日本＋海外,C 半導体＋半導体以外,57.1,0.57,0.86,1.95,-244,322,-428,749,-208,354,2,2,イビデン(10/29) 住友電工(10/30)
3,イビデン＋住友電工＋日立,4062.T+5802.T+6501.T,日本のみ,C 半導体＋半導体以外,56.1,0.43,0.81,1.93,-240,316,-423,733,-165,319,3,3,イビデン(10/29) 住友電工(10/30) 日立(10/28)
3,イビデン＋住友電工＋ソフトバンクG,4062.T+5802.T+9984.T,日本のみ,C 半導体＋半導体以外,69.8,0.51,0.83,2.21,-290,408,-495,982,-257,278,2,2,イビデン(10/29) 住友電工(10/30)
3,イビデン＋住友電工＋AMD,4062.T+5802.T+AMD,日本＋海外,C 半導体＋半導体以外,64.9,0.47,0.81,2.19,-273,375,-471,890,-221,326,2,2,イビデン(10/29) 住友電工(10/30)
3,イビデン＋住友電工＋ASML（米ADR）,4062.T+5802.T+ASML,日本＋海外,C 半導体＋半導体以外,57.9,0.45,0.82,1.91,-247,328,-433,764,-247,361,2,2,イビデン(10/29) 住友電工(10/30)
3,イビデン＋住友電工＋Broadcom,4062.T+5802.T+AVGO,日本＋海外,C 半導体＋半導体以外,56.9,0.41,0.8,1.92,-243,322,-428,747,-247,320,2,2,イビデン(10/29) 住友電工(10/30)
3,イビデン＋住友電工＋Lumentum,4062.T+5802.T+LITE,日本＋海外,C 半導体＋半導体以外,60.9,0.25,0.69,1.66,-258,347,-449,815,-179,579,2,2,イビデン(10/29) 住友電工(10/30)
3,イビデン＋住友電工＋Micron,4062.T+5802.T+MU,日本＋海外,C 半導体＋半導体以外,67.4,0.5,0.82,2.14,-281,391,-483,936,-253,513,2,2,イビデン(10/29) 住友電工(10/30)
3,イビデン＋住友電工＋NVIDIA,4062.T+5802.T+NVDA,日本＋海外,C 半導体＋半導体以外,55.5,0.42,0.82,1.82,-238,312,-419,722,-197,330,2,2,イビデン(10/29) 住友電工(10/30)
3,イビデン＋住友電工＋Sandisk,4062.T+5802.T+SNDK,日本＋海外,C 半導体＋半導体以外,72.0,0.4,0.77,2.21,-297,423,-506,1025,-289,771,3,3,イビデン(10/29) 住友電工(10/30) Sandisk(10/30)
3,イビデン＋住友電工＋Vertiv,4062.T+5802.T+VRT,日本＋海外,C 半導体＋半導体以外,63.1,0.5,0.82,2.03,-266,362,-461,856,-282,422,2,3,イビデン(10/29) 住友電工(10/30) Vertiv(10/21〜28頃)
3,イビデン＋フジクラ＋SK hynix,4062.T+5803.T+000660.KS,日本＋海外,C 半導体＋半導体以外,72.3,0.43,0.79,2.25,-298,425,-508,1032,-209,487,1,2,イビデン(10/29) SK hynix(10/27頃)
3,イビデン＋フジクラ＋TSMC,4062.T+5803.T+2330.TW,日本＋海外,C 半導体＋半導体以外,58.0,0.48,0.81,1.91,-247,328,-433,765,-120,375,1,1,イビデン(10/29)
3,イビデン＋フジクラ＋古河電工,4062.T+5803.T+5801.T,日本のみ,C 半導体＋半導体以外,72.7,0.46,0.8,2.29,-300,428,-509,1038,-197,496,1,1,イビデン(10/29)
3,イビデン＋フジクラ＋住友電工,4062.T+5803.T+5802.T,日本のみ,C 半導体＋半導体以外,68.7,0.51,0.82,2.25,-286,400,-490,960,-227,438,2,2,イビデン(10/29) 住友電工(10/30)
3,イビデン＋フジクラ＋日立,4062.T+5803.T+6501.T,日本のみ,C 半導体＋半導体以外,57.3,0.35,0.78,1.88,-245,324,-430,753,-75,310,2,2,イビデン(10/29) 日立(10/28)
3,イビデン＋フジクラ＋ソフトバンクG,4062.T+5803.T+9984.T,日本のみ,C 半導体＋半導体以外,70.0,0.41,0.78,2.16,-290,409,-496,985,-145,265,1,1,イビデン(10/29)
3,イビデン＋フジクラ＋AMD,4062.T+5803.T+AMD,日本＋海外,C 半導体＋半導体以外,66.1,0.4,0.78,2.14,-277,383,-477,912,-114,325,1,1,イビデン(10/29)
3,イビデン＋フジクラ＋ASML（米ADR）,4062.T+5803.T+ASML,日本＋海外,C 半導体＋半導体以外,58.3,0.34,0.77,1.87,-248,330,-435,770,-158,387,1,1,イビデン(10/29)
3,イビデン＋フジクラ＋Broadcom,4062.T+5803.T+AVGO,日本＋海外,C 半導体＋半導体以外,58.3,0.35,0.77,1.87,-249,331,-435,771,-144,292,1,1,イビデン(10/29)
3,イビデン＋フジクラ＋Lumentum,4062.T+5803.T+LITE,日本＋海外,C 半導体＋半導体以外,63.2,0.21,0.68,1.61,-266,363,-461,857,-162,612,1,1,イビデン(10/29)
3,イビデン＋フジクラ＋Micron,4062.T+5803.T+MU,日本＋海外,C 半導体＋半導体以外,67.4,0.39,0.77,2.09,-281,391,-484,936,-171,444,1,1,イビデン(10/29)
3,イビデン＋フジクラ＋NVIDIA,4062.T+5803.T+NVDA,日本＋海外,C 半導体＋半導体以外,56.7,0.35,0.78,1.77,-242,320,-426,742,-113,286,1,1,イビデン(10/29)
3,イビデン＋フジクラ＋Sandisk,4062.T+5803.T+SNDK,日本＋海外,C 半導体＋半導体以外,71.8,0.3,0.73,2.16,-297,422,-505,1021,-184,738,2,2,イビデン(10/29) Sandisk(10/30)
3,イビデン＋フジクラ＋Vertiv,4062.T+5803.T+VRT,日本＋海外,C 半導体＋半導体以外,64.4,0.42,0.79,1.99,-270,371,-468,879,-195,422,1,2,イビデン(10/29) Vertiv(10/21〜28頃)
3,イビデン＋日立＋SK hynix,4062.T+6501.T+000660.KS,日本＋海外,C 半導体＋半導体以外,61.1,0.35,0.79,1.93,-259,349,-450,820,-132,379,2,3,イビデン(10/29) 日立(10/28) SK hynix(10/27頃)
3,イビデン＋日立＋TSMC,4062.T+6501.T+2330.TW,日本＋海外,C 半導体＋半導体以外,46.5,0.46,0.83,1.59,-204,256,-366,577,-51,259,2,2,イビデン(10/29) 日立(10/28)
3,イビデン＋日立＋AMD,4062.T+6501.T+AMD,日本＋海外,C 半導体＋半導体以外,55.1,0.35,0.79,1.82,-237,310,-417,716,-82,206,2,2,イビデン(10/29) 日立(10/28)
3,イビデン＋日立＋ASML（米ADR）,4062.T+6501.T+ASML,日本＋海外,C 半導体＋半導体以外,46.7,0.29,0.77,1.55,-204,257,-367,580,-89,246,2,2,イビデン(10/29) 日立(10/28)
3,イビデン＋日立＋Broadcom,4062.T+6501.T+AVGO,日本＋海外,C 半導体＋半導体以外,46.7,0.32,0.77,1.56,-205,257,-367,581,-112,187,2,2,イビデン(10/29) 日立(10/28)
3,イビデン＋日立＋Lumentum,4062.T+6501.T+LITE,日本＋海外,C 半導体＋半導体以外,49.5,0.11,0.64,1.29,-215,274,-384,623,-50,480,2,2,イビデン(10/29) 日立(10/28)
3,イビデン＋日立＋Micron,4062.T+6501.T+MU,日本＋海外,C 半導体＋半導体以外,56.2,0.32,0.78,1.78,-241,317,-423,734,-95,411,2,2,イビデン(10/29) 日立(10/28)
3,イビデン＋日立＋NVIDIA,4062.T+6501.T+NVDA,日本＋海外,C 半導体＋半導体以外,45.3,0.35,0.78,1.45,-199,248,-358,558,-48,201,2,2,イビデン(10/29) 日立(10/28)
3,イビデン＋日立＋Sandisk,4062.T+6501.T+SNDK,日本＋海外,C 半導体＋半導体以外,61.2,0.25,0.73,1.84,-259,350,-451,822,-131,646,3,3,イビデン(10/29) 日立(10/28) Sandisk(10/30)
3,イビデン＋日立＋Vertiv,4062.T+6501.T+VRT,日本＋海外,C 半導体＋半導体以外,51.2,0.3,0.76,1.67,-222,285,-395,652,-123,287,2,3,イビデン(10/29) 日立(10/28) Vertiv(10/21〜28頃)
3,イビデン＋ソフトバンクG＋SK hynix,4062.T+9984.T+000660.KS,日本＋海外,C 半導体＋半導体以外,75.9,0.51,0.82,2.21,-311,450,-525,1104,-223,297,1,2,イビデン(10/29) SK hynix(10/27頃)
3,イビデン＋ソフトバンクG＋TSMC,4062.T+9984.T+2330.TW,日本＋海外,C 半導体＋半導体以外,61.6,0.55,0.86,1.87,-260,352,-453,828,-152,168,1,1,イビデン(10/29)
3,イビデン＋ソフトバンクG＋日立,4062.T+9984.T+6501.T,日本のみ,C 半導体＋半導体以外,61.0,0.43,0.82,1.85,-258,349,-450,819,-153,152,2,2,イビデン(10/29) 日立(10/28)
3,イビデン＋ソフトバンクG＋AMD,4062.T+9984.T+AMD,日本＋海外,C 半導体＋半導体以外,71.9,0.55,0.84,2.1,-297,422,-506,1023,-183,199,1,1,イビデン(10/29)
3,イビデン＋ソフトバンクG＋ASML（米ADR）,4062.T+9984.T+ASML,日本＋海外,C 半導体＋半導体以外,61.2,0.38,0.8,1.83,-259,349,-451,821,-146,199,1,1,イビデン(10/29)
3,イビデン＋ソフトバンクG＋Broadcom,4062.T+9984.T+AVGO,日本＋海外,C 半導体＋半導体以外,61.6,0.4,0.8,1.84,-261,352,-453,829,-214,130,1,1,イビデン(10/29)
3,イビデン＋ソフトバンクG＋Lumentum,4062.T+9984.T+LITE,日本＋海外,C 半導体＋半導体以外,59.6,0.12,0.64,1.57,-253,339,-442,793,-151,536,1,1,イビデン(10/29)
3,イビデン＋ソフトバンクG＋Micron,4062.T+9984.T+MU,日本＋海外,C 半導体＋半導体以外,70.2,0.44,0.8,2.06,-291,410,-497,989,-157,341,1,1,イビデン(10/29)
3,イビデン＋ソフトバンクG＋NVIDIA,4062.T+9984.T+NVDA,日本＋海外,C 半導体＋半導体以外,60.5,0.43,0.82,1.73,-257,345,-447,809,-150,133,1,1,イビデン(10/29)
3,イビデン＋ソフトバンクG＋Sandisk,4062.T+9984.T+SNDK,日本＋海外,C 半導体＋半導体以外,73.3,0.33,0.74,2.13,-302,432,-512,1050,-188,630,2,2,イビデン(10/29) Sandisk(10/30)
3,イビデン＋ソフトバンクG＋Vertiv,4062.T+9984.T+VRT,日本＋海外,C 半導体＋半導体以外,66.2,0.43,0.8,1.95,-277,383,-477,912,-212,281,1,2,イビデン(10/29) Vertiv(10/21〜28頃)
3,イビデン＋AMD＋SK hynix,4062.T+AMD+000660.KS,日本＋海外,B 半導体内で別サブテーマ,71.9,0.49,0.82,2.18,-297,422,-505,1022,-188,407,1,2,イビデン(10/29) SK hynix(10/27頃)
3,イビデン＋AMD＋TSMC,4062.T+AMD+2330.TW,日本＋海外,B 半導体内で別サブテーマ,56.8,0.53,0.84,1.85,-243,321,-427,745,-106,268,1,1,イビデン(10/29)
3,イビデン＋AMD＋ASML（米ADR）,4062.T+AMD+ASML,日本＋海外,B 半導体内で別サブテーマ,57.5,0.41,0.8,1.8,-245,325,-431,756,-144,303,1,1,イビデン(10/29)
3,イビデン＋AMD＋Lumentum,4062.T+AMD+LITE,日本＋海外,C 半導体＋半導体以外,55.6,0.1,0.63,1.55,-238,313,-420,724,-80,550,1,1,イビデン(10/29)
3,イビデン＋AMD＋Micron,4062.T+AMD+MU,日本＋海外,B 半導体内で別サブテーマ,68.7,0.52,0.82,2.03,-286,400,-490,960,-151,435,1,1,イビデン(10/29)
3,イビデン＋AMD＋Sandisk,4062.T+AMD+SNDK,日本＋海外,B 半導体内で別サブテーマ,72.2,0.38,0.76,2.1,-298,424,-507,1029,-187,689,2,2,イビデン(10/29) Sandisk(10/30)
3,イビデン＋AMD＋Vertiv,4062.T+AMD+VRT,日本＋海外,C 半導体＋半導体以外,62.3,0.44,0.8,1.92,-263,357,-457,842,-179,307,1,2,イビデン(10/29) Vertiv(10/21〜28頃)
3,イビデン＋ASML（米ADR）＋Lumentum,4062.T+ASML+LITE,日本＋海外,C 半導体＋半導体以外,52.8,0.18,0.66,1.27,-228,295,-404,677,-103,550,1,1,イビデン(10/29)
3,イビデン＋ASML（米ADR）＋Vertiv,4062.T+ASML+VRT,日本＋海外,C 半導体＋半導体以外,54.2,0.4,0.79,1.65,-233,304,-412,701,-205,345,1,2,イビデン(10/29) Vertiv(10/21〜28頃)
3,イビデン＋Broadcom＋SK hynix,4062.T+AVGO+000660.KS,日本＋海外,B 半導体内で別サブテーマ,62.4,0.37,0.79,1.92,-264,358,-458,844,-214,350,1,2,イビデン(10/29) SK hynix(10/27頃)
3,イビデン＋Broadcom＋TSMC,4062.T+AVGO+2330.TW,日本＋海外,B 半導体内で別サブテーマ,47.4,0.43,0.81,1.58,-207,262,-372,592,-132,223,1,1,イビデン(10/29)
3,イビデン＋Broadcom＋AMD,4062.T+AVGO+AMD,日本＋海外,B 半導体内で別サブテーマ,57.1,0.39,0.79,1.81,-244,323,-429,751,-144,197,1,1,イビデン(10/29)
3,イビデン＋Broadcom＋ASML（米ADR）,4062.T+AVGO+ASML,日本＋海外,B 半導体内で別サブテーマ,48.7,0.35,0.77,1.54,-212,270,-380,612,-170,241,1,1,イビデン(10/29)
3,イビデン＋Broadcom＋Lumentum,4062.T+AVGO+LITE,日本＋海外,C 半導体＋半導体以外,52.5,0.17,0.66,1.28,-227,294,-402,673,-111,500,1,1,イビデン(10/29)
3,イビデン＋Broadcom＋Micron,4062.T+AVGO+MU,日本＋海外,B 半導体内で別サブテーマ,58.5,0.38,0.79,1.77,-249,332,-436,774,-177,383,1,1,イビデン(10/29)
3,イビデン＋Broadcom＋Sandisk,4062.T+AVGO+SNDK,日本＋海外,B 半導体内で別サブテーマ,62.8,0.27,0.74,1.84,-265,360,-460,850,-213,671,2,2,イビデン(10/29) Sandisk(10/30)
3,イビデン＋Broadcom＋Vertiv,4062.T+AVGO+VRT,日本＋海外,C 半導体＋半導体以外,54.1,0.4,0.78,1.66,-233,303,-411,699,-205,257,1,2,イビデン(10/29) Vertiv(10/21〜28頃)
3,イビデン＋Lumentum＋Vertiv,4062.T+LITE+VRT,日本＋海外,C 半導体＋半導体以外,58.6,0.23,0.68,1.39,-250,333,-437,776,-137,569,1,2,イビデン(10/29) Vertiv(10/21〜28頃)
3,イビデン＋Micron＋SK hynix,4062.T+MU+000660.KS,日本＋海外,B 半導体内で別サブテーマ,76.1,0.57,0.84,2.14,-311,452,-525,1107,-220,560,1,2,イビデン(10/29) SK hynix(10/27頃)
3,イビデン＋Micron＋ASML（米ADR）,4062.T+MU+ASML,日本＋海外,B 半導体内で別サブテーマ,60.6,0.48,0.82,1.76,-257,345,-448,810,-177,452,1,1,イビデン(10/29)
3,イビデン＋Micron＋Lumentum,4062.T+MU+LITE,日本＋海外,C 半導体＋半導体以外,59.6,0.15,0.65,1.5,-253,339,-442,793,-109,697,1,1,イビデン(10/29)
3,イビデン＋Micron＋Sandisk,4062.T+MU+SNDK,日本＋海外,B 半導体内で別サブテーマ,79.6,0.52,0.82,2.06,-323,477,-542,1182,-219,865,2,2,イビデン(10/29) Sandisk(10/30)
3,イビデン＋Micron＋Vertiv,4062.T+MU+VRT,日本＋海外,C 半導体＋半導体以外,63.9,0.43,0.79,1.88,-269,368,-465,870,-211,436,1,2,イビデン(10/29) Vertiv(10/21〜28頃)
3,イビデン＋NVIDIA＋SK hynix,4062.T+NVDA+000660.KS,日本＋海外,B 半導体内で別サブテーマ,60.1,0.32,0.79,1.81,-255,342,-445,802,-164,345,1,2,イビデン(10/29) SK hynix(10/27頃)
3,イビデン＋NVIDIA＋TSMC,4062.T+NVDA+2330.TW,日本＋海外,B 半導体内で別サブテーマ,45.4,0.4,0.82,1.48,-199,249,-359,560,-82,241,1,1,イビデン(10/29)
3,イビデン＋NVIDIA＋AMD,4062.T+NVDA+AMD,日本＋海外,B 半導体内で別サブテーマ,55.9,0.42,0.81,1.71,-239,315,-422,729,-94,230,1,1,イビデン(10/29)
3,イビデン＋NVIDIA＋ASML（米ADR）,4062.T+NVDA+ASML,日本＋海外,B 半導体内で別サブテーマ,47.0,0.36,0.78,1.43,-206,259,-369,585,-120,243,1,1,イビデン(10/29)
3,イビデン＋NVIDIA＋Broadcom,4062.T+NVDA+AVGO,日本＋海外,B 半導体内で別サブテーマ,47.2,0.4,0.79,1.44,-207,260,-370,588,-120,157,1,1,イビデン(10/29)
3,イビデン＋NVIDIA＋Lumentum,4062.T+NVDA+LITE,日本＋海外,C 半導体＋半導体以外,50.0,0.15,0.65,1.18,-217,278,-387,632,-56,512,1,1,イビデン(10/29)
3,イビデン＋NVIDIA＋Micron,4062.T+NVDA+MU,日本＋海外,B 半導体内で別サブテーマ,57.0,0.4,0.8,1.66,-244,322,-428,749,-127,386,1,1,イビデン(10/29)
3,イビデン＋NVIDIA＋Sandisk,4062.T+NVDA+SNDK,日本＋海外,B 半導体内で別サブテーマ,62.0,0.29,0.75,1.73,-262,355,-455,835,-163,649,2,2,イビデン(10/29) Sandisk(10/30)
3,イビデン＋NVIDIA＋Vertiv,4062.T+NVDA+VRT,日本＋海外,C 半導体＋半導体以外,53.0,0.45,0.8,1.55,-229,296,-405,681,-155,295,1,2,イビデン(10/29) Vertiv(10/21〜28頃)
3,イビデン＋Sandisk＋ASML（米ADR）,4062.T+SNDK+ASML,日本＋海外,B 半導体内で別サブテーマ,66.8,0.42,0.78,1.83,-279,387,-480,924,-213,698,2,2,イビデン(10/29) Sandisk(10/30)
3,イビデン＋Sandisk＋Lumentum,4062.T+SNDK+LITE,日本＋海外,C 半導体＋半導体以外,67.6,0.14,0.66,1.57,-282,393,-485,940,-145,971,2,2,イビデン(10/29) Sandisk(10/30)
3,イビデン＋Sandisk＋Vertiv,4062.T+SNDK+VRT,日本＋海外,C 半導体＋半導体以外,69.7,0.37,0.76,1.95,-289,407,-495,980,-247,781,2,3,イビデン(10/29) Sandisk(10/30) Vertiv(10/21〜28頃)
3,信越化学＋SK hynix＋ASML（米ADR）,4063.T+000660.KS+ASML,日本＋海外,B 半導体内で別サブテーマ,45.3,0.3,0.75,1.12,-199,249,-359,559,-218,344,1,2,信越化学(10/27) SK hynix(10/27頃)
3,信越化学＋SK hynix＋Lumentum,4063.T+000660.KS+LITE,日本＋海外,C 半導体＋半導体以外,45.5,0.01,0.59,0.86,-200,250,-360,562,-150,555,1,2,信越化学(10/27) SK hynix(10/27頃)
3,信越化学＋SK hynix＋Sandisk,4063.T+000660.KS+SNDK,日本＋海外,B 半導体内で別サブテーマ,66.3,0.35,0.8,1.41,-277,384,-478,915,-260,715,2,3,信越化学(10/27) Sandisk(10/30) SK hynix(10/27頃)
3,信越化学＋SK hynix＋Vertiv,4063.T+000660.KS+VRT,日本＋海外,C 半導体＋半導体以外,49.0,0.3,0.74,1.24,-213,271,-381,616,-252,368,1,3,信越化学(10/27) SK hynix(10/27頃) Vertiv(10/21〜28頃)
3,信越化学＋TSMC＋SK hynix,4063.T+2330.TW+000660.KS,日本＋海外,B 半導体内で別サブテーマ,44.1,0.37,0.79,1.16,-194,241,-351,541,-179,304,1,2,信越化学(10/27) SK hynix(10/27頃)
3,信越化学＋TSMC＋ASML（米ADR）,4063.T+2330.TW+ASML,日本＋海外,B 半導体内で別サブテーマ,30.3,0.36,0.76,0.78,-138,160,-257,345,-136,207,1,1,信越化学(10/27)
3,信越化学＋TSMC＋Lumentum,4063.T+2330.TW+LITE,日本＋海外,C 半導体＋半導体以外,36.6,0.06,0.65,0.52,-164,196,-301,431,-123,375,1,1,信越化学(10/27)
3,信越化学＋TSMC＋Micron,4063.T+2330.TW+MU,日本＋海外,B 半導体内で別サブテーマ,40.9,0.39,0.8,1.0,-181,222,-330,492,-142,334,1,1,信越化学(10/27)
3,信越化学＋TSMC＋Sandisk,4063.T+2330.TW+SNDK,日本＋海外,B 半導体内で別サブテーマ,48.9,0.3,0.78,1.07,-213,270,-380,614,-178,563,2,2,信越化学(10/27) Sandisk(10/30)
3,信越化学＋TSMC＋Vertiv,4063.T+2330.TW+VRT,日本＋海外,C 半導体＋半導体以外,36.7,0.41,0.8,0.9,-164,197,-302,432,-170,197,1,2,信越化学(10/27) Vertiv(10/21〜28頃)
3,信越化学＋古河電工＋SK hynix,4063.T+5801.T+000660.KS,日本＋海外,C 半導体＋半導体以外,55.4,0.26,0.73,1.54,-238,311,-419,720,-251,364,1,2,信越化学(10/27) SK hynix(10/27頃)
3,信越化学＋古河電工＋TSMC,4063.T+5801.T+2330.TW,日本＋海外,C 半導体＋半導体以外,43.1,0.35,0.79,1.2,-190,235,-345,526,-169,158,1,1,信越化学(10/27)
3,信越化学＋古河電工＋住友電工,4063.T+5801.T+5802.T,日本のみ,C 半導体＋半導体以外,54.8,0.42,0.81,1.54,-236,308,-416,711,-284,221,2,2,信越化学(10/27) 住友電工(10/30)
3,信越化学＋古河電工＋日立,4063.T+5801.T+6501.T,日本のみ,C 半導体＋半導体以外,42.1,0.21,0.73,1.18,-186,229,-338,510,-160,126,2,2,信越化学(10/27) 日立(10/28)
3,信越化学＋古河電工＋ソフトバンクG,4063.T+5801.T+9984.T,日本のみ,C 半導体＋半導体以外,52.9,0.24,0.72,1.46,-228,296,-404,679,-262,172,1,1,信越化学(10/27)
3,信越化学＋古河電工＋AMD,4063.T+5801.T+AMD,日本＋海外,C 半導体＋半導体以外,48.5,0.25,0.71,1.43,-211,268,-378,608,-191,229,1,1,信越化学(10/27)
3,信越化学＋古河電工＋ASML（米ADR）,4063.T+5801.T+ASML,日本＋海外,C 半導体＋半導体以外,44.0,0.29,0.74,1.16,-194,240,-350,538,-207,209,1,1,信越化学(10/27)
3,信越化学＋古河電工＋Broadcom,4063.T+5801.T+AVGO,日本＋海外,C 半導体＋半導体以外,45.0,0.31,0.76,1.17,-198,247,-356,554,-221,142,1,1,信越化学(10/27)
3,信越化学＋古河電工＋Lumentum,4063.T+5801.T+LITE,日本＋海外,C 半導体＋半導体以外,53.9,0.19,0.71,0.9,-232,302,-410,695,-239,387,1,1,信越化学(10/27)
3,信越化学＋古河電工＋Micron,4063.T+5801.T+MU,日本＋海外,C 半導体＋半導体以外,52.1,0.31,0.74,1.39,-225,291,-400,667,-214,397,1,1,信越化学(10/27)
3,信越化学＋古河電工＋NVIDIA,4063.T+5801.T+NVDA,日本＋海外,C 半導体＋半導体以外,43.0,0.3,0.76,1.06,-190,235,-344,524,-190,100,1,1,信越化学(10/27)
3,信越化学＋古河電工＋Sandisk,4063.T+5801.T+SNDK,日本＋海外,C 半導体＋半導体以外,58.7,0.26,0.72,1.46,-250,333,-438,778,-250,723,2,2,信越化学(10/27) Sandisk(10/30)
3,信越化学＋古河電工＋Vertiv,4063.T+5801.T+VRT,日本＋海外,C 半導体＋半導体以外,54.1,0.47,0.83,1.28,-233,304,-412,700,-266,185,1,2,信越化学(10/27) Vertiv(10/21〜28頃)
3,信越化学＋住友電工＋SK hynix,4063.T+5802.T+000660.KS,日本＋海外,C 半導体＋半導体以外,52.6,0.33,0.77,1.5,-227,294,-403,674,-295,367,2,3,信越化学(10/27) 住友電工(10/30) SK hynix(10/27頃)
3,信越化学＋住友電工＋TSMC,4063.T+5802.T+2330.TW,日本＋海外,C 半導体＋半導体以外,37.7,0.39,0.79,1.16,-169,203,-309,446,-212,209,2,2,信越化学(10/27) 住友電工(10/30)
3,信越化学＋住友電工＋日立,4063.T+5802.T+6501.T,日本のみ,C 半導体＋半導体以外,37.2,0.27,0.74,1.13,-167,200,-306,440,-174,159,3,3,信越化学(10/27) 住友電工(10/30) 日立(10/28)
3,信越化学＋住友電工＋ソフトバンクG,4063.T+5802.T+9984.T,日本のみ,C 半導体＋半導体以外,48.8,0.28,0.74,1.42,-213,270,-380,613,-275,219,2,2,信越化学(10/27) 住友電工(10/30)
3,信越化学＋住友電工＋AMD,4063.T+5802.T+AMD,日本＋海外,C 半導体＋半導体以外,46.1,0.33,0.75,1.39,-202,253,-363,571,-225,256,2,2,信越化学(10/27) 住友電工(10/30)
3,信越化学＋住友電工＋ASML（米ADR）,4063.T+5802.T+ASML,日本＋海外,C 半導体＋半導体以外,40.3,0.37,0.77,1.12,-179,218,-326,484,-251,246,2,2,信越化学(10/27) 住友電工(10/30)
3,信越化学＋住友電工＋Broadcom,4063.T+5802.T+AVGO,日本＋海外,C 半導体＋半導体以外,39.2,0.32,0.75,1.13,-175,212,-319,468,-251,199,2,2,信越化学(10/27) 住友電工(10/30)
3,信越化学＋住友電工＋Lumentum,4063.T+5802.T+LITE,日本＋海外,C 半導体＋半導体以外,48.2,0.19,0.7,0.86,-210,266,-376,603,-215,390,2,2,信越化学(10/27) 住友電工(10/30)
3,信越化学＋住友電工＋Micron,4063.T+5802.T+MU,日本＋海外,C 半導体＋半導体以外,50.2,0.4,0.79,1.35,-218,279,-388,635,-257,398,2,2,信越化学(10/27) 住友電工(10/30)
3,信越化学＋住友電工＋NVIDIA,4063.T+5802.T+NVDA,日本＋海外,C 半導体＋半導体以外,37.3,0.31,0.75,1.02,-167,200,-306,441,-201,174,2,2,信越化学(10/27) 住友電工(10/30)
3,信越化学＋住友電工＋Sandisk,4063.T+5802.T+SNDK,日本＋海外,C 半導体＋半導体以外,57.6,0.34,0.77,1.41,-246,326,-431,758,-293,593,3,3,信越化学(10/27) 住友電工(10/30) Sandisk(10/30)
3,信越化学＋住友電工＋Vertiv,4063.T+5802.T+VRT,日本＋海外,C 半導体＋半導体以外,46.7,0.44,0.8,1.24,-205,257,-367,581,-285,225,2,3,信越化学(10/27) 住友電工(10/30) Vertiv(10/21〜28頃)
3,信越化学＋フジクラ＋SK hynix,4063.T+5803.T+000660.KS,日本＋海外,C 半導体＋半導体以外,53.3,0.22,0.73,1.45,-230,298,-407,685,-196,395,1,2,信越化学(10/27) SK hynix(10/27頃)
3,信越化学＋フジクラ＋TSMC,4063.T+5803.T+2330.TW,日本＋海外,C 半導体＋半導体以外,39.8,0.3,0.75,1.11,-177,215,-323,477,-181,185,1,1,信越化学(10/27)
3,信越化学＋フジクラ＋古河電工,4063.T+5803.T+5801.T,日本のみ,C 半導体＋半導体以外,56.5,0.33,0.78,1.49,-242,319,-425,739,-297,218,1,1,信越化学(10/27)
3,信越化学＋フジクラ＋住友電工,4063.T+5803.T+5802.T,日本のみ,C 半導体＋半導体以外,51.0,0.35,0.78,1.45,-221,284,-393,648,-273,225,2,2,信越化学(10/27) 住友電工(10/30)
3,信越化学＋フジクラ＋日立,4063.T+5803.T+6501.T,日本のみ,C 半導体＋半導体以外,39.8,0.2,0.72,1.09,-177,215,-323,477,-175,141,2,2,信越化学(10/27) 日立(10/28)
3,信越化学＋フジクラ＋ソフトバンクG,4063.T+5803.T+9984.T,日本のみ,C 半導体＋半導体以外,49.7,0.18,0.7,1.37,-216,275,-385,627,-244,175,1,1,信越化学(10/27)
3,信越化学＋フジクラ＋AMD,4063.T+5803.T+AMD,日本＋海外,C 半導体＋半導体以外,48.4,0.26,0.73,1.34,-211,268,-378,607,-174,254,1,1,信越化学(10/27)
3,信越化学＋フジクラ＋ASML（米ADR）,4063.T+5803.T+ASML,日本＋海外,C 半導体＋半導体以外,41.5,0.26,0.72,1.07,-184,226,-334,502,-182,226,1,1,信越化学(10/27)
3,信越化学＋フジクラ＋Broadcom,4063.T+5803.T+AVGO,日本＋海外,C 半導体＋半導体以外,41.9,0.26,0.73,1.08,-186,228,-337,508,-222,152,1,1,信越化学(10/27)
3,信越化学＋フジクラ＋Lumentum,4063.T+5803.T+LITE,日本＋海外,C 半導体＋半導体以外,51.7,0.15,0.7,0.81,-224,288,-397,659,-261,464,1,1,信越化学(10/27)
3,信越化学＋フジクラ＋Micron,4063.T+5803.T+MU,日本＋海外,C 半導体＋半導体以外,50.8,0.3,0.74,1.3,-220,283,-392,645,-157,401,1,1,信越化学(10/27)
3,信越化学＋フジクラ＋NVIDIA,4063.T+5803.T+NVDA,日本＋海外,C 半導体＋半導体以外,39.8,0.25,0.73,0.97,-177,215,-323,477,-213,148,1,1,信越化学(10/27)
3,信越化学＋フジクラ＋Sandisk,4063.T+5803.T+SNDK,日本＋海外,C 半導体＋半導体以外,57.9,0.24,0.73,1.37,-247,328,-433,764,-266,645,2,2,信越化学(10/27) Sandisk(10/30)
3,信越化学＋フジクラ＋Vertiv,4063.T+5803.T+VRT,日本＋海外,C 半導体＋半導体以外,49.0,0.36,0.77,1.19,-213,271,-381,616,-288,191,1,2,信越化学(10/27) Vertiv(10/21〜28頃)
3,信越化学＋日立＋SK hynix,4063.T+6501.T+000660.KS,日本＋海外,C 半導体＋半導体以外,41.1,0.15,0.7,1.13,-183,223,-332,496,-140,273,2,3,信越化学(10/27) 日立(10/28) SK hynix(10/27頃)
3,信越化学＋日立＋TSMC,4063.T+6501.T+2330.TW,日本＋海外,C 半導体＋半導体以外,27.3,0.29,0.72,0.79,-125,143,-235,306,-69,123,2,2,信越化学(10/27) 日立(10/28)
3,信越化学＋日立＋AMD,4063.T+6501.T+AMD,日本＋海外,C 半導体＋半導体以外,36.9,0.21,0.72,1.03,-165,198,-303,436,-100,105,2,2,信越化学(10/27) 日立(10/28)
3,信越化学＋日立＋ASML（米ADR）,4063.T+6501.T+ASML,日本＋海外,C 半導体＋半導体以外,29.4,0.21,0.69,0.75,-134,155,-250,333,-92,134,2,2,信越化学(10/27) 日立(10/28)
3,信越化学＋日立＋Broadcom,4063.T+6501.T+AVGO,日本＋海外,C 半導体＋半導体以外,29.9,0.23,0.7,0.76,-136,158,-254,341,-131,73,2,2,信越化学(10/27) 日立(10/28)
3,信越化学＋日立＋Lumentum,4063.T+6501.T+LITE,日本＋海外,C 半導体＋半導体以外,38.5,0.05,0.65,0.49,-172,207,-314,458,-117,313,2,2,信越化学(10/27) 日立(10/28)
3,信越化学＋日立＋Micron,4063.T+6501.T+MU,日本＋海外,C 半導体＋半導体以外,39.3,0.23,0.73,0.98,-175,213,-320,470,-99,300,2,2,信越化学(10/27) 日立(10/28)
3,信越化学＋日立＋NVIDIA,4063.T+6501.T+NVDA,日本＋海外,C 半導体＋半導体以外,27.9,0.24,0.7,0.65,-128,146,-239,314,-68,81,2,2,信越化学(10/27) 日立(10/28)
3,信越化学＋日立＋Sandisk,4063.T+6501.T+SNDK,日本＋海外,C 半導体＋半導体以外,47.9,0.18,0.74,1.05,-209,265,-375,600,-135,529,3,3,信越化学(10/27) 日立(10/28) Sandisk(10/30)
3,信越化学＋日立＋Vertiv,4063.T+6501.T+VRT,日本＋海外,C 半導体＋半導体以外,35.2,0.25,0.72,0.87,-158,188,-292,412,-144,146,2,3,信越化学(10/27) 日立(10/28) Vertiv(10/21〜28頃)
3,信越化学＋ソフトバンクG＋SK hynix,4063.T+9984.T+000660.KS,日本＋海外,C 半導体＋半導体以外,54.7,0.23,0.74,1.41,-235,307,-415,709,-242,263,1,2,信越化学(10/27) SK hynix(10/27頃)
3,信越化学＋ソフトバンクG＋TSMC,4063.T+9984.T+2330.TW,日本＋海外,C 半導体＋半導体以外,40.5,0.31,0.76,1.08,-180,220,-328,487,-170,109,1,1,信越化学(10/27)
3,信越化学＋ソフトバンクG＋日立,4063.T+9984.T+6501.T,日本のみ,C 半導体＋半導体以外,40.7,0.2,0.72,1.05,-181,220,-329,489,-171,67,2,2,信越化学(10/27) 日立(10/28)
3,信越化学＋ソフトバンクG＋AMD,4063.T+9984.T+AMD,日本＋海外,C 半導体＋半導体以外,52.6,0.34,0.78,1.31,-227,294,-403,674,-201,98,1,1,信越化学(10/27)
3,信越化学＋ソフトバンクG＋ASML（米ADR）,4063.T+9984.T+ASML,日本＋海外,C 半導体＋半導体以外,41.2,0.23,0.71,1.03,-183,224,-332,497,-153,127,1,1,信越化学(10/27)
3,信越化学＋ソフトバンクG＋Broadcom,4063.T+9984.T+AVGO,日本＋海外,C 半導体＋半導体以外,42.2,0.25,0.73,1.04,-187,230,-338,512,-232,38,1,1,信越化学(10/27)
3,信越化学＋ソフトバンクG＋Lumentum,4063.T+9984.T+LITE,日本＋海外,C 半導体＋半導体以外,43.1,-0.01,0.57,0.78,-190,235,-344,525,-187,390,1,1,信越化学(10/27)
3,信越化学＋ソフトバンクG＋Micron,4063.T+9984.T+MU,日本＋海外,C 半導体＋半導体以外,50.8,0.28,0.73,1.26,-220,283,-392,645,-175,243,1,1,信越化学(10/27)
3,信越化学＋ソフトバンクG＋NVIDIA,4063.T+9984.T+NVDA,日本＋海外,C 半導体＋半導体以外,40.8,0.26,0.74,0.94,-181,221,-329,491,-168,47,1,1,信越化学(10/27)
3,信越化学＋ソフトバンクG＋Sandisk,4063.T+9984.T+SNDK,日本＋海外,C 半導体＋半導体以外,56.5,0.2,0.7,1.33,-242,319,-425,739,-193,533,2,2,信越化学(10/27) Sandisk(10/30)
3,信越化学＋ソフトバンクG＋Vertiv,4063.T+9984.T+VRT,日本＋海外,C 半導体＋半導体以外,47.6,0.3,0.74,1.15,-208,262,-373,594,-230,208,1,2,信越化学(10/27) Vertiv(10/21〜28頃)
3,信越化学＋AMD＋SK hynix,4063.T+AMD+000660.KS,日本＋海外,B 半導体内で別サブテーマ,52.8,0.31,0.76,1.39,-228,295,-404,678,-192,310,1,2,信越化学(10/27) SK hynix(10/27頃)
3,信越化学＋AMD＋TSMC,4063.T+AMD+2330.TW,日本＋海外,B 半導体内で別サブテーマ,38.4,0.38,0.78,1.05,-171,207,-313,457,-110,183,1,1,信越化学(10/27)
3,信越化学＋AMD＋ASML（米ADR）,4063.T+AMD+ASML,日本＋海外,B 半導体内で別サブテーマ,40.7,0.35,0.76,1.01,-181,221,-329,490,-148,198,1,1,信越化学(10/27)
3,信越化学＋AMD＋Lumentum,4063.T+AMD+LITE,日本＋海外,C 半導体＋半導体以外,42.3,0.06,0.6,0.75,-187,230,-339,513,-119,439,1,1,信越化学(10/27)
3,信越化学＋AMD＋Micron,4063.T+AMD+MU,日本＋海外,B 半導体内で別サブテーマ,52.7,0.44,0.81,1.24,-227,294,-403,676,-155,337,1,1,信越化学(10/27)
3,信越化学＋AMD＋Sandisk,4063.T+AMD+SNDK,日本＋海外,B 半導体内で別サブテーマ,58.6,0.34,0.77,1.31,-249,332,-437,775,-191,642,2,2,信越化学(10/27) Sandisk(10/30)
3,信越化学＋AMD＋Vertiv,4063.T+AMD+VRT,日本＋海外,C 半導体＋半導体以外,46.5,0.4,0.78,1.13,-204,256,-366,578,-183,225,1,2,信越化学(10/27) Vertiv(10/21〜28頃)
3,信越化学＋ASML（米ADR）＋Lumentum,4063.T+ASML+LITE,日本＋海外,C 半導体＋半導体以外,43.0,0.2,0.7,0.48,-190,234,-344,523,-124,390,1,1,信越化学(10/27)
3,信越化学＋ASML（米ADR）＋Vertiv,4063.T+ASML+VRT,日本＋海外,C 半導体＋半導体以外,39.8,0.41,0.79,0.86,-177,215,-323,477,-209,227,1,2,信越化学(10/27) Vertiv(10/21〜28頃)
3,信越化学＋Broadcom＋SK hynix,4063.T+AVGO+000660.KS,日本＋海外,B 半導体内で別サブテーマ,43.7,0.24,0.72,1.12,-193,239,-349,535,-218,279,1,2,信越化学(10/27) SK hynix(10/27頃)
3,信越化学＋Broadcom＋TSMC,4063.T+AVGO+2330.TW,日本＋海外,B 半導体内で別サブテーマ,29.8,0.33,0.75,0.79,-136,157,-253,339,-136,135,1,1,信越化学(10/27)
3,信越化学＋Broadcom＋AMD,4063.T+AVGO+AMD,日本＋海外,B 半導体内で別サブテーマ,40.5,0.33,0.76,1.02,-180,220,-328,488,-161,133,1,1,信越化学(10/27)
3,信越化学＋Broadcom＋ASML（米ADR）,4063.T+AVGO+ASML,日本＋海外,B 半導体内で別サブテーマ,33.4,0.34,0.75,0.74,-151,178,-279,387,-174,151,1,1,信越化学(10/27)
3,信越化学＋Broadcom＋Lumentum,4063.T+AVGO+LITE,日本＋海外,C 半導体＋半導体以外,43.0,0.19,0.7,0.49,-190,235,-344,524,-164,341,1,1,信越化学(10/27)
3,信越化学＋Broadcom＋Micron,4063.T+AVGO+MU,日本＋海外,B 半導体内で別サブテーマ,43.3,0.36,0.77,0.97,-191,236,-345,528,-180,283,1,1,信越化学(10/27)
3,信越化学＋Broadcom＋Sandisk,4063.T+AVGO+SNDK,日本＋海外,B 半導体内で別サブテーマ,50.5,0.28,0.75,1.04,-219,281,-390,640,-216,531,2,2,信越化学(10/27) Sandisk(10/30)
3,信越化学＋Broadcom＋Vertiv,4063.T+AVGO+VRT,日本＋海外,C 半導体＋半導体以外,40.0,0.41,0.79,0.86,-178,216,-324,479,-209,165,1,2,信越化学(10/27) Vertiv(10/21〜28頃)
3,信越化学＋Lumentum＋Vertiv,4063.T+LITE+VRT,日本＋海外,C 半導体＋半導体以外,49.3,0.27,0.73,0.6,-214,273,-383,621,-231,385,1,2,信越化学(10/27) Vertiv(10/21〜28頃)
3,信越化学＋Micron＋SK hynix,4063.T+MU+000660.KS,日本＋海外,B 半導体内で別サブテーマ,59.0,0.43,0.82,1.34,-251,335,-439,782,-224,462,1,2,信越化学(10/27) SK hynix(10/27頃)
3,信越化学＋Micron＋ASML（米ADR）,4063.T+MU+ASML,日本＋海外,B 半導体内で別サブテーマ,45.7,0.46,0.82,0.96,-201,251,-361,565,-180,353,1,1,信越化学(10/27)
3,信越化学＋Micron＋Lumentum,4063.T+MU+LITE,日本＋海外,C 半導体＋半導体以外,48.2,0.16,0.66,0.71,-210,266,-376,603,-113,572,1,1,信越化学(10/27)
3,信越化学＋Micron＋Sandisk,4063.T+MU+SNDK,日本＋海外,B 半導体内で別サブテーマ,68.0,0.52,0.87,1.26,-283,395,-486,947,-223,791,2,2,信越化学(10/27) Sandisk(10/30)
3,信越化学＋Micron＋Vertiv,4063.T+MU+VRT,日本＋海外,C 半導体＋半導体以外,49.3,0.44,0.8,1.08,-215,273,-383,621,-215,354,1,2,信越化学(10/27) Vertiv(10/21〜28頃)
3,信越化学＋NVIDIA＋SK hynix,4063.T+NVDA+000660.KS,日本＋海外,B 半導体内で別サブテーマ,40.5,0.18,0.7,1.02,-180,220,-328,487,-168,258,1,2,信越化学(10/27) SK hynix(10/27頃)
3,信越化学＋NVIDIA＋TSMC,4063.T+NVDA+2330.TW,日本＋海外,B 半導体内で別サブテーマ,26.7,0.28,0.72,0.68,-122,139,-230,298,-86,117,1,1,信越化学(10/27)
3,信越化学＋NVIDIA＋AMD,4063.T+NVDA+AMD,日本＋海外,B 半導体内で別サブテーマ,38.9,0.34,0.77,0.91,-174,210,-317,464,-98,128,1,1,信越化学(10/27)
3,信越化学＋NVIDIA＋ASML（米ADR）,4063.T+NVDA+ASML,日本＋海外,B 半導体内で別サブテーマ,31.1,0.33,0.75,0.64,-141,165,-263,357,-124,160,1,1,信越化学(10/27)
3,信越化学＋NVIDIA＋Broadcom,4063.T+NVDA+AVGO,日本＋海外,B 半導体内で別サブテーマ,31.8,0.37,0.76,0.65,-144,169,-268,366,-128,51,1,1,信越化学(10/27)
3,信越化学＋NVIDIA＋Lumentum,4063.T+NVDA+LITE,日本＋海外,C 半導体＋半導体以外,40.1,0.14,0.69,0.38,-178,217,-325,481,-155,330,1,1,信越化学(10/27)
3,信越化学＋NVIDIA＋Micron,4063.T+NVDA+MU,日本＋海外,B 半導体内で別サブテーマ,41.4,0.36,0.78,0.87,-184,225,-334,501,-130,280,1,1,信越化学(10/27)
3,信越化学＋NVIDIA＋Sandisk,4063.T+NVDA+SNDK,日本＋海外,B 半導体内で別サブテーマ,49.6,0.29,0.77,0.94,-216,275,-385,626,-166,531,2,2,信越化学(10/27) Sandisk(10/30)
3,信越化学＋NVIDIA＋Vertiv,4063.T+NVDA+VRT,日本＋海外,C 半導体＋半導体以外,38.7,0.44,0.81,0.76,-173,209,-315,460,-182,151,1,2,信越化学(10/27) Vertiv(10/21〜28頃)
3,信越化学＋Sandisk＋ASML（米ADR）,4063.T+SNDK+ASML,日本＋海外,B 半導体内で別サブテーマ,55.2,0.43,0.82,1.03,-237,310,-418,717,-216,573,2,2,信越化学(10/27) Sandisk(10/30)
3,信越化学＋Sandisk＋Lumentum,4063.T+SNDK+LITE,日本＋海外,C 半導体＋半導体以外,59.2,0.18,0.71,0.78,-252,336,-440,786,-208,819,2,2,信越化学(10/27) Sandisk(10/30)
3,信越化学＋Sandisk＋Vertiv,4063.T+SNDK+VRT,日本＋海外,C 半導体＋半導体以外,58.1,0.41,0.79,1.15,-248,329,-434,766,-251,623,2,3,信越化学(10/27) Sandisk(10/30) Vertiv(10/21〜28頃)
3,古河電工＋SK hynix＋ASML（米ADR）,5801.T+000660.KS+ASML,日本＋海外,C 半導体＋半導体以外,56.8,0.27,0.73,1.6,-243,321,-427,744,-231,465,0,1,SK hynix(10/27頃)
3,古河電工＋SK hynix＋Lumentum,5801.T+000660.KS+LITE,日本＋海外,C 半導体＋半導体以外,60.8,0.13,0.65,1.34,-258,347,-449,815,-185,683,0,1,SK hynix(10/27頃)
3,古河電工＋SK hynix＋Sandisk,5801.T+000660.KS+SNDK,日本＋海外,C 半導体＋半導体以外,74.1,0.32,0.74,1.9,-305,438,-516,1068,-273,1020,1,2,Sandisk(10/30) SK hynix(10/27頃)
3,古河電工＋SK hynix＋Vertiv,5801.T+000660.KS+VRT,日本＋海外,C 半導体＋半導体以外,63.9,0.38,0.76,1.72,-269,368,-465,870,-265,404,0,2,SK hynix(10/27頃) Vertiv(10/21〜28頃)
3,古河電工＋TSMC＋SK hynix,5801.T+2330.TW+000660.KS,日本＋海外,C 半導体＋半導体以外,57.2,0.43,0.79,1.64,-245,324,-429,752,-192,411,0,1,SK hynix(10/27頃)
3,古河電工＋TSMC＋ASML（米ADR）,5801.T+2330.TW+ASML,日本＋海外,C 半導体＋半導体以外,43.3,0.33,0.76,1.26,-191,236,-346,529,-148,274,0,0,
3,古河電工＋TSMC＋Lumentum,5801.T+2330.TW+LITE,日本＋海外,C 半導体＋半導体以外,52.5,0.17,0.71,1.0,-227,293,-402,673,-148,435,0,0,
3,古河電工＋TSMC＋Micron,5801.T+2330.TW+MU,日本＋海外,C 半導体＋半導体以外,51.0,0.34,0.75,1.49,-221,284,-393,648,-155,427,0,0,
3,古河電工＋TSMC＋Sandisk,5801.T+2330.TW+SNDK,日本＋海外,C 半導体＋半導体以外,57.3,0.27,0.72,1.56,-245,324,-429,752,-191,778,1,1,Sandisk(10/30)
3,古河電工＋TSMC＋Vertiv,5801.T+2330.TW+VRT,日本＋海外,C 半導体＋半導体以外,53.1,0.49,0.84,1.38,-229,297,-406,682,-183,258,0,1,Vertiv(10/21〜28頃)
3,古河電工＋住友電工＋SK hynix,5801.T+5802.T+000660.KS,日本＋海外,C 半導体＋半導体以外,67.6,0.45,0.79,1.98,-282,392,-484,939,-308,417,1,2,住友電工(10/30) SK hynix(10/27頃)
3,古河電工＋住友電工＋TSMC,5801.T+5802.T+2330.TW,日本＋海外,C 半導体＋半導体以外,54.8,0.51,0.85,1.64,-236,308,-416,711,-225,279,1,1,住友電工(10/30)
3,古河電工＋住友電工＋日立,5801.T+5802.T+6501.T,日本のみ,D 半導体なし,54.1,0.39,0.8,1.62,-233,304,-412,700,-189,243,2,2,住友電工(10/30) 日立(10/28)
3,古河電工＋住友電工＋ソフトバンクG,5801.T+5802.T+9984.T,日本のみ,D 半導体なし,64.5,0.41,0.78,1.9,-271,372,-468,881,-291,312,1,1,住友電工(10/30)
3,古河電工＋住友電工＋AMD,5801.T+5802.T+AMD,日本＋海外,C 半導体＋半導体以外,58.7,0.33,0.75,1.87,-250,333,-437,777,-238,338,1,1,住友電工(10/30)
3,古河電工＋住友電工＋ASML（米ADR）,5801.T+5802.T+ASML,日本＋海外,C 半導体＋半導体以外,55.2,0.39,0.79,1.6,-237,311,-418,717,-264,308,1,1,住友電工(10/30)
3,古河電工＋住友電工＋Broadcom,5801.T+5802.T+AVGO,日本＋海外,C 半導体＋半導体以外,55.5,0.4,0.8,1.61,-238,313,-420,723,-264,261,1,1,住友電工(10/30)
3,古河電工＋住友電工＋Lumentum,5801.T+5802.T+LITE,日本＋海外,A 同一サブテーマ,64.9,0.36,0.75,1.34,-272,374,-470,888,-240,480,1,1,住友電工(10/30)
3,古河電工＋住友電工＋Micron,5801.T+5802.T+MU,日本＋海外,C 半導体＋半導体以外,62.5,0.41,0.77,1.83,-264,359,-458,846,-270,432,1,1,住友電工(10/30)
3,古河電工＋住友電工＋NVIDIA,5801.T+5802.T+NVDA,日本＋海外,C 半導体＋半導体以外,54.2,0.41,0.81,1.5,-233,304,-412,700,-214,232,1,1,住友電工(10/30)
3,古河電工＋住友電工＋Sandisk,5801.T+5802.T+SNDK,日本＋海外,C 半導体＋半導体以外,68.4,0.35,0.74,1.9,-285,398,-488,954,-306,808,2,2,住友電工(10/30) Sandisk(10/30)
3,古河電工＋住友電工＋Vertiv,5801.T+5802.T+VRT,日本＋海外,D 半導体なし,64.2,0.57,0.85,1.72,-270,370,-467,876,-298,278,1,2,住友電工(10/30) Vertiv(10/21〜28頃)
3,古河電工＋日立＋SK hynix,5801.T+6501.T+000660.KS,日本＋海外,C 半導体＋半導体以外,54.6,0.22,0.72,1.61,-235,307,-414,707,-156,353,1,2,日立(10/28) SK hynix(10/27頃)
3,古河電工＋日立＋TSMC,5801.T+6501.T+2330.TW,日本＋海外,C 半導体＋半導体以外,42.7,0.36,0.78,1.28,-189,233,-342,519,-99,182,1,1,日立(10/28)
3,古河電工＋日立＋AMD,5801.T+6501.T+AMD,日本＋海外,C 半導体＋半導体以外,46.6,0.17,0.68,1.51,-204,257,-367,579,-115,247,1,1,日立(10/28)
3,古河電工＋日立＋ASML（米ADR）,5801.T+6501.T+ASML,日本＋海外,C 半導体＋半導体以外,42.2,0.19,0.71,1.23,-187,230,-339,512,-105,219,1,1,日立(10/28)
3,古河電工＋日立＋Broadcom,5801.T+6501.T+AVGO,日本＋海外,C 半導体＋半導体以外,44.0,0.26,0.74,1.24,-194,240,-350,539,-149,146,1,1,日立(10/28)
3,古河電工＋日立＋Lumentum,5801.T+6501.T+LITE,日本＋海外,D 半導体なし,53.5,0.17,0.7,0.98,-230,299,-408,688,-165,415,1,1,日立(10/28)
3,古河電工＋日立＋Micron,5801.T+6501.T+MU,日本＋海外,C 半導体＋半導体以外,49.3,0.18,0.7,1.46,-215,273,-383,622,-112,384,1,1,日立(10/28)
3,古河電工＋日立＋NVIDIA,5801.T+6501.T+NVDA,日本＋海外,C 半導体＋半導体以外,42.6,0.29,0.75,1.14,-188,232,-341,518,-116,145,1,1,日立(10/28)
3,古河電工＋日立＋Sandisk,5801.T+6501.T+SNDK,日本＋海外,C 半導体＋半導体以外,56.1,0.15,0.68,1.53,-240,316,-423,733,-148,706,2,2,日立(10/28) Sandisk(10/30)
3,古河電工＋日立＋Vertiv,5801.T+6501.T+VRT,日本＋海外,D 半導体なし,51.7,0.33,0.79,1.35,-224,288,-397,659,-169,197,1,2,日立(10/28) Vertiv(10/21〜28頃)
3,古河電工＋ソフトバンクG＋SK hynix,5801.T+9984.T+000660.KS,日本＋海外,C 半導体＋半導体以外,67.2,0.31,0.74,1.9,-280,390,-482,931,-257,522,0,1,SK hynix(10/27頃)
3,古河電工＋ソフトバンクG＋TSMC,5801.T+9984.T+2330.TW,日本＋海外,C 半導体＋半導体以外,54.3,0.38,0.77,1.56,-234,305,-413,703,-186,246,0,0,
3,古河電工＋ソフトバンクG＋日立,5801.T+9984.T+6501.T,日本のみ,D 半導体なし,54.1,0.29,0.74,1.53,-233,303,-411,698,-186,231,1,1,日立(10/28)
3,古河電工＋ソフトバンクG＋AMD,5801.T+9984.T+AMD,日本＋海外,C 半導体＋半導体以外,61.7,0.31,0.73,1.79,-261,353,-454,831,-217,423,0,0,
3,古河電工＋ソフトバンクG＋ASML（米ADR）,5801.T+9984.T+ASML,日本＋海外,C 半導体＋半導体以外,53.4,0.21,0.71,1.52,-230,299,-407,687,-163,293,0,0,
3,古河電工＋ソフトバンクG＋Broadcom,5801.T+9984.T+AVGO,日本＋海外,C 半導体＋半導体以外,55.2,0.29,0.73,1.53,-237,311,-418,718,-247,224,0,0,
3,古河電工＋ソフトバンクG＋Lumentum,5801.T+9984.T+LITE,日本＋海外,D 半導体なし,58.9,0.11,0.64,1.26,-251,334,-438,780,-211,512,0,0,
3,古河電工＋ソフトバンクG＋Micron,5801.T+9984.T+MU,日本＋海外,C 半導体＋半導体以外,60.8,0.24,0.7,1.75,-258,347,-449,815,-191,552,0,0,
3,古河電工＋ソフトバンクG＋NVIDIA,5801.T+9984.T+NVDA,日本＋海外,C 半導体＋半導体以外,54.1,0.32,0.75,1.42,-233,304,-412,700,-184,190,0,0,
3,古河電工＋ソフトバンクG＋Sandisk,5801.T+9984.T+SNDK,日本＋海外,C 半導体＋半導体以外,65.3,0.17,0.67,1.81,-274,377,-473,897,-216,979,1,1,Sandisk(10/30)
3,古河電工＋ソフトバンクG＋Vertiv,5801.T+9984.T+VRT,日本＋海外,D 半導体なし,62.7,0.4,0.77,1.64,-264,359,-459,848,-246,297,0,1,Vertiv(10/21〜28頃)
3,古河電工＋AMD＋SK hynix,5801.T+AMD+000660.KS,日本＋海外,C 半導体＋半導体以外,62.1,0.26,0.72,1.87,-262,355,-456,837,-205,501,0,1,SK hynix(10/27頃)
3,古河電工＋AMD＋TSMC,5801.T+AMD+2330.TW,日本＋海外,C 半導体＋半導体以外,48.3,0.32,0.73,1.53,-211,267,-377,604,-123,266,0,0,
3,古河電工＋AMD＋ASML（米ADR）,5801.T+AMD+ASML,日本＋海外,C 半導体＋半導体以外,48.5,0.2,0.69,1.49,-211,268,-378,608,-161,341,0,0,
3,古河電工＋AMD＋Lumentum,5801.T+AMD+LITE,日本＋海外,C 半導体＋半導体以外,54.3,0.06,0.62,1.23,-233,304,-412,702,-141,572,0,0,
3,古河電工＋AMD＋Micron,5801.T+AMD+MU,日本＋海外,C 半導体＋半導体以外,58.6,0.28,0.71,1.72,-250,333,-437,776,-168,513,0,0,
3,古河電工＋AMD＋Sandisk,5801.T+AMD+SNDK,日本＋海外,C 半導体＋半導体以外,63.7,0.19,0.68,1.79,-268,366,-464,866,-204,972,1,1,Sandisk(10/30)
3,古河電工＋AMD＋Vertiv,5801.T+AMD+VRT,日本＋海外,C 半導体＋半導体以外,58.1,0.36,0.76,1.61,-248,329,-434,767,-196,313,0,1,Vertiv(10/21〜28頃)
3,古河電工＋ASML（米ADR）＋Lumentum,5801.T+ASML+LITE,日本＋海外,C 半導体＋半導体以外,55.7,0.22,0.71,0.96,-239,314,-421,726,-149,478,0,0,
3,古河電工＋ASML（米ADR）＋Vertiv,5801.T+ASML+VRT,日本＋海外,C 半導体＋半導体以外,53.8,0.4,0.8,1.34,-232,302,-410,695,-222,302,0,1,Vertiv(10/21〜28頃)
3,古河電工＋Broadcom＋SK hynix,5801.T+AVGO+000660.KS,日本＋海外,C 半導体＋半導体以外,56.6,0.26,0.73,1.61,-242,320,-426,741,-231,374,0,1,SK hynix(10/27頃)
3,古河電工＋Broadcom＋TSMC,5801.T+AVGO+2330.TW,日本＋海外,C 半導体＋半導体以外,44.3,0.35,0.78,1.27,-195,243,-352,544,-149,201,0,0,
3,古河電工＋Broadcom＋AMD,5801.T+AVGO+AMD,日本＋海外,C 半導体＋半導体以外,49.6,0.24,0.7,1.5,-216,275,-385,626,-176,269,0,0,
3,古河電工＋Broadcom＋ASML（米ADR）,5801.T+AVGO+ASML,日本＋海外,C 半導体＋半導体以外,45.1,0.27,0.73,1.23,-198,247,-357,556,-187,259,0,0,
3,古河電工＋Broadcom＋Lumentum,5801.T+AVGO+LITE,日本＋海外,C 半導体＋半導体以外,56.8,0.26,0.73,0.97,-243,321,-427,745,-189,440,0,0,
3,古河電工＋Broadcom＋Micron,5801.T+AVGO+MU,日本＋海外,C 半導体＋半導体以外,52.5,0.27,0.72,1.45,-227,293,-402,673,-193,401,0,0,
3,古河電工＋Broadcom＋Sandisk,5801.T+AVGO+SNDK,日本＋海外,C 半導体＋半導体以外,58.3,0.2,0.69,1.52,-249,331,-435,771,-229,765,1,1,Sandisk(10/30)
3,古河電工＋Broadcom＋Vertiv,5801.T+AVGO+VRT,日本＋海外,C 半導体＋半導体以外,55.0,0.45,0.81,1.35,-236,310,-417,715,-222,215,0,1,Vertiv(10/21〜28頃)
3,古河電工＋Lumentum＋Vertiv,5801.T+LITE+VRT,日本＋海外,D 半導体なし,64.8,0.4,0.77,1.08,-272,374,-470,887,-256,444,0,1,Vertiv(10/21〜28頃)
3,古河電工＋Micron＋SK hynix,5801.T+MU+000660.KS,日本＋海外,C 半導体＋半導体以外,67.9,0.38,0.76,1.83,-283,395,-486,946,-237,653,0,1,SK hynix(10/27頃)
3,古河電工＋Micron＋ASML（米ADR）,5801.T+MU+ASML,日本＋海外,C 半導体＋半導体以外,53.4,0.31,0.73,1.45,-230,299,-408,688,-193,487,0,0,
3,古河電工＋Micron＋Lumentum,5801.T+MU+LITE,日本＋海外,C 半導体＋半導体以外,59.6,0.16,0.66,1.19,-253,339,-442,792,-126,704,0,0,
3,古河電工＋Micron＋Sandisk,5801.T+MU+SNDK,日本＋海外,C 半導体＋半導体以外,72.9,0.37,0.76,1.74,-300,429,-511,1043,-236,1001,1,1,Sandisk(10/30)
3,古河電工＋Micron＋Vertiv,5801.T+MU+VRT,日本＋海外,C 半導体＋半導体以外,60.9,0.4,0.77,1.57,-258,348,-449,816,-228,422,0,1,Vertiv(10/21〜28頃)
3,古河電工＋NVIDIA＋SK hynix,5801.T+NVDA+000660.KS,日本＋海外,C 半導体＋半導体以外,54.1,0.22,0.73,1.5,-233,304,-412,700,-181,333,0,1,SK hynix(10/27頃)
3,古河電工＋NVIDIA＋TSMC,5801.T+NVDA+2330.TW,日本＋海外,C 半導体＋半導体以外,42.3,0.32,0.78,1.16,-187,230,-339,513,-100,167,0,0,
3,古河電工＋NVIDIA＋AMD,5801.T+NVDA+AMD,日本＋海外,C 半導体＋半導体以外,48.3,0.27,0.71,1.39,-211,267,-377,605,-112,216,0,0,
3,古河電工＋NVIDIA＋ASML（米ADR）,5801.T+NVDA+ASML,日本＋海外,C 半導体＋半導体以外,43.4,0.29,0.74,1.12,-192,237,-347,531,-137,224,0,0,
3,古河電工＋NVIDIA＋Broadcom,5801.T+NVDA+AVGO,日本＋海外,C 半導体＋半導体以外,45.3,0.37,0.77,1.13,-199,248,-358,559,-143,146,0,0,
3,古河電工＋NVIDIA＋Lumentum,5801.T+NVDA+LITE,日本＋海外,C 半導体＋半導体以外,54.6,0.24,0.72,0.86,-235,307,-414,708,-180,403,0,0,
3,古河電工＋NVIDIA＋Micron,5801.T+NVDA+MU,日本＋海外,C 半導体＋半導体以外,51.0,0.28,0.73,1.35,-221,284,-393,648,-143,363,0,0,
3,古河電工＋NVIDIA＋Sandisk,5801.T+NVDA+SNDK,日本＋海外,C 半導体＋半導体以外,57.5,0.23,0.71,1.42,-246,326,-431,757,-184,733,1,1,Sandisk(10/30)
3,古河電工＋NVIDIA＋Vertiv,5801.T+NVDA+VRT,日本＋海外,C 半導体＋半導体以外,54.1,0.5,0.83,1.24,-233,303,-411,699,-207,208,0,1,Vertiv(10/21〜28頃)
3,古河電工＋Sandisk＋ASML（米ADR）,5801.T+SNDK+ASML,日本＋海外,C 半導体＋半導体以外,61.4,0.3,0.73,1.52,-260,351,-452,825,-229,804,1,1,Sandisk(10/30)
3,古河電工＋Sandisk＋Lumentum,5801.T+SNDK+LITE,日本＋海外,C 半導体＋半導体以外,68.5,0.19,0.68,1.26,-285,399,-489,956,-233,1002,1,1,Sandisk(10/30)
3,古河電工＋Sandisk＋Vertiv,5801.T+SNDK+VRT,日本＋海外,C 半導体＋半導体以外,67.9,0.38,0.75,1.64,-283,395,-486,945,-264,816,1,2,Sandisk(10/30) Vertiv(10/21〜28頃)
3,住友電工＋SK hynix＋ASML（米ADR）,5802.T+000660.KS+ASML,日本＋海外,C 半導体＋半導体以外,55.4,0.39,0.79,1.56,-238,312,-419,721,-274,414,1,2,住友電工(10/30) SK hynix(10/27頃)
3,住友電工＋SK hynix＋Lumentum,5802.T+000660.KS+LITE,日本＋海外,C 半導体＋半導体以外,57.3,0.17,0.66,1.3,-245,324,-429,753,-206,622,1,2,住友電工(10/30) SK hynix(10/27頃)
3,住友電工＋SK hynix＋Sandisk,5802.T+000660.KS+SNDK,日本＋海外,C 半導体＋半導体以外,74.3,0.44,0.8,1.85,-305,439,-517,1071,-316,769,2,3,住友電工(10/30) Sandisk(10/30) SK hynix(10/27頃)
3,住友電工＋SK hynix＋Vertiv,5802.T+000660.KS+VRT,日本＋海外,C 半導体＋半導体以外,59.1,0.39,0.77,1.68,-251,336,-440,785,-309,438,1,3,住友電工(10/30) SK hynix(10/27頃) Vertiv(10/21〜28頃)
3,住友電工＋TSMC＋SK hynix,5802.T+2330.TW+000660.KS,日本＋海外,C 半導体＋半導体以外,54.7,0.52,0.83,1.6,-235,308,-415,710,-236,399,1,2,住友電工(10/30) SK hynix(10/27頃)
3,住友電工＋TSMC＋ASML（米ADR）,5802.T+2330.TW+ASML,日本＋海外,C 半導体＋半導体以外,39.7,0.43,0.8,1.22,-177,215,-322,476,-192,262,1,1,住友電工(10/30)
3,住友電工＋TSMC＋Lumentum,5802.T+2330.TW+LITE,日本＋海外,C 半導体＋半導体以外,46.8,0.19,0.7,0.96,-205,258,-368,582,-124,394,1,1,住友電工(10/30)
3,住友電工＋TSMC＋Micron,5802.T+2330.TW+MU,日本＋海外,C 半導体＋半導体以外,49.1,0.44,0.8,1.45,-214,272,-382,617,-198,425,1,1,住友電工(10/30)
3,住友電工＋TSMC＋Sandisk,5802.T+2330.TW+SNDK,日本＋海外,C 半導体＋半導体以外,56.2,0.36,0.78,1.52,-241,317,-423,735,-234,636,2,2,住友電工(10/30) Sandisk(10/30)
3,住友電工＋TSMC＋Vertiv,5802.T+2330.TW+VRT,日本＋海外,C 半導体＋半導体以外,45.7,0.47,0.82,1.34,-200,251,-361,564,-226,263,1,2,住友電工(10/30) Vertiv(10/21〜28頃)
3,住友電工＋日立＋SK hynix,5802.T+6501.T+000660.KS,日本＋海外,C 半導体＋半導体以外,52.5,0.32,0.77,1.57,-227,293,-402,673,-192,334,2,3,住友電工(10/30) 日立(10/28) SK hynix(10/27頃)
3,住友電工＋日立＋TSMC,5802.T+6501.T+2330.TW,日本＋海外,C 半導体＋半導体以外,38.1,0.43,0.8,1.23,-170,205,-312,453,-110,202,2,2,住友電工(10/30) 日立(10/28)
3,住友電工＋日立＋AMD,5802.T+6501.T+AMD,日本＋海外,C 半導体＋半導体以外,44.9,0.27,0.73,1.47,-198,246,-356,553,-129,190,2,2,住友電工(10/30) 日立(10/28)
3,住友電工＋日立＋ASML（米ADR）,5802.T+6501.T+ASML,日本＋海外,C 半導体＋半導体以外,39.2,0.3,0.75,1.19,-175,212,-319,469,-149,198,2,2,住友電工(10/30) 日立(10/28)
3,住友電工＋日立＋Broadcom,5802.T+6501.T+AVGO,日本＋海外,C 半導体＋半導体以外,38.9,0.3,0.74,1.2,-174,210,-317,465,-160,153,2,2,住友電工(10/30) 日立(10/28)
3,住友電工＋日立＋Lumentum,5802.T+6501.T+LITE,日本＋海外,D 半導体なし,48.5,0.2,0.7,0.94,-211,268,-378,608,-118,310,2,2,住友電工(10/30) 日立(10/28)
3,住友電工＋日立＋Micron,5802.T+6501.T+MU,日本＋海外,C 半導体＋半導体以外,48.0,0.3,0.75,1.42,-210,265,-375,600,-155,356,2,2,住友電工(10/30) 日立(10/28)
3,住友電工＋日立＋NVIDIA,5802.T+6501.T+NVDA,日本＋海外,C 半導体＋半導体以外,37.7,0.34,0.76,1.1,-169,203,-309,447,-99,157,2,2,住友電工(10/30) 日立(10/28)
3,住友電工＋日立＋Sandisk,5802.T+6501.T+SNDK,日本＋海外,C 半導体＋半導体以外,55.5,0.26,0.74,1.49,-238,313,-420,723,-191,580,3,3,住友電工(10/30) 日立(10/28) Sandisk(10/30)
3,住友電工＋日立＋Vertiv,5802.T+6501.T+VRT,日本＋海外,D 半導体なし,44.7,0.32,0.76,1.31,-197,245,-354,549,-183,219,2,3,住友電工(10/30) 日立(10/28) Vertiv(10/21〜28頃)
3,住友電工＋ソフトバンクG＋SK hynix,5802.T+9984.T+000660.KS,日本＋海外,C 半導体＋半導体以外,65.2,0.4,0.78,1.86,-274,377,-472,895,-271,387,1,2,住友電工(10/30) SK hynix(10/27頃)
3,住友電工＋ソフトバンクG＋TSMC,5802.T+9984.T+2330.TW,日本＋海外,C 半導体＋半導体以外,50.5,0.44,0.8,1.52,-219,281,-390,640,-207,218,1,1,住友電工(10/30)
3,住友電工＋ソフトバンクG＋日立,5802.T+9984.T+6501.T,日本のみ,D 半導体なし,50.8,0.36,0.77,1.49,-220,282,-392,645,-200,158,2,2,住友電工(10/30) 日立(10/28)
3,住友電工＋ソフトバンクG＋AMD,5802.T+9984.T+AMD,日本＋海外,C 半導体＋半導体以外,60.2,0.4,0.78,1.75,-255,343,-446,803,-230,184,1,1,住友電工(10/30)
3,住友電工＋ソフトバンクG＋ASML（米ADR）,5802.T+9984.T+ASML,日本＋海外,C 半導体＋半導体以外,50.7,0.31,0.74,1.48,-220,282,-392,644,-206,211,1,1,住友電工(10/30)
3,住友電工＋ソフトバンクG＋Broadcom,5802.T+9984.T+AVGO,日本＋海外,C 半導体＋半導体以外,51.0,0.31,0.75,1.48,-221,284,-393,648,-261,151,1,1,住友電工(10/30)
3,住友電工＋ソフトバンクG＋Lumentum,5802.T+9984.T+LITE,日本＋海外,D 半導体なし,54.1,0.13,0.64,1.22,-233,303,-411,699,-201,461,1,1,住友電工(10/30)
3,住友電工＋ソフトバンクG＋Micron,5802.T+9984.T+MU,日本＋海外,C 半導体＋半導体以外,59.5,0.34,0.75,1.7,-253,338,-442,791,-212,375,1,1,住友電工(10/30)
3,住友電工＋ソフトバンクG＋NVIDIA,5802.T+9984.T+NVDA,日本＋海外,C 半導体＋半導体以外,50.1,0.35,0.77,1.38,-218,278,-388,633,-197,169,1,1,住友電工(10/30)
3,住友電工＋ソフトバンクG＋Sandisk,5802.T+9984.T+SNDK,日本＋海外,C 半導体＋半導体以外,64.6,0.27,0.71,1.77,-271,372,-469,883,-248,562,2,2,住友電工(10/30) Sandisk(10/30)
3,住友電工＋ソフトバンクG＋Vertiv,5802.T+9984.T+VRT,日本＋海外,D 半導体なし,56.7,0.38,0.76,1.6,-243,320,-426,743,-261,294,1,2,住友電工(10/30) Vertiv(10/21〜28頃)
3,住友電工＋AMD＋SK hynix,5802.T+AMD+000660.KS,日本＋海外,C 半導体＋半導体以外,61.5,0.38,0.77,1.83,-260,352,-453,827,-248,423,1,2,住友電工(10/30) SK hynix(10/27頃)
3,住友電工＋AMD＋TSMC,5802.T+AMD+2330.TW,日本＋海外,C 半導体＋半導体以外,46.0,0.42,0.78,1.49,-202,253,-363,569,-166,282,1,1,住友電工(10/30)
3,住友電工＋AMD＋ASML（米ADR）,5802.T+AMD+ASML,日本＋海外,C 半導体＋半導体以外,47.6,0.33,0.75,1.45,-208,262,-373,594,-204,292,1,1,住友電工(10/30)
3,住友電工＋AMD＋Lumentum,5802.T+AMD+LITE,日本＋海外,C 半導体＋半導体以外,50.9,0.11,0.63,1.19,-221,283,-393,646,-137,513,1,1,住友電工(10/30)
3,住友電工＋AMD＋Micron,5802.T+AMD+MU,日本＋海外,C 半導体＋半導体以外,58.8,0.42,0.79,1.68,-250,334,-438,780,-211,424,1,1,住友電工(10/30)
3,住友電工＋AMD＋Sandisk,5802.T+AMD+SNDK,日本＋海外,C 半導体＋半導体以外,64.4,0.32,0.75,1.75,-271,371,-468,880,-247,713,2,2,住友電工(10/30) Sandisk(10/30)
3,住友電工＋AMD＋Vertiv,5802.T+AMD+VRT,日本＋海外,C 半導体＋半導体以外,53.4,0.38,0.77,1.57,-230,299,-407,688,-239,347,1,2,住友電工(10/30) Vertiv(10/21〜28頃)
3,住友電工＋ASML（米ADR）＋Lumentum,5802.T+ASML+LITE,日本＋海外,C 半導体＋半導体以外,51.6,0.28,0.72,0.92,-224,288,-397,659,-163,448,1,1,住友電工(10/30)
3,住友電工＋ASML（米ADR）＋Vertiv,5802.T+ASML+VRT,日本＋海外,C 半導体＋半導体以外,47.9,0.42,0.79,1.3,-209,264,-374,599,-265,282,1,2,住友電工(10/30) Vertiv(10/21〜28頃)
3,住友電工＋Broadcom＋SK hynix,5802.T+AVGO+000660.KS,日本＋海外,C 半導体＋半導体以外,53.6,0.32,0.76,1.57,-231,300,-409,691,-274,376,1,2,住友電工(10/30) SK hynix(10/27頃)
3,住友電工＋Broadcom＋TSMC,5802.T+AVGO+2330.TW,日本＋海外,C 半導体＋半導体以外,38.6,0.38,0.77,1.23,-172,208,-315,460,-192,232,1,1,住友電工(10/30)
3,住友電工＋Broadcom＋AMD,5802.T+AVGO+AMD,日本＋海外,C 半導体＋半導体以外,46.9,0.3,0.74,1.46,-205,258,-368,583,-204,223,1,1,住友電工(10/30)
3,住友電工＋Broadcom＋ASML（米ADR）,5802.T+AVGO+ASML,日本＋海外,C 半導体＋半導体以外,41.1,0.34,0.75,1.19,-182,223,-331,496,-230,234,1,1,住友電工(10/30)
3,住友電工＋Broadcom＋Lumentum,5802.T+AVGO+LITE,日本＋海外,C 半導体＋半導体以外,51.1,0.25,0.72,0.93,-222,285,-394,651,-165,395,1,1,住友電工(10/30)
3,住友電工＋Broadcom＋Micron,5802.T+AVGO+MU,日本＋海外,C 半導体＋半導体以外,50.2,0.34,0.76,1.41,-218,279,-389,636,-237,392,1,1,住友電工(10/30)
3,住友電工＋Broadcom＋Sandisk,5802.T+AVGO+SNDK,日本＋海外,C 半導体＋半導体以外,56.9,0.26,0.74,1.48,-243,321,-427,746,-273,607,2,2,住友電工(10/30) Sandisk(10/30)
3,住友電工＋Broadcom＋Vertiv,5802.T+AVGO+VRT,日本＋海外,C 半導体＋半導体以外,47.4,0.4,0.78,1.3,-207,262,-372,591,-265,251,1,2,住友電工(10/30) Vertiv(10/21〜28頃)
3,住友電工＋Lumentum＋Vertiv,5802.T+LITE+VRT,日本＋海外,D 半導体なし,57.7,0.34,0.75,1.04,-246,327,-432,760,-232,450,1,2,住友電工(10/30) Vertiv(10/21〜28頃)
3,住友電工＋Micron＋SK hynix,5802.T+MU+000660.KS,日本＋海外,C 半導体＋半導体以外,67.6,0.51,0.83,1.78,-282,393,-484,940,-280,578,1,2,住友電工(10/30) SK hynix(10/27頃)
3,住友電工＋Micron＋ASML（米ADR）,5802.T+MU+ASML,日本＋海外,C 半導体＋半導体以外,52.9,0.46,0.8,1.4,-228,296,-404,679,-237,445,1,1,住友電工(10/30)
3,住友電工＋Micron＋Lumentum,5802.T+MU+LITE,日本＋海外,C 半導体＋半導体以外,56.7,0.22,0.69,1.15,-243,320,-426,743,-169,609,1,1,住友電工(10/30)
3,住友電工＋Micron＋Sandisk,5802.T+MU+SNDK,日本＋海外,C 半導体＋半導体以外,73.8,0.51,0.84,1.7,-303,435,-515,1060,-279,826,2,2,住友電工(10/30) Sandisk(10/30)
3,住友電工＋Micron＋Vertiv,5802.T+MU+VRT,日本＋海外,C 半導体＋半導体以外,56.7,0.43,0.79,1.52,-243,320,-426,743,-271,449,1,2,住友電工(10/30) Vertiv(10/21〜28頃)
3,住友電工＋NVIDIA＋SK hynix,5802.T+NVDA+000660.KS,日本＋海外,C 半導体＋半導体以外,51.3,0.29,0.76,1.46,-222,285,-395,652,-224,356,1,2,住友電工(10/30) SK hynix(10/27頃)
3,住友電工＋NVIDIA＋TSMC,5802.T+NVDA+2330.TW,日本＋海外,C 半導体＋半導体以外,36.6,0.35,0.78,1.12,-164,196,-301,431,-142,215,1,1,住友電工(10/30)
3,住友電工＋NVIDIA＋AMD,5802.T+NVDA+AMD,日本＋海外,C 半導体＋半導体以外,45.7,0.34,0.75,1.35,-201,251,-361,565,-154,201,1,1,住友電工(10/30)
3,住友電工＋NVIDIA＋ASML（米ADR）,5802.T+NVDA+ASML,日本＋海外,C 半導体＋半導体以外,39.6,0.36,0.77,1.08,-176,214,-321,474,-180,228,1,1,住友電工(10/30)
3,住友電工＋NVIDIA＋Broadcom,5802.T+NVDA+AVGO,日本＋海外,C 半導体＋半導体以外,39.4,0.38,0.76,1.09,-176,213,-320,472,-180,184,1,1,住友電工(10/30)
3,住友電工＋NVIDIA＋Lumentum,5802.T+NVDA+LITE,日本＋海外,C 半導体＋半導体以外,48.9,0.23,0.72,0.82,-213,271,-381,615,-156,369,1,1,住友電工(10/30)
3,住友電工＋NVIDIA＋Micron,5802.T+NVDA+MU,日本＋海外,C 半導体＋半導体以外,48.9,0.37,0.78,1.31,-213,271,-381,615,-187,392,1,1,住友電工(10/30)
3,住友電工＋NVIDIA＋Sandisk,5802.T+NVDA+SNDK,日本＋海外,C 半導体＋半導体以外,56.3,0.3,0.76,1.38,-241,318,-424,736,-223,585,2,2,住友電工(10/30) Sandisk(10/30)
3,住友電工＋NVIDIA＋Vertiv,5802.T+NVDA+VRT,日本＋海外,C 半導体＋半導体以外,46.6,0.46,0.81,1.2,-204,256,-366,578,-215,230,1,2,住友電工(10/30) Vertiv(10/21〜28頃)
3,住友電工＋Sandisk＋ASML（米ADR）,5802.T+SNDK+ASML,日本＋海外,C 半導体＋半導体以外,61.5,0.43,0.8,1.47,-260,352,-453,827,-273,663,2,2,住友電工(10/30) Sandisk(10/30)
3,住友電工＋Sandisk＋Lumentum,5802.T+SNDK+LITE,日本＋海外,C 半導体＋半導体以外,66.6,0.25,0.71,1.22,-278,386,-479,920,-209,908,2,2,住友電工(10/30) Sandisk(10/30)
3,住友電工＋Sandisk＋Vertiv,5802.T+SNDK+VRT,日本＋海外,C 半導体＋半導体以外,64.7,0.4,0.78,1.59,-272,373,-470,885,-307,698,2,3,住友電工(10/30) Sandisk(10/30) Vertiv(10/21〜28頃)
3,フジクラ＋SK hynix＋ASML（米ADR）,5803.T+000660.KS+ASML,日本＋海外,C 半導体＋半導体以外,56.3,0.3,0.75,1.51,-241,318,-424,736,-180,399,0,1,SK hynix(10/27頃)
3,フジクラ＋SK hynix＋Lumentum,5803.T+000660.KS+LITE,日本＋海外,C 半導体＋半導体以外,60.2,0.15,0.65,1.25,-255,343,-446,804,-165,649,0,1,SK hynix(10/27頃)
3,フジクラ＋SK hynix＋Sandisk,5803.T+000660.KS+SNDK,日本＋海外,C 半導体＋半導体以外,74.5,0.36,0.76,1.81,-306,441,-518,1076,-205,777,1,2,Sandisk(10/30) SK hynix(10/27頃)
3,フジクラ＋SK hynix＋Vertiv,5803.T+000660.KS+VRT,日本＋海外,C 半導体＋半導体以外,60.9,0.33,0.75,1.63,-258,348,-449,816,-217,453,0,2,SK hynix(10/27頃) Vertiv(10/21〜28頃)
3,フジクラ＋TSMC＋SK hynix,5803.T+2330.TW+000660.KS,日本＋海外,C 半導体＋半導体以外,56.2,0.44,0.79,1.55,-241,317,-423,734,-142,416,0,1,SK hynix(10/27頃)
3,フジクラ＋TSMC＋ASML（米ADR）,5803.T+2330.TW+ASML,日本＋海外,C 半導体＋半導体以外,42.1,0.35,0.77,1.17,-186,229,-338,511,-91,247,0,0,
3,フジクラ＋TSMC＋Lumentum,5803.T+2330.TW+LITE,日本＋海外,C 半導体＋半導体以外,51.3,0.18,0.72,0.91,-222,286,-395,653,-171,502,0,0,
3,フジクラ＋TSMC＋Micron,5803.T+2330.TW+MU,日本＋海外,C 半導体＋半導体以外,50.7,0.36,0.76,1.4,-220,282,-391,643,-103,392,0,0,
3,フジクラ＋TSMC＋Sandisk,5803.T+2330.TW+SNDK,日本＋海外,C 半導体＋半導体以外,57.4,0.29,0.74,1.47,-245,324,-430,754,-175,640,1,1,Sandisk(10/30)
3,フジクラ＋TSMC＋Vertiv,5803.T+2330.TW+VRT,日本＋海外,C 半導体＋半導体以外,48.9,0.43,0.8,1.29,-213,271,-381,615,-198,247,0,1,Vertiv(10/21〜28頃)
3,フジクラ＋古河電工＋SK hynix,5803.T+5801.T+000660.KS,日本＋海外,C 半導体＋半導体以外,68.9,0.37,0.76,1.93,-286,401,-491,964,-200,485,0,1,SK hynix(10/27頃)
3,フジクラ＋古河電工＋TSMC,5803.T+5801.T+2330.TW,日本＋海外,C 半導体＋半導体以外,57.3,0.45,0.82,1.59,-245,324,-430,753,-206,291,0,0,
3,フジクラ＋古河電工＋住友電工,5803.T+5801.T+5802.T,日本のみ,A 同一サブテーマ,69.0,0.55,0.84,1.93,-287,402,-492,967,-297,308,1,1,住友電工(10/30)
3,フジクラ＋古河電工＋日立,5803.T+5801.T+6501.T,日本のみ,D 半導体なし,56.9,0.35,0.78,1.57,-243,322,-428,747,-200,239,1,1,日立(10/28)
3,フジクラ＋古河電工＋ソフトバンクG,5803.T+5801.T+9984.T,日本のみ,D 半導体なし,66.0,0.34,0.75,1.85,-276,382,-476,909,-269,385,0,0,
3,フジクラ＋古河電工＋AMD,5803.T+5801.T+AMD,日本＋海外,C 半導体＋半導体以外,61.4,0.3,0.73,1.83,-260,351,-452,826,-199,401,0,0,
3,フジクラ＋古河電工＋ASML（米ADR）,5803.T+5801.T+ASML,日本＋海外,C 半導体＋半導体以外,57.1,0.31,0.77,1.55,-244,323,-429,750,-207,300,0,0,
3,フジクラ＋古河電工＋Broadcom,5803.T+5801.T+AVGO,日本＋海外,C 半導体＋半導体以外,58.4,0.37,0.78,1.56,-249,332,-436,773,-247,246,0,0,
3,フジクラ＋古河電工＋Lumentum,5803.T+5801.T+LITE,日本＋海外,A 同一サブテーマ,68.3,0.34,0.75,1.3,-284,398,-488,953,-286,505,0,0,
3,フジクラ＋古河電工＋Micron,5803.T+5801.T+MU,日本＋海外,C 半導体＋半導体以外,63.9,0.33,0.74,1.78,-269,368,-466,871,-180,550,0,0,
3,フジクラ＋古河電工＋NVIDIA,5803.T+5801.T+NVDA,日本＋海外,C 半導体＋半導体以外,56.9,0.37,0.79,1.46,-243,322,-427,747,-237,215,0,0,
3,フジクラ＋古河電工＋Sandisk,5803.T+5801.T+SNDK,日本＋海外,C 半導体＋半導体以外,69.4,0.28,0.72,1.85,-288,405,-494,975,-290,790,1,1,Sandisk(10/30)
3,フジクラ＋古河電工＋Vertiv,5803.T+5801.T+VRT,日本＋海外,D 半導体なし,66.7,0.52,0.83,1.67,-279,387,-480,923,-313,264,0,1,Vertiv(10/21〜28頃)
3,フジクラ＋住友電工＋SK hynix,5803.T+5802.T+000660.KS,日本＋海外,C 半導体＋半導体以外,65.7,0.44,0.79,1.89,-275,380,-475,903,-248,475,1,2,住友電工(10/30) SK hynix(10/27頃)
3,フジクラ＋住友電工＋TSMC,5803.T+5802.T+2330.TW,日本＋海外,C 半導体＋半導体以外,52.0,0.48,0.83,1.55,-225,290,-399,665,-182,287,1,1,住友電工(10/30)
3,フジクラ＋住友電工＋日立,5803.T+5802.T+6501.T,日本のみ,D 半導体なし,52.2,0.4,0.8,1.53,-226,291,-400,667,-176,209,2,2,住友電工(10/30) 日立(10/28)
3,フジクラ＋住友電工＋ソフトバンクG,5803.T+5802.T+9984.T,日本のみ,D 半導体なし,61.7,0.38,0.76,1.81,-261,353,-454,830,-245,293,1,1,住友電工(10/30)
3,フジクラ＋住友電工＋AMD,5803.T+5802.T+AMD,日本＋海外,C 半導体＋半導体以外,58.4,0.37,0.76,1.78,-249,331,-436,772,-175,352,1,1,住友電工(10/30)
3,フジクラ＋住友電工＋ASML（米ADR）,5803.T+5802.T+ASML,日本＋海外,C 半導体＋半導体以外,53.0,0.39,0.79,1.51,-229,297,-405,682,-197,279,1,1,住友電工(10/30)
3,フジクラ＋住友電工＋Broadcom,5803.T+5802.T+AVGO,日本＋海外,C 半導体＋半導体以外,52.8,0.37,0.78,1.52,-228,295,-404,678,-223,258,1,1,住友電工(10/30)
3,フジクラ＋住友電工＋Lumentum,5803.T+5802.T+LITE,日本＋海外,A 同一サブテーマ,62.9,0.34,0.75,1.25,-265,361,-460,851,-262,558,1,1,住友電工(10/30)
3,フジクラ＋住友電工＋Micron,5803.T+5802.T+MU,日本＋海外,C 半導体＋半導体以外,61.2,0.41,0.78,1.74,-259,350,-451,822,-210,460,1,1,住友電工(10/30)
3,フジクラ＋住友電工＋NVIDIA,5803.T+5802.T+NVDA,日本＋海外,C 半導体＋半導体以外,51.4,0.39,0.8,1.41,-223,286,-396,655,-214,253,1,1,住友電工(10/30)
3,フジクラ＋住友電工＋Sandisk,5803.T+5802.T+SNDK,日本＋海外,C 半導体＋半導体以外,67.5,0.36,0.75,1.81,-282,392,-484,937,-266,679,2,2,住友電工(10/30) Sandisk(10/30)
3,フジクラ＋住友電工＋Vertiv,5803.T+5802.T+VRT,日本＋海外,D 半導体なし,59.7,0.48,0.81,1.63,-254,340,-443,796,-289,286,1,2,住友電工(10/30) Vertiv(10/21〜28頃)
3,フジクラ＋日立＋SK hynix,5803.T+6501.T+000660.KS,日本＋海外,C 半導体＋半導体以外,54.3,0.27,0.74,1.53,-234,305,-413,702,-78,347,1,2,日立(10/28) SK hynix(10/27頃)
3,フジクラ＋日立＋TSMC,5803.T+6501.T+2330.TW,日本＋海外,C 半導体＋半導体以外,41.8,0.39,0.79,1.19,-185,227,-336,505,-105,178,1,1,日立(10/28)
3,フジクラ＋日立＋AMD,5803.T+6501.T+AMD,日本＋海外,C 半導体＋半導体以外,48.6,0.26,0.73,1.42,-212,269,-379,609,-77,252,1,1,日立(10/28)
3,フジクラ＋日立＋ASML（米ADR）,5803.T+6501.T+ASML,日本＋海外,C 半導体＋半導体以外,42.0,0.24,0.73,1.15,-186,229,-338,509,-85,181,1,1,日立(10/28)
3,フジクラ＋日立＋Broadcom,5803.T+6501.T+AVGO,日本＋海外,C 半導体＋半導体以外,43.1,0.3,0.75,1.15,-191,235,-345,526,-155,123,1,1,日立(10/28)
3,フジクラ＋日立＋Lumentum,5803.T+6501.T+LITE,日本＋海外,D 半導体なし,53.1,0.21,0.71,0.89,-229,297,-406,683,-171,427,1,1,日立(10/28)
3,フジクラ＋日立＋Micron,5803.T+6501.T+MU,日本＋海外,C 半導体＋半導体以外,49.9,0.25,0.72,1.37,-217,277,-387,631,-58,333,1,1,日立(10/28)
3,フジクラ＋日立＋NVIDIA,5803.T+6501.T+NVDA,日本＋海外,C 半導体＋半導体以外,41.7,0.33,0.76,1.05,-185,227,-335,505,-122,123,1,1,日立(10/28)
3,フジクラ＋日立＋Sandisk,5803.T+6501.T+SNDK,日本＋海外,C 半導体＋半導体以外,57.0,0.21,0.71,1.44,-244,322,-428,748,-168,581,2,2,日立(10/28) Sandisk(10/30)
3,フジクラ＋日立＋Vertiv,5803.T+6501.T+VRT,日本＋海外,D 半導体なし,48.3,0.3,0.76,1.26,-211,267,-377,606,-191,177,1,2,日立(10/28) Vertiv(10/21〜28頃)
3,フジクラ＋ソフトバンクG＋SK hynix,5803.T+9984.T+000660.KS,日本＋海外,C 半導体＋半導体以外,65.8,0.31,0.74,1.81,-276,381,-475,906,-148,321,0,1,SK hynix(10/27頃)
3,フジクラ＋ソフトバンクG＋TSMC,5803.T+9984.T+2330.TW,日本＋海外,C 半導体＋半導体以外,52.2,0.37,0.76,1.47,-226,292,-401,668,-154,204,0,0,
3,フジクラ＋ソフトバンクG＋日立,5803.T+9984.T+6501.T,日本のみ,D 半導体なし,52.8,0.31,0.74,1.44,-228,295,-404,677,-175,140,1,1,日立(10/28)
3,フジクラ＋ソフトバンクG＋AMD,5803.T+9984.T+AMD,日本＋海外,C 半導体＋半導体以外,62.0,0.36,0.75,1.7,-262,355,-456,837,-159,163,0,0,
3,フジクラ＋ソフトバンクG＋ASML（米ADR）,5803.T+9984.T+ASML,日本＋海外,C 半導体＋半導体以外,51.8,0.22,0.71,1.43,-224,289,-398,662,-154,227,0,0,
3,フジクラ＋ソフトバンクG＋Broadcom,5803.T+9984.T+AVGO,日本＋海外,C 半導体＋半導体以外,53.2,0.28,0.73,1.44,-229,298,-406,684,-210,121,0,0,
3,フジクラ＋ソフトバンクG＋Lumentum,5803.T+9984.T+LITE,日本＋海外,D 半導体なし,57.3,0.11,0.64,1.17,-245,324,-430,753,-234,445,0,0,
3,フジクラ＋ソフトバンクG＋Micron,5803.T+9984.T+MU,日本＋海外,C 半導体＋半導体以外,60.1,0.26,0.71,1.66,-255,342,-445,802,-128,338,0,0,
3,フジクラ＋ソフトバンクG＋NVIDIA,5803.T+9984.T+NVDA,日本＋海外,C 半導体＋半導体以外,52.1,0.3,0.74,1.33,-225,291,-400,665,-189,123,0,0,
3,フジクラ＋ソフトバンクG＋Sandisk,5803.T+9984.T+SNDK,日本＋海外,C 半導体＋半導体以外,65.0,0.19,0.68,1.72,-273,375,-471,890,-238,633,1,1,Sandisk(10/30)
3,フジクラ＋ソフトバンクG＋Vertiv,5803.T+9984.T+VRT,日本＋海外,D 半導体なし,58.7,0.33,0.74,1.55,-250,333,-437,777,-261,251,0,1,Vertiv(10/21〜28頃)
3,フジクラ＋AMD＋SK hynix,5803.T+AMD+000660.KS,日本＋海外,C 半導体＋半導体以外,63.2,0.33,0.75,1.78,-266,363,-462,858,-136,405,0,1,SK hynix(10/27頃)
3,フジクラ＋AMD＋TSMC,5803.T+AMD+2330.TW,日本＋海外,C 半導体＋半導体以外,49.2,0.38,0.77,1.44,-214,273,-383,620,-83,280,0,0,
3,フジクラ＋AMD＋ASML（米ADR）,5803.T+AMD+ASML,日本＋海外,C 半導体＋半導体以外,50.1,0.28,0.73,1.4,-218,278,-388,634,-88,267,0,0,
3,フジクラ＋AMD＋Lumentum,5803.T+AMD+LITE,日本＋海外,C 半導体＋半導体以外,55.5,0.13,0.65,1.15,-238,313,-420,723,-164,584,0,0,
3,フジクラ＋AMD＋Micron,5803.T+AMD+MU,日本＋海外,C 半導体＋半導体以外,60.6,0.37,0.76,1.63,-257,346,-448,811,-97,391,0,0,
3,フジクラ＋AMD＋Sandisk,5803.T+AMD+SNDK,日本＋海外,C 半導体＋半導体以外,65.8,0.27,0.72,1.7,-276,381,-475,906,-168,693,1,1,Sandisk(10/30)
3,フジクラ＋AMD＋Vertiv,5803.T+AMD+VRT,日本＋海外,C 半導体＋半導体以外,56.7,0.36,0.76,1.52,-243,320,-426,743,-191,323,0,1,Vertiv(10/21〜28頃)
3,フジクラ＋ASML（米ADR）＋Lumentum,5803.T+ASML+LITE,日本＋海外,C 半導体＋半導体以外,55.2,0.25,0.72,0.87,-237,310,-418,717,-171,516,0,0,
3,フジクラ＋ASML（米ADR）＋Vertiv,5803.T+ASML+VRT,日本＋海外,C 半導体＋半導体以外,50.4,0.36,0.77,1.25,-219,280,-390,639,-198,246,0,1,Vertiv(10/21〜28頃)
3,フジクラ＋Broadcom＋SK hynix,5803.T+AVGO+000660.KS,日本＋海外,C 半導体＋半導体以外,55.6,0.28,0.74,1.52,-238,313,-420,724,-166,336,0,1,SK hynix(10/27頃)
3,フジクラ＋Broadcom＋TSMC,5803.T+AVGO+2330.TW,日本＋海外,C 半導体＋半導体以外,42.5,0.35,0.77,1.18,-188,231,-341,517,-131,183,0,0,
3,フジクラ＋Broadcom＋AMD,5803.T+AVGO+AMD,日本＋海外,C 半導体＋半導体以外,50.6,0.3,0.74,1.41,-220,281,-391,642,-124,209,0,0,
3,フジクラ＋Broadcom＋ASML（米ADR）,5803.T+AVGO+ASML,日本＋海外,C 半導体＋半導体以外,44.0,0.29,0.74,1.14,-194,241,-350,539,-132,196,0,0,
3,フジクラ＋Broadcom＋Lumentum,5803.T+AVGO+LITE,日本＋海外,C 半導体＋半導体以外,55.8,0.27,0.73,0.88,-239,314,-421,728,-212,426,0,0,
3,フジクラ＋Broadcom＋Micron,5803.T+AVGO+MU,日本＋海外,C 半導体＋半導体以外,52.3,0.3,0.74,1.37,-226,292,-401,669,-127,330,0,0,
3,フジクラ＋Broadcom＋Sandisk,5803.T+AVGO+SNDK,日本＋海外,C 半導体＋半導体以外,58.5,0.23,0.71,1.43,-249,332,-436,774,-216,604,1,1,Sandisk(10/30)
3,フジクラ＋Broadcom＋Vertiv,5803.T+AVGO+VRT,日本＋海外,C 半導体＋半導体以外,51.1,0.39,0.78,1.26,-222,285,-394,650,-239,204,0,1,Vertiv(10/21〜28頃)
3,フジクラ＋Lumentum＋Vertiv,5803.T+LITE+VRT,日本＋海外,D 半導体なし,61.8,0.35,0.75,0.99,-261,354,-454,832,-278,539,0,1,Vertiv(10/21〜28頃)
3,フジクラ＋Micron＋SK hynix,5803.T+MU+000660.KS,日本＋海外,C 半導体＋半導体以外,68.0,0.42,0.78,1.74,-283,396,-487,948,-192,512,0,1,SK hynix(10/27頃)
3,フジクラ＋Micron＋ASML（米ADR）,5803.T+MU+ASML,日本＋海外,C 半導体＋半導体以外,53.7,0.36,0.76,1.36,-231,301,-409,693,-141,387,0,0,
3,フジクラ＋Micron＋Lumentum,5803.T+MU+LITE,日本＋海外,C 半導体＋半導体以外,59.7,0.19,0.68,1.1,-253,339,-443,794,-145,650,0,0,
3,フジクラ＋Micron＋Sandisk,5803.T+MU+SNDK,日本＋海外,C 半導体＋半導体以外,74.0,0.43,0.79,1.65,-304,437,-515,1064,-167,773,1,1,Sandisk(10/30)
3,フジクラ＋Micron＋Vertiv,5803.T+MU+VRT,日本＋海外,C 半導体＋半導体以外,58.5,0.37,0.76,1.48,-249,332,-436,774,-178,437,0,1,Vertiv(10/21〜28頃)
3,フジクラ＋NVIDIA＋SK hynix,5803.T+NVDA+000660.KS,日本＋海外,C 半導体＋半導体以外,53.1,0.23,0.73,1.41,-229,297,-405,682,-116,338,0,1,SK hynix(10/27頃)
3,フジクラ＋NVIDIA＋TSMC,5803.T+NVDA+2330.TW,日本＋海外,C 半導体＋半導体以外,40.3,0.32,0.78,1.07,-179,219,-326,485,-122,185,0,0,
3,フジクラ＋NVIDIA＋AMD,5803.T+NVDA+AMD,日本＋海外,C 半導体＋半導体以外,49.3,0.33,0.75,1.31,-215,273,-383,621,-115,225,0,0,
3,フジクラ＋NVIDIA＋ASML（米ADR）,5803.T+NVDA+ASML,日本＋海外,C 半導体＋半導体以外,42.3,0.31,0.75,1.03,-187,230,-339,514,-123,201,0,0,
3,フジクラ＋NVIDIA＋Broadcom,5803.T+NVDA+AVGO,日本＋海外,C 半導体＋半導体以外,43.6,0.37,0.77,1.04,-192,238,-347,532,-163,123,0,0,
3,フジクラ＋NVIDIA＋Lumentum,5803.T+NVDA+LITE,日本＋海外,C 半導体＋半導体以外,53.5,0.24,0.73,0.77,-231,300,-408,690,-202,441,0,0,
3,フジクラ＋NVIDIA＋Micron,5803.T+NVDA+MU,日本＋海外,C 半導体＋半導体以外,50.8,0.31,0.75,1.26,-220,282,-392,644,-96,334,0,0,
3,フジクラ＋NVIDIA＋Sandisk,5803.T+NVDA+SNDK,日本＋海外,C 半導体＋半導体以外,57.7,0.25,0.73,1.33,-246,327,-432,760,-206,591,1,1,Sandisk(10/30)
3,フジクラ＋NVIDIA＋Vertiv,5803.T+NVDA+VRT,日本＋海外,C 半導体＋半導体以外,50.1,0.44,0.8,1.15,-218,278,-388,633,-229,213,0,1,Vertiv(10/21〜28頃)
3,フジクラ＋Sandisk＋ASML（米ADR）,5803.T+SNDK+ASML,日本＋海外,C 半導体＋半導体以外,62.0,0.34,0.76,1.43,-262,355,-456,837,-176,624,1,1,Sandisk(10/30)
3,フジクラ＋Sandisk＋Lumentum,5803.T+SNDK+LITE,日本＋海外,C 半導体＋半導体以外,68.9,0.23,0.7,1.17,-286,401,-491,964,-255,937,1,1,Sandisk(10/30)
3,フジクラ＋Sandisk＋Vertiv,5803.T+SNDK+VRT,日本＋海外,C 半導体＋半導体以外,66.1,0.35,0.75,1.55,-277,382,-477,911,-282,706,1,2,Sandisk(10/30) Vertiv(10/21〜28頃)
3,ディスコ＋SK hynix＋ASML（米ADR）,6146.T+000660.KS+ASML,日本＋海外,B 半導体内で別サブテーマ,53.1,0.38,0.77,1.33,-229,297,-405,682,-275,335,0,1,SK hynix(10/27頃)
3,ディスコ＋SK hynix＋Lumentum,6146.T+000660.KS+LITE,日本＋海外,C 半導体＋半導体以外,50.1,0.02,0.58,1.07,-218,278,-388,633,-208,547,0,1,SK hynix(10/27頃)
3,ディスコ＋SK hynix＋Sandisk,6146.T+000660.KS+SNDK,日本＋海外,B 半導体内で別サブテーマ,72.6,0.41,0.79,1.62,-299,427,-509,1037,-318,713,1,2,Sandisk(10/30) SK hynix(10/27頃)
3,ディスコ＋SK hynix＋Vertiv,6146.T+000660.KS+VRT,日本＋海外,C 半導体＋半導体以外,54.5,0.27,0.72,1.44,-234,306,-414,705,-310,393,0,2,SK hynix(10/27頃) Vertiv(10/21〜28頃)
3,ディスコ＋TSMC＋SK hynix,6146.T+2330.TW+000660.KS,日本＋海外,B 半導体内で別サブテーマ,51.6,0.46,0.8,1.37,-223,288,-397,658,-237,291,0,1,SK hynix(10/27頃)
3,ディスコ＋TSMC＋ASML（米ADR）,6146.T+2330.TW+ASML,日本＋海外,B 半導体内で別サブテーマ,38.9,0.44,0.8,0.99,-173,210,-317,464,-193,177,0,0,
3,ディスコ＋TSMC＋Lumentum,6146.T+2330.TW+LITE,日本＋海外,C 半導体＋半導体以外,40.1,0.07,0.62,0.73,-178,217,-325,481,-126,390,0,0,
3,ディスコ＋TSMC＋Micron,6146.T+2330.TW+MU,日本＋海外,B 半導体内で別サブテーマ,46.0,0.38,0.77,1.21,-202,253,-363,570,-200,340,0,0,
3,ディスコ＋TSMC＋Sandisk,6146.T+2330.TW+SNDK,日本＋海外,B 半導体内で別サブテーマ,55.7,0.36,0.79,1.28,-239,313,-420,725,-236,567,1,1,Sandisk(10/30)
3,ディスコ＋TSMC＋Vertiv,6146.T+2330.TW+VRT,日本＋海外,C 半導体＋半導体以外,41.8,0.38,0.77,1.11,-185,227,-336,506,-228,213,0,1,Vertiv(10/21〜28頃)
3,ディスコ＋イビデン＋SK hynix,6146.T+4062.T+000660.KS,日本＋海外,B 半導体内で別サブテーマ,66.6,0.38,0.78,2.06,-278,386,-479,920,-292,413,1,2,イビデン(10/29) SK hynix(10/27頃)
3,ディスコ＋イビデン＋TSMC,6146.T+4062.T+2330.TW,日本＋海外,B 半導体内で別サブテーマ,51.5,0.45,0.8,1.72,-223,287,-396,656,-210,283,1,1,イビデン(10/29)
3,ディスコ＋イビデン＋信越化学,6146.T+4062.T+4063.T,日本のみ,B 半導体内で別サブテーマ,50.3,0.32,0.75,1.62,-219,280,-389,637,-269,262,2,2,イビデン(10/29) 信越化学(10/27)
3,ディスコ＋イビデン＋古河電工,6146.T+4062.T+5801.T,日本のみ,C 半導体＋半導体以外,64.0,0.34,0.76,2.11,-269,368,-466,871,-282,335,1,1,イビデン(10/29)
3,ディスコ＋イビデン＋住友電工,6146.T+4062.T+5802.T,日本のみ,C 半導体＋半導体以外,60.6,0.4,0.78,2.06,-257,345,-448,810,-325,344,2,2,イビデン(10/29) 住友電工(10/30)
3,ディスコ＋イビデン＋フジクラ,6146.T+4062.T+5803.T,日本のみ,C 半導体＋半導体以外,61.2,0.31,0.74,2.02,-259,350,-451,821,-237,366,1,1,イビデン(10/29)
3,ディスコ＋イビデン＋日立,6146.T+4062.T+6501.T,日本のみ,C 半導体＋半導体以外,49.8,0.27,0.74,1.7,-217,276,-386,629,-167,235,2,2,イビデン(10/29) 日立(10/28)
3,ディスコ＋イビデン＋ソフトバンクG,6146.T+4062.T+9984.T,日本のみ,C 半導体＋半導体以外,64.5,0.37,0.78,1.98,-271,372,-468,881,-224,206,1,1,イビデン(10/29)
3,ディスコ＋イビデン＋AMD,6146.T+4062.T+AMD,日本＋海外,B 半導体内で別サブテーマ,60.1,0.36,0.77,1.95,-255,342,-445,802,-222,261,1,1,イビデン(10/29)
3,ディスコ＋イビデン＋ASML（米ADR）,6146.T+4062.T+ASML,日本＋海外,B 半導体内で別サブテーマ,53.2,0.38,0.77,1.68,-229,298,-406,684,-248,317,1,1,イビデン(10/29)
3,ディスコ＋イビデン＋Broadcom,6146.T+4062.T+AVGO,日本＋海外,B 半導体内で別サブテーマ,49.4,0.19,0.71,1.69,-215,274,-384,623,-248,224,1,1,イビデン(10/29)
3,ディスコ＋イビデン＋Lumentum,6146.T+4062.T+LITE,日本＋海外,C 半導体＋半導体以外,51.6,0.04,0.6,1.42,-223,288,-397,658,-181,513,1,1,イビデン(10/29)
3,ディスコ＋イビデン＋Micron,6146.T+4062.T+MU,日本＋海外,B 半導体内で別サブテーマ,61.6,0.35,0.76,1.91,-260,352,-453,828,-255,430,1,1,イビデン(10/29)
3,ディスコ＋イビデン＋NVIDIA,6146.T+4062.T+NVDA,日本＋海外,B 半導体内で別サブテーマ,48.8,0.24,0.73,1.58,-213,270,-380,614,-198,239,1,1,イビデン(10/29)
3,ディスコ＋イビデン＋Sandisk,6146.T+4062.T+SNDK,日本＋海外,B 半導体内で別サブテーマ,68.3,0.31,0.74,1.98,-284,397,-488,952,-291,686,2,2,イビデン(10/29) Sandisk(10/30)
3,ディスコ＋イビデン＋Vertiv,6146.T+4062.T+VRT,日本＋海外,C 半導体＋半導体以外,56.5,0.32,0.75,1.8,-242,319,-425,739,-283,355,1,2,イビデン(10/29) Vertiv(10/21〜28頃)
3,ディスコ＋信越化学＋SK hynix,6146.T+4063.T+000660.KS,日本＋海外,B 半導体内で別サブテーマ,50.2,0.32,0.75,1.27,-218,279,-389,636,-296,310,1,2,信越化学(10/27) SK hynix(10/27頃)
3,ディスコ＋信越化学＋TSMC,6146.T+4063.T+2330.TW,日本＋海外,B 半導体内で別サブテーマ,36.9,0.41,0.8,0.93,-165,198,-304,436,-214,151,1,1,信越化学(10/27)
3,ディスコ＋信越化学＋古河電工,6146.T+4063.T+5801.T,日本のみ,C 半導体＋半導体以外,49.8,0.35,0.76,1.31,-217,276,-386,629,-286,138,1,1,信越化学(10/27)
3,ディスコ＋信越化学＋住友電工,6146.T+4063.T+5802.T,日本のみ,C 半導体＋半導体以外,45.1,0.38,0.77,1.27,-198,247,-357,556,-329,189,2,2,信越化学(10/27) 住友電工(10/30)
3,ディスコ＋信越化学＋フジクラ,6146.T+4063.T+5803.T,日本のみ,C 半導体＋半導体以外,46.7,0.29,0.73,1.22,-204,257,-367,580,-270,145,1,1,信越化学(10/27)
3,ディスコ＋信越化学＋日立,6146.T+4063.T+6501.T,日本のみ,C 半導体＋半導体以外,35.6,0.25,0.73,0.9,-160,191,-294,417,-170,87,2,2,信越化学(10/27) 日立(10/28)
3,ディスコ＋信越化学＋ソフトバンクG,6146.T+4063.T+9984.T,日本のみ,C 半導体＋半導体以外,47.1,0.28,0.73,1.18,-206,259,-370,586,-228,120,1,1,信越化学(10/27)
3,ディスコ＋信越化学＋AMD,6146.T+4063.T+AMD,日本＋海外,B 半導体内で別サブテーマ,45.5,0.36,0.76,1.16,-200,249,-359,561,-226,187,1,1,信越化学(10/27)
3,ディスコ＋信越化学＋ASML（米ADR）,6146.T+4063.T+ASML,日本＋海外,B 半導体内で別サブテーマ,40.5,0.43,0.8,0.89,-180,220,-328,487,-252,157,1,1,信越化学(10/27)
3,ディスコ＋信越化学＋Broadcom,6146.T+4063.T+AVGO,日本＋海外,B 半導体内で別サブテーマ,35.8,0.25,0.7,0.89,-161,192,-296,420,-252,126,1,1,信越化学(10/27)
3,ディスコ＋信越化学＋Lumentum,6146.T+4063.T+LITE,日本＋海外,C 半導体＋半導体以外,42.7,0.12,0.63,0.63,-189,233,-342,520,-213,364,1,1,信越化学(10/27)
3,ディスコ＋信越化学＋Micron,6146.T+4063.T+MU,日本＋海外,B 半導体内で別サブテーマ,48.1,0.39,0.77,1.11,-210,266,-376,602,-259,296,1,1,信越化学(10/27)
3,ディスコ＋信越化学＋NVIDIA,6146.T+4063.T+NVDA,日本＋海外,B 半導体内で別サブテーマ,35.3,0.28,0.73,0.79,-159,189,-292,413,-202,109,1,1,信越化学(10/27)
3,ディスコ＋信越化学＋Sandisk,6146.T+4063.T+SNDK,日本＋海外,B 半導体内で別サブテーマ,57.8,0.39,0.79,1.18,-247,327,-432,762,-295,534,2,2,信越化学(10/27) Sandisk(10/30)
3,ディスコ＋信越化学＋Vertiv,6146.T+4063.T+VRT,日本＋海外,C 半導体＋半導体以外,43.9,0.4,0.77,1.01,-194,240,-350,538,-287,167,1,2,信越化学(10/27) Vertiv(10/21〜28頃)
3,ディスコ＋古河電工＋SK hynix,6146.T+5801.T+000660.KS,日本＋海外,C 半導体＋半導体以外,61.4,0.29,0.73,1.75,-260,351,-452,824,-309,410,0,1,SK hynix(10/27頃)
3,ディスコ＋古河電工＋TSMC,6146.T+5801.T+2330.TW,日本＋海外,C 半導体＋半導体以外,49.0,0.38,0.77,1.41,-213,271,-381,616,-227,203,0,0,
3,ディスコ＋古河電工＋住友電工,6146.T+5801.T+5802.T,日本のみ,C 半導体＋半導体以外,59.5,0.4,0.78,1.75,-253,338,-442,791,-342,249,1,1,住友電工(10/30)
3,ディスコ＋古河電工＋日立,6146.T+5801.T+6501.T,日本のみ,C 半導体＋半導体以外,47.5,0.23,0.72,1.38,-208,262,-372,593,-183,161,1,1,日立(10/28)
3,ディスコ＋古河電工＋ソフトバンクG,6146.T+5801.T+9984.T,日本のみ,C 半導体＋半導体以外,58.7,0.27,0.72,1.67,-250,333,-437,777,-241,225,0,0,
3,ディスコ＋古河電工＋AMD,6146.T+5801.T+AMD,日本＋海外,C 半導体＋半導体以外,53.2,0.22,0.69,1.64,-230,298,-406,685,-239,260,0,0,
3,ディスコ＋古河電工＋ASML（米ADR）,6146.T+5801.T+ASML,日本＋海外,C 半導体＋半導体以外,50.1,0.31,0.74,1.37,-218,278,-388,634,-265,257,0,0,
3,ディスコ＋古河電工＋Broadcom,6146.T+5801.T+AVGO,日本＋海外,C 半導体＋半導体以外,47.7,0.18,0.7,1.38,-208,263,-373,596,-265,179,0,0,
3,ディスコ＋古河電工＋Lumentum,6146.T+5801.T+LITE,日本＋海外,C 半導体＋半導体以外,56.2,0.14,0.66,1.11,-241,317,-423,734,-238,407,0,0,
3,ディスコ＋古河電工＋Micron,6146.T+5801.T+MU,日本＋海外,C 半導体＋半導体以外,56.2,0.25,0.71,1.6,-241,317,-423,734,-271,454,0,0,
3,ディスコ＋古河電工＋NVIDIA,6146.T+5801.T+NVDA,日本＋海外,C 半導体＋半導体以外,47.3,0.23,0.73,1.27,-207,261,-371,589,-215,134,0,0,
3,ディスコ＋古河電工＋Sandisk,6146.T+5801.T+SNDK,日本＋海外,C 半導体＋半導体以外,64.4,0.26,0.71,1.67,-271,371,-468,879,-308,751,1,1,Sandisk(10/30)
3,ディスコ＋古河電工＋Vertiv,6146.T+5801.T+VRT,日本＋海外,C 半導体＋半導体以外,57.6,0.38,0.78,1.49,-246,326,-431,758,-300,238,0,1,Vertiv(10/21〜28頃)
3,ディスコ＋住友電工＋SK hynix,6146.T+5802.T+000660.KS,日本＋海外,C 半導体＋半導体以外,59.0,0.37,0.77,1.71,-251,335,-439,782,-352,368,1,2,住友電工(10/30) SK hynix(10/27頃)
3,ディスコ＋住友電工＋TSMC,6146.T+5802.T+2330.TW,日本＋海外,C 半導体＋半導体以外,44.3,0.43,0.79,1.37,-195,243,-352,544,-270,222,1,1,住友電工(10/30)
3,ディスコ＋住友電工＋日立,6146.T+5802.T+6501.T,日本のみ,C 半導体＋半導体以外,43.4,0.29,0.74,1.34,-192,237,-346,530,-227,176,2,2,住友電工(10/30) 日立(10/28)
3,ディスコ＋住友電工＋ソフトバンクG,6146.T+5802.T+9984.T,日本のみ,C 半導体＋半導体以外,55.1,0.31,0.74,1.63,-237,310,-417,716,-284,205,1,1,住友電工(10/30)
3,ディスコ＋住友電工＋AMD,6146.T+5802.T+AMD,日本＋海外,C 半導体＋半導体以外,51.1,0.3,0.73,1.6,-222,285,-394,650,-283,285,1,1,住友電工(10/30)
3,ディスコ＋住友電工＋ASML（米ADR）,6146.T+5802.T+ASML,日本＋海外,C 半導体＋半導体以外,47.0,0.39,0.77,1.33,-206,259,-369,585,-308,244,1,1,住友電工(10/30)
3,ディスコ＋住友電工＋Broadcom,6146.T+5802.T+AVGO,日本＋海外,C 半導体＋半導体以外,42.4,0.19,0.69,1.34,-187,231,-340,514,-308,202,1,1,住友電工(10/30)
3,ディスコ＋住友電工＋Lumentum,6146.T+5802.T+LITE,日本＋海外,C 半導体＋半導体以外,50.8,0.14,0.65,1.07,-221,283,-392,646,-241,384,1,1,住友電工(10/30)
3,ディスコ＋住友電工＋Micron,6146.T+5802.T+MU,日本＋海外,C 半導体＋半導体以外,54.4,0.34,0.75,1.56,-234,305,-413,704,-315,403,1,1,住友電工(10/30)
3,ディスコ＋住友電工＋NVIDIA,6146.T+5802.T+NVDA,日本＋海外,C 半導体＋半導体以外,42.2,0.25,0.73,1.23,-187,230,-339,512,-258,177,1,1,住友電工(10/30)
3,ディスコ＋住友電工＋Sandisk,6146.T+5802.T+SNDK,日本＋海外,C 半導体＋半導体以外,63.4,0.34,0.76,1.62,-267,364,-463,862,-351,641,2,2,住友電工(10/30) Sandisk(10/30)
3,ディスコ＋住友電工＋Vertiv,6146.T+5802.T+VRT,日本＋海外,C 半導体＋半導体以外,50.8,0.36,0.76,1.45,-220,282,-392,645,-343,217,1,2,住友電工(10/30) Vertiv(10/21〜28頃)
3,ディスコ＋フジクラ＋SK hynix,6146.T+5803.T+000660.KS,日本＋海外,C 半導体＋半導体以外,60.1,0.3,0.73,1.66,-255,342,-445,802,-258,429,0,1,SK hynix(10/27頃)
3,ディスコ＋フジクラ＋TSMC,6146.T+5803.T+2330.TW,日本＋海外,C 半導体＋半導体以外,46.9,0.37,0.76,1.32,-205,258,-368,583,-180,179,0,0,
3,ディスコ＋フジクラ＋古河電工,6146.T+5803.T+5801.T,日本のみ,C 半導体＋半導体以外,61.5,0.34,0.76,1.7,-260,352,-453,828,-295,238,0,0,
3,ディスコ＋フジクラ＋住友電工,6146.T+5803.T+5802.T,日本のみ,C 半導体＋半導体以外,56.6,0.37,0.77,1.66,-242,320,-426,741,-276,248,1,1,住友電工(10/30)
3,ディスコ＋フジクラ＋日立,6146.T+5803.T+6501.T,日本のみ,C 半導体＋半導体以外,46.3,0.25,0.72,1.3,-203,255,-365,575,-173,136,1,1,日立(10/28)
3,ディスコ＋フジクラ＋ソフトバンクG,6146.T+5803.T+9984.T,日本のみ,C 半導体＋半導体以外,56.4,0.25,0.71,1.58,-241,318,-425,738,-243,220,0,0,
3,ディスコ＋フジクラ＋AMD,6146.T+5803.T+AMD,日本＋海外,C 半導体＋半導体以外,53.8,0.27,0.72,1.55,-232,302,-410,695,-173,295,0,0,
3,ディスコ＋フジクラ＋ASML（米ADR）,6146.T+5803.T+ASML,日本＋海外,C 半導体＋半導体以外,48.8,0.32,0.74,1.28,-213,270,-380,613,-207,222,0,0,
3,ディスコ＋フジクラ＋Broadcom,6146.T+5803.T+AVGO,日本＋海外,C 半導体＋半導体以外,45.6,0.17,0.69,1.29,-200,250,-360,564,-221,163,0,0,
3,ディスコ＋フジクラ＋Lumentum,6146.T+5803.T+LITE,日本＋海外,C 半導体＋半導体以外,54.8,0.14,0.66,1.02,-235,308,-415,710,-260,459,0,0,
3,ディスコ＋フジクラ＋Micron,6146.T+5803.T+MU,日本＋海外,C 半導体＋半導体以外,55.6,0.27,0.72,1.51,-238,313,-420,724,-220,376,0,0,
3,ディスコ＋フジクラ＋NVIDIA,6146.T+5803.T+NVDA,日本＋海外,C 半導体＋半導体以外,45.2,0.22,0.72,1.18,-199,248,-358,557,-211,142,0,0,
3,ディスコ＋フジクラ＋Sandisk,6146.T+5803.T+SNDK,日本＋海外,C 半導体＋半導体以外,64.2,0.28,0.73,1.58,-270,370,-467,876,-264,577,1,1,Sandisk(10/30)
3,ディスコ＋フジクラ＋Vertiv,6146.T+5803.T+VRT,日本＋海外,C 半導体＋半導体以外,53.5,0.32,0.74,1.4,-231,300,-408,689,-287,236,0,1,Vertiv(10/21〜28頃)
3,ディスコ＋日立＋SK hynix,6146.T+6501.T+000660.KS,日本＋海外,C 半導体＋半導体以外,48.6,0.23,0.72,1.34,-212,269,-379,609,-194,279,1,2,日立(10/28) SK hynix(10/27頃)
3,ディスコ＋日立＋TSMC,6146.T+6501.T+2330.TW,日本＋海外,C 半導体＋半導体以外,35.3,0.36,0.76,1.0,-159,189,-292,413,-112,127,1,1,日立(10/28)
3,ディスコ＋日立＋AMD,6146.T+6501.T+AMD,日本＋海外,C 半導体＋半導体以外,42.5,0.22,0.71,1.23,-188,232,-341,517,-124,166,1,1,日立(10/28)
3,ディスコ＋日立＋ASML（米ADR）,6146.T+6501.T+ASML,日本＋海外,C 半導体＋半導体以外,37.5,0.27,0.73,0.96,-168,202,-308,445,-150,120,1,1,日立(10/28)
3,ディスコ＋日立＋Broadcom,6146.T+6501.T+AVGO,日本＋海外,C 半導体＋半導体以外,33.3,0.14,0.65,0.97,-151,177,-279,386,-150,102,1,1,日立(10/28)
3,ディスコ＋日立＋Lumentum,6146.T+6501.T+LITE,日本＋海外,C 半導体＋半導体以外,41.3,0.04,0.61,0.7,-183,224,-333,498,-117,335,1,1,日立(10/28)
3,ディスコ＋日立＋Micron,6146.T+6501.T+MU,日本＋海外,C 半導体＋半導体以外,44.1,0.21,0.71,1.19,-194,241,-351,541,-156,302,1,1,日立(10/28)
3,ディスコ＋日立＋NVIDIA,6146.T+6501.T+NVDA,日本＋海外,C 半導体＋半導体以外,33.5,0.22,0.7,0.86,-152,179,-280,389,-100,78,1,1,日立(10/28)
3,ディスコ＋日立＋Sandisk,6146.T+6501.T+SNDK,日本＋海外,C 半導体＋半導体以外,54.4,0.22,0.74,1.26,-234,305,-413,704,-192,527,2,2,日立(10/28) Sandisk(10/30)
3,ディスコ＋日立＋Vertiv,6146.T+6501.T+VRT,日本＋海外,C 半導体＋半導体以外,39.9,0.2,0.7,1.08,-178,216,-324,478,-185,145,1,2,日立(10/28) Vertiv(10/21〜28頃)
3,ディスコ＋レーザーテック＋SK hynix,6146.T+6920.T+000660.KS,日本＋海外,B 半導体内で別サブテーマ,59.7,0.35,0.76,1.62,-254,340,-443,795,-348,347,0,1,SK hynix(10/27頃)
3,ディスコ＋レーザーテック＋TSMC,6146.T+6920.T+2330.TW,日本＋海外,B 半導体内で別サブテーマ,46.1,0.43,0.79,1.28,-202,254,-364,571,-266,215,0,0,
3,ディスコ＋レーザーテック＋イビデン,6146.T+6920.T+4062.T,日本のみ,B 半導体内で別サブテーマ,62.9,0.42,0.79,1.97,-265,361,-460,851,-321,298,1,1,イビデン(10/29)
3,ディスコ＋レーザーテック＋信越化学,6146.T+6920.T+4063.T,日本のみ,B 半導体内で別サブテーマ,46.8,0.37,0.77,1.18,-205,258,-368,581,-325,177,1,1,信越化学(10/27)
3,ディスコ＋レーザーテック＋古河電工,6146.T+6920.T+5801.T,日本のみ,C 半導体＋半導体以外,58.2,0.33,0.75,1.66,-248,330,-435,769,-338,278,0,0,
3,ディスコ＋レーザーテック＋住友電工,6146.T+6920.T+5802.T,日本のみ,C 半導体＋半導体以外,56.1,0.44,0.79,1.62,-240,316,-423,733,-381,257,1,1,住友電工(10/30)
3,ディスコ＋レーザーテック＋フジクラ,6146.T+6920.T+5803.T,日本のみ,C 半導体＋半導体以外,57.2,0.35,0.75,1.57,-244,323,-429,751,-265,270,0,0,
3,ディスコ＋レーザーテック＋日立,6146.T+6920.T+6501.T,日本のみ,C 半導体＋半導体以外,45.5,0.3,0.75,1.25,-200,249,-359,561,-223,138,1,1,日立(10/28)
3,ディスコ＋レーザーテック＋ソフトバンクG,6146.T+6920.T+9984.T,日本のみ,C 半導体＋半導体以外,56.9,0.33,0.74,1.54,-243,321,-427,746,-280,164,0,0,
3,ディスコ＋レーザーテック＋AMD,6146.T+6920.T+AMD,日本＋海外,B 半導体内で別サブテーマ,53.7,0.33,0.75,1.51,-231,301,-409,692,-279,258,0,0,
3,ディスコ＋レーザーテック＋ASML（米ADR）,6146.T+6920.T+ASML,日本＋海外,A 同一サブテーマ,49.4,0.43,0.79,1.24,-215,274,-384,623,-305,202,0,0,
3,ディスコ＋レーザーテック＋Broadcom,6146.T+6920.T+AVGO,日本＋海外,B 半導体内で別サブテーマ,44.6,0.21,0.71,1.25,-196,244,-354,548,-305,162,0,0,
3,ディスコ＋レーザーテック＋Lumentum,6146.T+6920.T+LITE,日本＋海外,C 半導体＋半導体以外,48.1,0.06,0.6,0.98,-210,266,-376,602,-237,416,0,0,
3,ディスコ＋レーザーテック＋Micron,6146.T+6920.T+MU,日本＋海外,B 半導体内で別サブテーマ,55.1,0.33,0.74,1.47,-237,310,-417,716,-311,381,0,0,
3,ディスコ＋レーザーテック＋NVIDIA,6146.T+6920.T+NVDA,日本＋海外,B 半導体内で別サブテーマ,44.3,0.27,0.74,1.14,-195,242,-352,543,-255,155,0,0,
3,ディスコ＋レーザーテック＋Sandisk,6146.T+6920.T+SNDK,日本＋海外,B 半導体内で別サブテーマ,64.5,0.34,0.76,1.53,-271,371,-468,881,-347,617,1,1,Sandisk(10/30)
3,ディスコ＋レーザーテック＋Vertiv,6146.T+6920.T+VRT,日本＋海外,C 半導体＋半導体以外,51.5,0.33,0.75,1.36,-223,287,-396,656,-339,228,0,1,Vertiv(10/21〜28頃)
3,ディスコ＋ソフトバンクG＋SK hynix,6146.T+9984.T+000660.KS,日本＋海外,C 半導体＋半導体以外,61.8,0.32,0.75,1.62,-261,353,-454,831,-251,280,0,1,SK hynix(10/27頃)
3,ディスコ＋ソフトバンクG＋TSMC,6146.T+9984.T+2330.TW,日本＋海外,C 半導体＋半導体以外,48.0,0.39,0.77,1.29,-209,265,-375,600,-169,142,0,0,
3,ディスコ＋ソフトバンクG＋日立,6146.T+9984.T+6501.T,日本のみ,C 半導体＋半導体以外,47.6,0.27,0.73,1.26,-208,262,-372,594,-147,93,1,1,日立(10/28)
3,ディスコ＋ソフトバンクG＋AMD,6146.T+9984.T+AMD,日本＋海外,C 半導体＋半導体以外,58.0,0.36,0.77,1.52,-247,329,-434,766,-182,123,0,0,
3,ディスコ＋ソフトバンクG＋ASML（米ADR）,6146.T+9984.T+ASML,日本＋海外,C 半導体＋半導体以外,49.0,0.3,0.73,1.24,-213,271,-381,616,-207,170,0,0,
3,ディスコ＋ソフトバンクG＋Broadcom,6146.T+9984.T+AVGO,日本＋海外,C 半導体＋半導体以外,46.4,0.17,0.69,1.25,-203,255,-365,575,-207,104,0,0,
3,ディスコ＋ソフトバンクG＋Lumentum,6146.T+9984.T+LITE,日本＋海外,C 半導体＋半導体以外,47.2,-0.01,0.57,0.99,-207,260,-371,589,-185,378,0,0,
3,ディスコ＋ソフトバンクG＋Micron,6146.T+9984.T+MU,日本＋海外,C 半導体＋半導体以外,56.0,0.27,0.72,1.47,-240,316,-422,731,-214,274,0,0,
3,ディスコ＋ソフトバンクG＋NVIDIA,6146.T+9984.T+NVDA,日本＋海外,C 半導体＋半導体以外,46.5,0.25,0.73,1.15,-204,256,-366,578,-157,72,0,0,
3,ディスコ＋ソフトバンクG＋Sandisk,6146.T+9984.T+SNDK,日本＋海外,C 半導体＋半導体以外,63.3,0.25,0.71,1.54,-267,363,-462,859,-250,519,1,1,Sandisk(10/30)
3,ディスコ＋ソフトバンクG＋Vertiv,6146.T+9984.T+VRT,日本＋海外,C 半導体＋半導体以外,52.6,0.28,0.72,1.36,-227,294,-403,675,-242,245,0,1,Vertiv(10/21〜28頃)
3,ディスコ＋AMD＋SK hynix,6146.T+AMD+000660.KS,日本＋海外,B 半導体内で別サブテーマ,58.7,0.33,0.75,1.6,-250,333,-437,778,-250,338,0,1,SK hynix(10/27頃)
3,ディスコ＋AMD＋TSMC,6146.T+AMD+2330.TW,日本＋海外,B 半導体内で別サブテーマ,44.4,0.4,0.77,1.26,-195,243,-353,545,-167,207,0,0,
3,ディスコ＋AMD＋ASML（米ADR）,6146.T+AMD+ASML,日本＋海外,B 半導体内で別サブテーマ,46.9,0.36,0.75,1.22,-205,258,-368,583,-206,228,0,0,
3,ディスコ＋AMD＋Lumentum,6146.T+AMD+LITE,日本＋海外,C 半導体＋半導体以外,44.8,-0.0,0.57,0.96,-197,245,-355,551,-160,485,0,0,
3,ディスコ＋AMD＋Micron,6146.T+AMD+MU,日本＋海外,B 半導体内で別サブテーマ,56.3,0.37,0.77,1.45,-241,318,-424,736,-212,375,0,0,
3,ディスコ＋AMD＋Sandisk,6146.T+AMD+SNDK,日本＋海外,B 半導体内で別サブテーマ,63.9,0.33,0.76,1.52,-269,368,-465,871,-248,629,1,1,Sandisk(10/30)
3,ディスコ＋AMD＋Vertiv,6146.T+AMD+VRT,日本＋海外,C 半導体＋半導体以外,50.1,0.31,0.73,1.34,-218,278,-388,634,-240,297,0,1,Vertiv(10/21〜28頃)
3,ディスコ＋ASML（米ADR）＋Lumentum,6146.T+ASML+LITE,日本＋海外,C 半導体＋半導体以外,46.5,0.19,0.67,0.69,-204,256,-366,577,-165,422,0,0,
3,ディスコ＋ASML（米ADR）＋Vertiv,6146.T+ASML+VRT,日本＋海外,C 半導体＋半導体以外,45.1,0.38,0.76,1.06,-198,247,-357,555,-266,257,0,1,Vertiv(10/21〜28頃)
3,ディスコ＋Broadcom＋SK hynix,6146.T+AVGO+000660.KS,日本＋海外,B 半導体内で別サブテーマ,48.4,0.16,0.7,1.33,-211,268,-378,607,-275,301,0,1,SK hynix(10/27頃)
3,ディスコ＋Broadcom＋TSMC,6146.T+AVGO+2330.TW,日本＋海外,B 半導体内で別サブテーマ,33.9,0.25,0.7,0.99,-153,181,-283,394,-193,148,0,0,
3,ディスコ＋Broadcom＋AMD,6146.T+AVGO+AMD,日本＋海外,B 半導体内で別サブテーマ,43.1,0.19,0.69,1.23,-190,235,-344,525,-206,142,0,0,
3,ディスコ＋Broadcom＋ASML（米ADR）,6146.T+AVGO+ASML,日本＋海外,B 半導体内で別サブテーマ,37.7,0.26,0.71,0.95,-169,203,-309,447,-232,157,0,0,
3,ディスコ＋Broadcom＋Lumentum,6146.T+AVGO+LITE,日本＋海外,C 半導体＋半導体以外,42.8,0.03,0.61,0.7,-189,234,-343,522,-164,348,0,0,
3,ディスコ＋Broadcom＋Micron,6146.T+AVGO+MU,日本＋海外,B 半導体内で別サブテーマ,45.1,0.19,0.7,1.18,-198,247,-357,556,-238,303,0,0,
3,ディスコ＋Broadcom＋Sandisk,6146.T+AVGO+SNDK,日本＋海外,B 半導体内で別サブテーマ,54.5,0.17,0.72,1.25,-234,306,-414,707,-274,523,1,1,Sandisk(10/30)
3,ディスコ＋Broadcom＋Vertiv,6146.T+AVGO+VRT,日本＋海外,C 半導体＋半導体以外,41.4,0.22,0.7,1.07,-183,225,-333,500,-266,191,0,1,Vertiv(10/21〜28頃)
3,ディスコ＋Lumentum＋Vertiv,6146.T+LITE+VRT,日本＋海外,C 半導体＋半導体以外,50.5,0.16,0.66,0.81,-219,281,-390,640,-229,387,0,1,Vertiv(10/21〜28頃)
3,ディスコ＋Micron＋SK hynix,6146.T+MU+000660.KS,日本＋海外,B 半導体内で別サブテーマ,64.0,0.42,0.8,1.55,-269,368,-466,871,-282,498,0,1,SK hynix(10/27頃)
3,ディスコ＋Micron＋ASML（米ADR）,6146.T+MU+ASML,日本＋海外,B 半導体内で別サブテーマ,50.8,0.44,0.79,1.17,-220,283,-392,645,-238,379,0,0,
3,ディスコ＋Micron＋Lumentum,6146.T+MU+LITE,日本＋海外,C 半導体＋半導体以外,49.9,0.07,0.61,0.92,-217,277,-387,630,-170,578,0,0,
3,ディスコ＋Micron＋Sandisk,6146.T+MU+SNDK,日本＋海外,B 半導体内で別サブテーマ,72.3,0.48,0.83,1.47,-298,425,-508,1031,-280,799,1,1,Sandisk(10/30)
3,ディスコ＋Micron＋Vertiv,6146.T+MU+VRT,日本＋海外,C 半導体＋半導体以外,52.2,0.32,0.74,1.29,-226,292,-401,668,-273,382,0,1,Vertiv(10/21〜28頃)
3,ディスコ＋NVIDIA＋SK hynix,6146.T+NVDA+000660.KS,日本＋海外,B 半導体内で別サブテーマ,47.0,0.17,0.71,1.23,-205,259,-369,584,-225,282,0,1,SK hynix(10/27頃)
3,ディスコ＋NVIDIA＋TSMC,6146.T+NVDA+2330.TW,日本＋海外,B 半導体内で別サブテーマ,33.3,0.27,0.73,0.89,-150,177,-278,386,-143,132,0,0,
3,ディスコ＋NVIDIA＋AMD,6146.T+NVDA+AMD,日本＋海外,B 半導体内で別サブテーマ,43.1,0.26,0.73,1.12,-190,235,-345,526,-156,153,0,0,
3,ディスコ＋NVIDIA＋ASML（米ADR）,6146.T+NVDA+ASML,日本＋海外,B 半導体内で別サブテーマ,37.6,0.32,0.75,0.85,-168,202,-308,445,-182,137,0,0,
3,ディスコ＋NVIDIA＋Broadcom,6146.T+NVDA+AVGO,日本＋海外,B 半導体内で別サブテーマ,33.5,0.2,0.67,0.86,-152,179,-280,389,-182,115,0,0,
3,ディスコ＋NVIDIA＋Lumentum,6146.T+NVDA+LITE,日本＋海外,C 半導体＋半導体以外,41.5,0.05,0.62,0.59,-184,226,-334,502,-154,335,0,0,
3,ディスコ＋NVIDIA＋Micron,6146.T+NVDA+MU,日本＋海外,B 半導体内で別サブテーマ,44.8,0.25,0.73,1.08,-197,246,-356,552,-188,298,0,0,
3,ディスコ＋NVIDIA＋Sandisk,6146.T+NVDA+SNDK,日本＋海外,B 半導体内で別サブテーマ,54.9,0.25,0.76,1.14,-236,309,-416,713,-224,518,1,1,Sandisk(10/30)
3,ディスコ＋NVIDIA＋Vertiv,6146.T+NVDA+VRT,日本＋海外,C 半導体＋半導体以外,41.7,0.32,0.74,0.97,-185,227,-336,505,-216,169,0,1,Vertiv(10/21〜28頃)
3,ディスコ＋Sandisk＋ASML（米ADR）,6146.T+SNDK+ASML,日本＋海外,B 半導体内で別サブテーマ,61.6,0.47,0.82,1.24,-261,352,-453,829,-274,582,1,1,Sandisk(10/30)
3,ディスコ＋Sandisk＋Lumentum,6146.T+SNDK+LITE,日本＋海外,C 半導体＋半導体以外,62.7,0.15,0.68,0.98,-264,360,-459,849,-207,833,1,1,Sandisk(10/30)
3,ディスコ＋Sandisk＋Vertiv,6146.T+SNDK+VRT,日本＋海外,C 半導体＋半導体以外,62.7,0.35,0.77,1.36,-264,360,-459,848,-309,589,1,2,Sandisk(10/30) Vertiv(10/21〜28頃)
3,日立＋SK hynix＋ASML（米ADR）,6501.T+000660.KS+ASML,日本＋海外,C 半導体＋半導体以外,44.3,0.22,0.73,1.19,-195,242,-352,544,-116,328,1,2,日立(10/28) SK hynix(10/27頃)
3,日立＋SK hynix＋Lumentum,6501.T+000660.KS+LITE,日本＋海外,C 半導体＋半導体以外,45.7,0.02,0.59,0.93,-201,251,-361,565,-63,482,1,2,日立(10/28) SK hynix(10/27頃)
3,日立＋SK hynix＋Sandisk,6501.T+000660.KS+SNDK,日本＋海外,C 半導体＋半導体以外,64.5,0.27,0.78,1.49,-271,371,-468,881,-158,702,2,3,日立(10/28) Sandisk(10/30) SK hynix(10/27頃)
3,日立＋SK hynix＋Vertiv,6501.T+000660.KS+VRT,日本＋海外,C 半導体＋半導体以外,46.9,0.19,0.7,1.31,-205,259,-369,584,-150,348,1,3,日立(10/28) SK hynix(10/27頃) Vertiv(10/21〜28頃)
3,日立＋TSMC＋SK hynix,6501.T+2330.TW+000660.KS,日本＋海外,C 半導体＋半導体以外,44.4,0.4,0.79,1.23,-195,243,-353,545,-77,286,1,2,日立(10/28) SK hynix(10/27頃)
3,日立＋TSMC＋ASML（米ADR）,6501.T+2330.TW+ASML,日本＋海外,C 半導体＋半導体以外,29.5,0.33,0.74,0.85,-135,156,-251,335,-33,162,1,1,日立(10/28)
3,日立＋TSMC＋Lumentum,6501.T+2330.TW+LITE,日本＋海外,C 半導体＋半導体以外,37.4,0.11,0.66,0.6,-168,201,-307,443,-70,304,1,1,日立(10/28)
3,日立＋TSMC＋Micron,6501.T+2330.TW+MU,日本＋海外,C 半導体＋半導体以外,38.6,0.32,0.75,1.08,-172,208,-315,460,-40,319,1,1,日立(10/28)
3,日立＋TSMC＋Sandisk,6501.T+2330.TW+SNDK,日本＋海外,C 半導体＋半導体以外,46.8,0.26,0.75,1.15,-205,258,-368,582,-76,552,2,2,日立(10/28) Sandisk(10/30)
3,日立＋TSMC＋Vertiv,6501.T+2330.TW+VRT,日本＋海外,C 半導体＋半導体以外,34.5,0.34,0.75,0.97,-156,184,-287,403,-68,184,1,2,日立(10/28) Vertiv(10/21〜28頃)
3,日立＋AMD＋SK hynix,6501.T+AMD+000660.KS,日本＋海外,C 半導体＋半導体以外,51.7,0.25,0.74,1.46,-224,288,-397,659,-95,287,1,2,日立(10/28) SK hynix(10/27頃)
3,日立＋AMD＋TSMC,6501.T+AMD+2330.TW,日本＋海外,C 半導体＋半導体以外,37.5,0.36,0.76,1.13,-168,201,-307,443,-24,142,1,1,日立(10/28)
3,日立＋AMD＋ASML（米ADR）,6501.T+AMD+ASML,日本＋海外,C 半導体＋半導体以外,38.3,0.22,0.71,1.08,-171,207,-313,456,-46,169,1,1,日立(10/28)
3,日立＋AMD＋Lumentum,6501.T+AMD+LITE,日本＋海外,C 半導体＋半導体以外,41.4,0.02,0.59,0.83,-184,225,-333,500,-23,411,1,1,日立(10/28)
3,日立＋AMD＋Micron,6501.T+AMD+MU,日本＋海外,C 半導体＋半導体以外,49.6,0.29,0.76,1.31,-216,275,-385,625,-53,319,1,1,日立(10/28)
3,日立＋AMD＋Sandisk,6501.T+AMD+SNDK,日本＋海外,C 半導体＋半導体以外,55.6,0.21,0.73,1.38,-239,313,-420,725,-89,596,2,2,日立(10/28) Sandisk(10/30)
3,日立＋AMD＋Vertiv,6501.T+AMD+VRT,日本＋海外,C 半導体＋半導体以外,43.3,0.24,0.72,1.2,-191,236,-346,528,-84,212,1,2,日立(10/28) Vertiv(10/21〜28頃)
3,日立＋ASML（米ADR）＋Lumentum,6501.T+ASML+LITE,日本＋海外,C 半導体＋半導体以外,42.4,0.14,0.69,0.55,-187,231,-340,514,-27,336,1,1,日立(10/28)
3,日立＋ASML（米ADR）＋Vertiv,6501.T+ASML+VRT,日本＋海外,C 半導体＋半導体以外,36.3,0.24,0.72,0.93,-163,195,-299,427,-107,198,1,2,日立(10/28) Vertiv(10/21〜28頃)
3,日立＋Broadcom＋SK hynix,6501.T+AVGO+000660.KS,日本＋海外,C 半導体＋半導体以外,43.4,0.22,0.72,1.2,-192,237,-346,530,-126,237,1,2,日立(10/28) SK hynix(10/27頃)
3,日立＋Broadcom＋TSMC,6501.T+AVGO+2330.TW,日本＋海外,C 半導体＋半導体以外,30.0,0.35,0.75,0.86,-137,159,-255,342,-55,117,1,1,日立(10/28)
3,日立＋Broadcom＋AMD,6501.T+AVGO+AMD,日本＋海外,C 半導体＋半導体以外,39.0,0.26,0.73,1.09,-174,210,-318,465,-92,115,1,1,日立(10/28)
3,日立＋Broadcom＋ASML（米ADR）,6501.T+AVGO+ASML,日本＋海外,C 半導体＋半導体以外,31.9,0.26,0.71,0.82,-145,169,-268,366,-72,121,1,1,日立(10/28)
3,日立＋Broadcom＋Lumentum,6501.T+AVGO+LITE,日本＋海外,C 半導体＋半導体以外,43.2,0.18,0.7,0.56,-191,235,-345,526,-120,255,1,1,日立(10/28)
3,日立＋Broadcom＋Micron,6501.T+AVGO+MU,日本＋海外,C 半導体＋半導体以外,40.5,0.25,0.72,1.05,-180,219,-328,487,-78,274,1,1,日立(10/28)
3,日立＋Broadcom＋Sandisk,6501.T+AVGO+SNDK,日本＋海外,C 半導体＋半導体以外,48.0,0.18,0.71,1.12,-209,265,-375,600,-114,497,2,2,日立(10/28) Sandisk(10/30)
3,日立＋Broadcom＋Vertiv,6501.T+AVGO+VRT,日本＋海外,C 半導体＋半導体以外,37.3,0.29,0.73,0.94,-167,201,-306,441,-115,137,1,2,日立(10/28) Vertiv(10/21〜28頃)
3,日立＋Lumentum＋Vertiv,6501.T+LITE+VRT,日本＋海外,D 半導体なし,47.7,0.17,0.71,0.67,-208,263,-373,595,-134,361,1,2,日立(10/28) Vertiv(10/21〜28頃)
3,日立＋Micron＋SK hynix,6501.T+MU+000660.KS,日本＋海外,C 半導体＋半導体以外,57.0,0.32,0.79,1.42,-244,322,-428,749,-122,455,1,2,日立(10/28) SK hynix(10/27頃)
3,日立＋Micron＋ASML（米ADR）,6501.T+MU+ASML,日本＋海外,C 半導体＋半導体以外,42.3,0.29,0.76,1.04,-187,231,-340,514,-78,356,1,1,日立(10/28)
3,日立＋Micron＋Lumentum,6501.T+MU+LITE,日本＋海外,C 半導体＋半導体以外,46.2,0.07,0.64,0.78,-203,254,-364,573,-11,486,1,1,日立(10/28)
3,日立＋Micron＋Sandisk,6501.T+MU+SNDK,日本＋海外,C 半導体＋半導体以外,64.6,0.35,0.82,1.34,-271,373,-469,884,-121,743,2,2,日立(10/28) Sandisk(10/30)
3,日立＋Micron＋Vertiv,6501.T+MU+VRT,日本＋海外,C 半導体＋半導体以外,45.1,0.23,0.73,1.16,-198,247,-357,555,-113,341,1,2,日立(10/28) Vertiv(10/21〜28頃)
3,日立＋NVIDIA＋SK hynix,6501.T+NVDA+000660.KS,日本＋海外,C 半導体＋半導体以外,40.8,0.2,0.71,1.09,-181,221,-330,491,-66,239,1,2,日立(10/28) SK hynix(10/27頃)
3,日立＋NVIDIA＋TSMC,6501.T+NVDA+2330.TW,日本＋海外,C 半導体＋半導体以外,27.9,0.34,0.75,0.76,-128,147,-239,314,-22,112,1,1,日立(10/28)
3,日立＋NVIDIA＋AMD,6501.T+NVDA+AMD,日本＋海外,C 半導体＋半導体以外,38.0,0.31,0.75,0.99,-170,205,-311,451,-71,128,1,1,日立(10/28)
3,日立＋NVIDIA＋ASML（米ADR）,6501.T+NVDA+ASML,日本＋海外,C 半導体＋半導体以外,30.4,0.3,0.73,0.71,-138,160,-257,346,-22,115,1,1,日立(10/28)
3,日立＋NVIDIA＋Broadcom,6501.T+NVDA+AVGO,日本＋海外,C 半導体＋半導体以外,32.1,0.38,0.77,0.72,-145,170,-270,369,-84,77,1,1,日立(10/28)
3,日立＋NVIDIA＋Lumentum,6501.T+NVDA+LITE,日本＋海外,C 半導体＋半導体以外,40.9,0.18,0.7,0.46,-181,222,-330,492,-88,240,1,1,日立(10/28)
3,日立＋NVIDIA＋Micron,6501.T+NVDA+MU,日本＋海外,C 半導体＋半導体以外,39.2,0.29,0.74,0.94,-175,212,-319,468,-28,281,1,1,日立(10/28)
3,日立＋NVIDIA＋Sandisk,6501.T+NVDA+SNDK,日本＋海外,C 半導体＋半導体以外,47.6,0.24,0.74,1.01,-208,262,-373,594,-64,496,2,2,日立(10/28) Sandisk(10/30)
3,日立＋NVIDIA＋Vertiv,6501.T+NVDA+VRT,日本＋海外,C 半導体＋半導体以外,36.6,0.36,0.77,0.83,-164,196,-301,432,-85,134,1,2,日立(10/28) Vertiv(10/21〜28頃)
3,日立＋Sandisk＋ASML（米ADR）,6501.T+SNDK+ASML,日本＋海外,C 半導体＋半導体以外,52.3,0.28,0.78,1.11,-226,292,-401,669,-114,588,2,2,日立(10/28) Sandisk(10/30)
3,日立＋Sandisk＋Lumentum,6501.T+SNDK+LITE,日本＋海外,C 半導体＋半導体以外,57.5,0.11,0.68,0.85,-245,325,-430,756,-111,766,2,2,日立(10/28) Sandisk(10/30)
3,日立＋Sandisk＋Vertiv,6501.T+SNDK+VRT,日本＋海外,C 半導体＋半導体以外,54.3,0.22,0.74,1.23,-234,305,-413,703,-149,547,2,3,日立(10/28) Sandisk(10/30) Vertiv(10/21〜28頃)
3,アドバンテスト＋SK hynix＋ASML（米ADR）,6857.T+000660.KS+ASML,日本＋海外,B 半導体内で別サブテーマ,55.9,0.36,0.78,1.6,-240,315,-422,730,-146,362,1,2,アドバンテスト(10/28) SK hynix(10/27頃)
3,アドバンテスト＋SK hynix＋Lumentum,6857.T+000660.KS+LITE,日本＋海外,C 半導体＋半導体以外,54.6,0.08,0.61,1.34,-235,307,-414,707,-79,566,1,2,アドバンテスト(10/28) SK hynix(10/27頃)
3,アドバンテスト＋SK hynix＋Sandisk,6857.T+000660.KS+SNDK,日本＋海外,B 半導体内で別サブテーマ,73.7,0.39,0.78,1.9,-303,435,-514,1058,-189,719,2,3,アドバンテスト(10/28) Sandisk(10/30) SK hynix(10/27頃)
3,アドバンテスト＋SK hynix＋Vertiv,6857.T+000660.KS+VRT,日本＋海外,C 半導体＋半導体以外,58.6,0.32,0.75,1.72,-249,332,-437,775,-181,387,1,3,アドバンテスト(10/28) SK hynix(10/27頃) Vertiv(10/21〜28頃)
3,アドバンテスト＋TSMC＋SK hynix,6857.T+2330.TW+000660.KS,日本＋海外,B 半導体内で別サブテーマ,56.2,0.53,0.83,1.64,-241,317,-423,735,-108,350,1,2,アドバンテスト(10/28) SK hynix(10/27頃)
3,アドバンテスト＋TSMC＋ASML（米ADR）,6857.T+2330.TW+ASML,日本＋海外,B 半導体内で別サブテーマ,40.7,0.41,0.79,1.26,-181,220,-329,489,-64,195,1,1,アドバンテスト(10/28)
3,アドバンテスト＋TSMC＋Lumentum,6857.T+2330.TW+LITE,日本＋海外,C 半導体＋半導体以外,43.7,0.12,0.64,1.0,-193,239,-348,534,-60,412,1,1,アドバンテスト(10/28)
3,アドバンテスト＋TSMC＋Micron,6857.T+2330.TW+MU,日本＋海外,B 半導体内で別サブテーマ,48.3,0.4,0.77,1.49,-211,267,-377,605,-70,377,1,1,アドバンテスト(10/28)
3,アドバンテスト＋TSMC＋Sandisk,6857.T+2330.TW+SNDK,日本＋海外,B 半導体内で別サブテーマ,55.5,0.34,0.75,1.56,-238,313,-420,723,-107,597,2,2,アドバンテスト(10/28) Sandisk(10/30)
3,アドバンテスト＋TSMC＋Vertiv,6857.T+2330.TW+VRT,日本＋海外,C 半導体＋半導体以外,45.2,0.43,0.78,1.38,-198,248,-358,556,-99,242,1,2,アドバンテスト(10/28) Vertiv(10/21〜28頃)
3,アドバンテスト＋イビデン＋SK hynix,6857.T+4062.T+000660.KS,日本＋海外,B 半導体内で別サブテーマ,73.4,0.53,0.83,2.33,-302,433,-513,1052,-163,424,2,3,アドバンテスト(10/28) イビデン(10/29) SK hynix(10/27頃)
3,アドバンテスト＋イビデン＋TSMC,6857.T+4062.T+2330.TW,日本＋海外,B 半導体内で別サブテーマ,58.6,0.59,0.86,2.0,-250,332,-437,775,-81,318,2,2,アドバンテスト(10/28) イビデン(10/29)
3,アドバンテスト＋イビデン＋信越化学,6857.T+4062.T+4063.T,日本のみ,B 半導体内で別サブテーマ,54.8,0.29,0.78,1.9,-235,308,-415,710,-140,313,3,3,アドバンテスト(10/28) イビデン(10/29) 信越化学(10/27)
3,アドバンテスト＋イビデン＋古河電工,6857.T+4062.T+5801.T,日本のみ,C 半導体＋半導体以外,70.8,0.48,0.81,2.38,-293,414,-500,1001,-153,470,2,2,アドバンテスト(10/28) イビデン(10/29)
3,アドバンテスト＋イビデン＋住友電工,6857.T+4062.T+5802.T,日本のみ,C 半導体＋半導体以外,68.1,0.57,0.85,2.34,-284,396,-487,949,-196,389,3,3,アドバンテスト(10/28) イビデン(10/29) 住友電工(10/30)
3,アドバンテスト＋イビデン＋フジクラ,6857.T+4062.T+5803.T,日本のみ,C 半導体＋半導体以外,69.8,0.51,0.82,2.29,-290,408,-495,982,-130,387,2,2,アドバンテスト(10/28) イビデン(10/29)
3,アドバンテスト＋イビデン＋日立,6857.T+4062.T+6501.T,日本のみ,C 半導体＋半導体以外,58.6,0.49,0.83,1.97,-250,332,-437,775,-38,257,3,3,アドバンテスト(10/28) イビデン(10/29) 日立(10/28)
3,アドバンテスト＋イビデン＋ソフトバンクG,6857.T+4062.T+9984.T,日本のみ,C 半導体＋半導体以外,71.4,0.52,0.83,2.25,-295,419,-503,1013,-95,206,2,2,アドバンテスト(10/28) イビデン(10/29)
3,アドバンテスト＋イビデン＋AMD,6857.T+4062.T+AMD,日本＋海外,B 半導体内で別サブテーマ,66.5,0.48,0.82,2.23,-278,385,-479,919,-93,283,2,2,アドバンテスト(10/28) イビデン(10/29)
3,アドバンテスト＋イビデン＋ASML（米ADR）,6857.T+4062.T+ASML,日本＋海外,B 半導体内で別サブテーマ,58.5,0.42,0.81,1.95,-249,332,-436,774,-119,295,2,2,アドバンテスト(10/28) イビデン(10/29)
3,アドバンテスト＋イビデン＋Broadcom,6857.T+4062.T+AVGO,日本＋海外,B 半導体内で別サブテーマ,58.3,0.41,0.8,1.96,-248,330,-435,770,-119,228,2,2,アドバンテスト(10/28) イビデン(10/29)
3,アドバンテスト＋イビデン＋Lumentum,6857.T+4062.T+LITE,日本＋海外,C 半導体＋半導体以外,58.4,0.16,0.65,1.7,-249,331,-436,773,-52,561,2,2,アドバンテスト(10/28) イビデン(10/29)
3,アドバンテスト＋イビデン＋Micron,6857.T+4062.T+MU,日本＋海外,B 半導体内で別サブテーマ,66.8,0.44,0.8,2.18,-279,387,-480,925,-126,461,2,2,アドバンテスト(10/28) イビデン(10/29)
3,アドバンテスト＋イビデン＋NVIDIA,6857.T+4062.T+NVDA,日本＋海外,B 半導体内で別サブテーマ,56.6,0.41,0.81,1.86,-242,319,-425,741,-69,269,2,2,アドバンテスト(10/28) イビデン(10/29)
3,アドバンテスト＋イビデン＋Sandisk,6857.T+4062.T+SNDK,日本＋海外,B 半導体内で別サブテーマ,71.4,0.36,0.75,2.25,-295,419,-503,1014,-162,712,3,3,アドバンテスト(10/28) イビデン(10/29) Sandisk(10/30)
3,アドバンテスト＋イビデン＋Vertiv,6857.T+4062.T+VRT,日本＋海外,C 半導体＋半導体以外,62.7,0.43,0.8,2.07,-265,360,-459,849,-154,352,2,3,アドバンテスト(10/28) イビデン(10/29) Vertiv(10/21〜28頃)
3,アドバンテスト＋信越化学＋SK hynix,6857.T+4063.T+000660.KS,日本＋海外,B 半導体内で別サブテーマ,52.0,0.23,0.74,1.54,-225,290,-399,665,-167,334,2,3,アドバンテスト(10/28) 信越化学(10/27) SK hynix(10/27頃)
3,アドバンテスト＋信越化学＋TSMC,6857.T+4063.T+2330.TW,日本＋海外,B 半導体内で別サブテーマ,37.1,0.32,0.75,1.2,-166,199,-305,438,-85,183,2,2,アドバンテスト(10/28) 信越化学(10/27)
3,アドバンテスト＋信越化学＋古河電工,6857.T+4063.T+5801.T,日本のみ,C 半導体＋半導体以外,51.3,0.25,0.74,1.58,-222,286,-395,653,-157,241,2,2,アドバンテスト(10/28) 信越化学(10/27)
3,アドバンテスト＋信越化学＋住友電工,6857.T+4063.T+5802.T,日本のみ,C 半導体＋半導体以外,47.3,0.31,0.76,1.54,-207,261,-371,590,-200,261,3,3,アドバンテスト(10/28) 信越化学(10/27) 住友電工(10/30)
3,アドバンテスト＋信越化学＋フジクラ,6857.T+4063.T+5803.T,日本のみ,C 半導体＋半導体以外,50.4,0.25,0.75,1.49,-219,280,-390,638,-168,246,2,2,アドバンテスト(10/28) 信越化学(10/27)
3,アドバンテスト＋信越化学＋日立,6857.T+4063.T+6501.T,日本のみ,C 半導体＋半導体以外,38.1,0.24,0.73,1.18,-170,205,-311,452,-41,137,3,3,アドバンテスト(10/28) 信越化学(10/27) 日立(10/28)
3,アドバンテスト＋信越化学＋ソフトバンクG,6857.T+4063.T+9984.T,日本のみ,C 半導体＋半導体以外,48.9,0.2,0.72,1.46,-213,270,-380,614,-99,144,2,2,アドバンテスト(10/28) 信越化学(10/27)
3,アドバンテスト＋信越化学＋AMD,6857.T+4063.T+AMD,日本＋海外,B 半導体内で別サブテーマ,45.9,0.25,0.73,1.43,-201,252,-362,568,-97,178,2,2,アドバンテスト(10/28) 信越化学(10/27)
3,アドバンテスト＋信越化学＋ASML（米ADR）,6857.T+4063.T+ASML,日本＋海外,B 半導体内で別サブテーマ,38.3,0.24,0.71,1.16,-171,206,-313,456,-123,179,2,2,アドバンテスト(10/28) 信越化学(10/27)
3,アドバンテスト＋信越化学＋Broadcom,6857.T+4063.T+AVGO,日本＋海外,B 半導体内で別サブテーマ,38.3,0.23,0.71,1.17,-171,207,-313,456,-123,145,2,2,アドバンテスト(10/28) 信越化学(10/27)
3,アドバンテスト＋信越化学＋Lumentum,6857.T+4063.T+LITE,日本＋海外,C 半導体＋半導体以外,42.5,0.0,0.6,0.9,-188,232,-341,517,-110,410,2,2,アドバンテスト(10/28) 信越化学(10/27)
3,アドバンテスト＋信越化学＋Micron,6857.T+4063.T+MU,日本＋海外,B 半導体内で別サブテーマ,47.1,0.25,0.72,1.39,-206,259,-369,586,-129,342,2,2,アドバンテスト(10/28) 信越化学(10/27)
3,アドバンテスト＋信越化学＋NVIDIA,6857.T+4063.T+NVDA,日本＋海外,B 半導体内で別サブテーマ,35.9,0.21,0.7,1.06,-161,192,-296,421,-73,143,2,2,アドバンテスト(10/28) 信越化学(10/27)
3,アドバンテスト＋信越化学＋Sandisk,6857.T+4063.T+SNDK,日本＋海外,B 半導体内で別サブテーマ,54.9,0.2,0.72,1.46,-236,309,-416,712,-166,558,3,3,アドバンテスト(10/28) 信越化学(10/27) Sandisk(10/30)
3,アドバンテスト＋信越化学＋Vertiv,6857.T+4063.T+VRT,日本＋海外,C 半導体＋半導体以外,43.7,0.28,0.73,1.28,-193,239,-348,534,-158,203,2,3,アドバンテスト(10/28) 信越化学(10/27) Vertiv(10/21〜28頃)
3,アドバンテスト＋古河電工＋SK hynix,6857.T+5801.T+000660.KS,日本＋海外,C 半導体＋半導体以外,66.3,0.37,0.76,2.02,-277,384,-478,916,-180,481,1,2,アドバンテスト(10/28) SK hynix(10/27頃)
3,アドバンテスト＋古河電工＋TSMC,6857.T+5801.T+2330.TW,日本＋海外,C 半導体＋半導体以外,53.5,0.46,0.8,1.68,-231,300,-408,689,-98,289,1,1,アドバンテスト(10/28)
3,アドバンテスト＋古河電工＋住友電工,6857.T+5801.T+5802.T,日本のみ,C 半導体＋半導体以外,64.7,0.51,0.82,2.02,-272,373,-470,886,-213,326,2,2,アドバンテスト(10/28) 住友電工(10/30)
3,アドバンテスト＋古河電工＋日立,6857.T+5801.T+6501.T,日本のみ,C 半導体＋半導体以外,53.8,0.39,0.78,1.66,-232,302,-410,694,-135,237,2,2,アドバンテスト(10/28) 日立(10/28)
3,アドバンテスト＋古河電工＋ソフトバンクG,6857.T+5801.T+9984.T,日本のみ,C 半導体＋半導体以外,63.8,0.35,0.75,1.94,-268,367,-465,868,-132,419,1,1,アドバンテスト(10/28)
3,アドバンテスト＋古河電工＋AMD,6857.T+5801.T+AMD,日本＋海外,C 半導体＋半導体以外,57.7,0.28,0.72,1.92,-246,327,-432,761,-110,402,1,1,アドバンテスト(10/28)
3,アドバンテスト＋古河電工＋ASML（米ADR）,6857.T+5801.T+ASML,日本＋海外,C 半導体＋半導体以外,52.9,0.29,0.74,1.64,-228,296,-404,679,-136,335,1,1,アドバンテスト(10/28)
3,アドバンテスト＋古河電工＋Broadcom,6857.T+5801.T+AVGO,日本＋海外,C 半導体＋半導体以外,54.0,0.33,0.76,1.65,-232,303,-411,698,-138,273,1,1,アドバンテスト(10/28)
3,アドバンテスト＋古河電工＋Lumentum,6857.T+5801.T+LITE,日本＋海外,C 半導体＋半導体以外,60.0,0.19,0.68,1.38,-255,342,-444,800,-154,482,1,1,アドバンテスト(10/28)
3,アドバンテスト＋古河電工＋Micron,6857.T+5801.T+MU,日本＋海外,C 半導体＋半導体以外,59.2,0.27,0.72,1.87,-252,337,-440,787,-142,480,1,1,アドバンテスト(10/28)
3,アドバンテスト＋古河電工＋NVIDIA,6857.T+5801.T+NVDA,日本＋海外,C 半導体＋半導体以外,52.3,0.33,0.77,1.54,-226,292,-401,669,-105,259,1,1,アドバンテスト(10/28)
3,アドバンテスト＋古河電工＋Sandisk,6857.T+5801.T+SNDK,日本＋海外,C 半導体＋半導体以外,65.3,0.24,0.7,1.94,-274,377,-473,897,-178,800,2,2,アドバンテスト(10/28) Sandisk(10/30)
3,アドバンテスト＋古河電工＋Vertiv,6857.T+5801.T+VRT,日本＋海外,C 半導体＋半導体以外,61.2,0.43,0.79,1.76,-259,350,-451,822,-171,299,1,2,アドバンテスト(10/28) Vertiv(10/21〜28頃)
3,アドバンテスト＋住友電工＋SK hynix,6857.T+5802.T+000660.KS,日本＋海外,C 半導体＋半導体以外,64.5,0.48,0.81,1.98,-271,372,-469,882,-223,415,2,3,アドバンテスト(10/28) 住友電工(10/30) SK hynix(10/27頃)
3,アドバンテスト＋住友電工＋TSMC,6857.T+5802.T+2330.TW,日本＋海外,C 半導体＋半導体以外,49.8,0.53,0.84,1.64,-216,276,-386,629,-141,256,2,2,アドバンテスト(10/28) 住友電工(10/30)
3,アドバンテスト＋住友電工＋日立,6857.T+5802.T+6501.T,日本のみ,C 半導体＋半導体以外,50.7,0.47,0.82,1.62,-220,282,-392,643,-98,195,3,3,アドバンテスト(10/28) 住友電工(10/30) 日立(10/28)
3,アドバンテスト＋住友電工＋ソフトバンクG,6857.T+5802.T+9984.T,日本のみ,C 半導体＋半導体以外,60.9,0.42,0.78,1.9,-258,348,-449,816,-155,239,2,2,アドバンテスト(10/28) 住友電工(10/30)
3,アドバンテスト＋住友電工＋AMD,6857.T+5802.T+AMD,日本＋海外,C 半導体＋半導体以外,56.2,0.39,0.77,1.87,-241,317,-424,735,-154,269,2,2,アドバンテスト(10/28) 住友電工(10/30)
3,アドバンテスト＋住友電工＋ASML（米ADR）,6857.T+5802.T+ASML,日本＋海外,C 半導体＋半導体以外,50.4,0.4,0.79,1.6,-219,280,-390,639,-179,254,2,2,アドバンテスト(10/28) 住友電工(10/30)
3,アドバンテスト＋住友電工＋Broadcom,6857.T+5802.T+AVGO,日本＋海外,C 半導体＋半導体以外,49.9,0.37,0.78,1.61,-217,277,-387,630,-179,218,2,2,アドバンテスト(10/28) 住友電工(10/30)
3,アドバンテスト＋住友電工＋Lumentum,6857.T+5802.T+LITE,日本＋海外,C 半導体＋半導体以外,55.5,0.23,0.69,1.34,-238,312,-419,722,-112,488,2,2,アドバンテスト(10/28) 住友電工(10/30)
3,アドバンテスト＋住友電工＋Micron,6857.T+5802.T+MU,日本＋海外,C 半導体＋半導体以外,58.0,0.39,0.77,1.83,-247,329,-434,766,-186,426,2,2,アドバンテスト(10/28) 住友電工(10/30)
3,アドバンテスト＋住友電工＋NVIDIA,6857.T+5802.T+NVDA,日本＋海外,C 半導体＋半導体以外,48.3,0.38,0.79,1.5,-211,267,-377,605,-129,208,2,2,アドバンテスト(10/28) 住友電工(10/30)
3,アドバンテスト＋住友電工＋Sandisk,6857.T+5802.T+SNDK,日本＋海外,C 半導体＋半導体以外,64.8,0.35,0.75,1.9,-272,374,-470,887,-222,634,3,3,アドバンテスト(10/28) 住友電工(10/30) Sandisk(10/30)
3,アドバンテスト＋住友電工＋Vertiv,6857.T+5802.T+VRT,日本＋海外,C 半導体＋半導体以外,55.3,0.43,0.79,1.72,-237,311,-418,720,-214,302,2,3,アドバンテスト(10/28) 住友電工(10/30) Vertiv(10/21〜28頃)
3,アドバンテスト＋フジクラ＋SK hynix,6857.T+5803.T+000660.KS,日本＋海外,C 半導体＋半導体以外,66.8,0.43,0.79,1.93,-279,387,-480,924,-151,427,1,2,アドバンテスト(10/28) SK hynix(10/27頃)
3,アドバンテスト＋フジクラ＋TSMC,6857.T+5803.T+2330.TW,日本＋海外,C 半導体＋半導体以外,53.6,0.5,0.83,1.59,-231,300,-409,691,-94,253,1,1,アドバンテスト(10/28)
3,アドバンテスト＋フジクラ＋古河電工,6857.T+5803.T+5801.T,日本のみ,C 半導体＋半導体以外,67.8,0.47,0.81,1.98,-283,394,-486,944,-193,296,1,1,アドバンテスト(10/28)
3,アドバンテスト＋フジクラ＋住友電工,6857.T+5803.T+5802.T,日本のみ,C 半導体＋半導体以外,63.8,0.53,0.83,1.93,-268,367,-465,869,-169,329,2,2,アドバンテスト(10/28) 住友電工(10/30)
3,アドバンテスト＋フジクラ＋日立,6857.T+5803.T+6501.T,日本のみ,C 半導体＋半導体以外,54.7,0.46,0.82,1.57,-235,307,-415,709,-141,190,2,2,アドバンテスト(10/28) 日立(10/28)
3,アドバンテスト＋フジクラ＋ソフトバンクG,6857.T+5803.T+9984.T,日本のみ,C 半導体＋半導体以外,63.4,0.39,0.77,1.85,-267,364,-463,861,-168,221,1,1,アドバンテスト(10/28)
3,アドバンテスト＋フジクラ＋AMD,6857.T+5803.T+AMD,日本＋海外,C 半導体＋半導体以外,60.1,0.38,0.77,1.83,-255,342,-445,801,-70,296,1,1,アドバンテスト(10/28)
3,アドバンテスト＋フジクラ＋ASML（米ADR）,6857.T+5803.T+ASML,日本＋海外,C 半導体＋半導体以外,53.6,0.35,0.78,1.55,-231,300,-408,691,-100,234,1,1,アドバンテスト(10/28)
3,アドバンテスト＋フジクラ＋Broadcom,6857.T+5803.T+AVGO,日本＋海外,C 半導体＋半導体以外,54.2,0.38,0.78,1.56,-233,304,-412,700,-144,184,1,1,アドバンテスト(10/28)
3,アドバンテスト＋フジクラ＋Lumentum,6857.T+5803.T+LITE,日本＋海外,C 半導体＋半導体以外,60.4,0.25,0.7,1.29,-256,344,-447,808,-160,489,1,1,アドバンテスト(10/28)
3,アドバンテスト＋フジクラ＋Micron,6857.T+5803.T+MU,日本＋海外,C 半導体＋半導体以外,60.5,0.35,0.75,1.78,-256,345,-447,809,-113,389,1,1,アドバンテスト(10/28)
3,アドバンテスト＋フジクラ＋NVIDIA,6857.T+5803.T+NVDA,日本＋海外,C 半導体＋半導体以外,52.4,0.37,0.79,1.45,-227,293,-402,672,-112,194,1,1,アドバンテスト(10/28)
3,アドバンテスト＋フジクラ＋Sandisk,6857.T+5803.T+SNDK,日本＋海外,C 半導体＋半導体以外,66.8,0.31,0.73,1.85,-279,387,-480,924,-161,610,2,2,アドバンテスト(10/28) Sandisk(10/30)
3,アドバンテスト＋フジクラ＋Vertiv,6857.T+5803.T+VRT,日本＋海外,C 半導体＋半導体以外,59.2,0.42,0.79,1.67,-252,336,-440,786,-184,287,1,2,アドバンテスト(10/28) Vertiv(10/21〜28頃)
3,アドバンテスト＋ディスコ＋SK hynix,6857.T+6146.T+000660.KS,日本＋海外,B 半導体内で別サブテーマ,61.6,0.42,0.78,1.75,-261,352,-453,829,-224,325,1,2,アドバンテスト(10/28) SK hynix(10/27頃)
3,アドバンテスト＋ディスコ＋TSMC,6857.T+6146.T+2330.TW,日本＋海外,B 半導体内で別サブテーマ,48.0,0.5,0.83,1.41,-210,265,-375,600,-142,171,1,1,アドバンテスト(10/28)
3,アドバンテスト＋ディスコ＋イビデン,6857.T+6146.T+4062.T,日本のみ,B 半導体内で別サブテーマ,63.3,0.45,0.8,2.1,-266,363,-462,859,-197,300,2,2,アドバンテスト(10/28) イビデン(10/29)
3,アドバンテスト＋ディスコ＋信越化学,6857.T+6146.T+4063.T,日本のみ,B 半導体内で別サブテーマ,46.3,0.34,0.77,1.31,-203,255,-365,575,-201,163,2,2,アドバンテスト(10/28) 信越化学(10/27)
3,アドバンテスト＋ディスコ＋古河電工,6857.T+6146.T+5801.T,日本のみ,C 半導体＋半導体以外,59.6,0.38,0.77,1.79,-253,339,-442,793,-214,258,1,1,アドバンテスト(10/28)
3,アドバンテスト＋ディスコ＋住友電工,6857.T+6146.T+5802.T,日本のみ,C 半導体＋半導体以外,56.2,0.45,0.8,1.75,-241,317,-424,735,-257,247,2,2,アドバンテスト(10/28) 住友電工(10/30)
3,アドバンテスト＋ディスコ＋フジクラ,6857.T+6146.T+5803.T,日本のみ,C 半導体＋半導体以外,59.4,0.42,0.79,1.7,-252,338,-441,789,-179,244,1,1,アドバンテスト(10/28)
3,アドバンテスト＋ディスコ＋日立,6857.T+6146.T+6501.T,日本のみ,C 半導体＋半導体以外,48.3,0.41,0.8,1.38,-211,267,-377,605,-99,135,2,2,アドバンテスト(10/28) 日立(10/28)
3,アドバンテスト＋ディスコ＋レーザーテック,6857.T+6146.T+6920.T,日本のみ,A 同一サブテーマ,58.6,0.48,0.81,1.66,-250,332,-437,776,-254,206,1,1,アドバンテスト(10/28)
3,アドバンテスト＋ディスコ＋ソフトバンクG,6857.T+6146.T+9984.T,日本のみ,C 半導体＋半導体以外,58.5,0.38,0.77,1.67,-249,332,-436,774,-156,152,1,1,アドバンテスト(10/28)
3,アドバンテスト＋ディスコ＋AMD,6857.T+6146.T+AMD,日本＋海外,B 半導体内で別サブテーマ,54.6,0.37,0.76,1.64,-235,307,-414,708,-155,228,1,1,アドバンテスト(10/28)
3,アドバンテスト＋ディスコ＋ASML（米ADR）,6857.T+6146.T+ASML,日本＋海外,A 同一サブテーマ,49.4,0.42,0.79,1.37,-215,274,-384,623,-181,181,1,1,アドバンテスト(10/28)
3,アドバンテスト＋ディスコ＋Broadcom,6857.T+6146.T+AVGO,日本＋海外,B 半導体内で別サブテーマ,46.0,0.25,0.73,1.38,-202,253,-363,569,-181,162,1,1,アドバンテスト(10/28)
3,アドバンテスト＋ディスコ＋Lumentum,6857.T+6146.T+LITE,日本＋海外,C 半導体＋半導体以外,49.6,0.11,0.62,1.11,-216,275,-385,626,-113,442,1,1,アドバンテスト(10/28)
3,アドバンテスト＋ディスコ＋Micron,6857.T+6146.T+MU,日本＋海外,B 半導体内で別サブテーマ,55.2,0.34,0.75,1.6,-237,310,-417,717,-187,357,1,1,アドバンテスト(10/28)
3,アドバンテスト＋ディスコ＋NVIDIA,6857.T+6146.T+NVDA,日本＋海外,B 半導体内で別サブテーマ,45.4,0.3,0.76,1.27,-200,249,-359,561,-131,125,1,1,アドバンテスト(10/28)
3,アドバンテスト＋ディスコ＋Sandisk,6857.T+6146.T+SNDK,日本＋海外,B 半導体内で別サブテーマ,64.1,0.35,0.75,1.67,-269,369,-466,873,-223,593,2,2,アドバンテスト(10/28) Sandisk(10/30)
3,アドバンテスト＋ディスコ＋Vertiv,6857.T+6146.T+VRT,日本＋海外,C 半導体＋半導体以外,51.9,0.35,0.75,1.49,-224,289,-398,662,-215,205,1,2,アドバンテスト(10/28) Vertiv(10/21〜28頃)
3,アドバンテスト＋日立＋SK hynix,6857.T+6501.T+000660.KS,日本＋海外,C 半導体＋半導体以外,55.0,0.39,0.78,1.61,-236,309,-417,715,-65,304,2,3,アドバンテスト(10/28) 日立(10/28) SK hynix(10/27頃)
3,アドバンテスト＋日立＋TSMC,6857.T+6501.T+2330.TW,日本＋海外,C 半導体＋半導体以外,41.7,0.52,0.84,1.28,-185,227,-336,505,-41,155,2,2,アドバンテスト(10/28) 日立(10/28)
3,アドバンテスト＋日立＋AMD,6857.T+6501.T+AMD,日本＋海外,C 半導体＋半導体以外,48.4,0.36,0.76,1.51,-211,267,-377,606,2,192,2,2,アドバンテスト(10/28) 日立(10/28)
3,アドバンテスト＋日立＋ASML（米ADR）,6857.T+6501.T+ASML,日本＋海外,C 半導体＋半導体以外,41.5,0.33,0.77,1.23,-184,225,-334,502,-21,162,2,2,アドバンテスト(10/28) 日立(10/28)
3,アドバンテスト＋日立＋Broadcom,6857.T+6501.T+AVGO,日本＋海外,C 半導体＋半導体以外,42.2,0.38,0.78,1.24,-187,230,-339,513,-91,111,2,2,アドバンテスト(10/28) 日立(10/28)
3,アドバンテスト＋日立＋Lumentum,6857.T+6501.T+LITE,日本＋海外,C 半導体＋半導体以外,46.6,0.18,0.66,0.98,-204,257,-367,579,-106,315,2,2,アドバンテスト(10/28) 日立(10/28)
3,アドバンテスト＋日立＋Micron,6857.T+6501.T+MU,日本＋海外,C 半導体＋半導体以外,48.3,0.31,0.74,1.46,-211,267,-377,606,-27,322,2,2,アドバンテスト(10/28) 日立(10/28)
3,アドバンテスト＋日立＋NVIDIA,6857.T+6501.T+NVDA,日本＋海外,C 半導体＋半導体以外,40.7,0.4,0.79,1.14,-181,221,-329,490,-58,122,2,2,アドバンテスト(10/28) 日立(10/28)
3,アドバンテスト＋日立＋Sandisk,6857.T+6501.T+SNDK,日本＋海外,C 半導体＋半導体以外,55.8,0.28,0.73,1.53,-239,315,-421,728,-63,541,3,3,アドバンテスト(10/28) 日立(10/28) Sandisk(10/30)
3,アドバンテスト＋日立＋Vertiv,6857.T+6501.T+VRT,日本＋海外,C 半導体＋半導体以外,45.4,0.33,0.75,1.35,-199,249,-359,559,-85,185,2,3,アドバンテスト(10/28) 日立(10/28) Vertiv(10/21〜28頃)
3,アドバンテスト＋レーザーテック＋SK hynix,6857.T+6920.T+000660.KS,日本＋海外,B 半導体内で別サブテーマ,65.4,0.46,0.8,1.89,-274,378,-473,898,-219,375,1,2,アドバンテスト(10/28) SK hynix(10/27頃)
3,アドバンテスト＋レーザーテック＋TSMC,6857.T+6920.T+2330.TW,日本＋海外,B 半導体内で別サブテーマ,51.7,0.53,0.84,1.55,-224,288,-397,660,-137,212,1,1,アドバンテスト(10/28)
3,アドバンテスト＋レーザーテック＋イビデン,6857.T+6920.T+4062.T,日本のみ,B 半導体内で別サブテーマ,70.4,0.59,0.86,2.25,-292,412,-498,993,-192,307,2,2,アドバンテスト(10/28) イビデン(10/29)
3,アドバンテスト＋レーザーテック＋信越化学,6857.T+6920.T+4063.T,日本のみ,B 半導体内で別サブテーマ,49.2,0.31,0.77,1.45,-214,272,-382,619,-196,184,2,2,アドバンテスト(10/28) 信越化学(10/27)
3,アドバンテスト＋レーザーテック＋古河電工,6857.T+6920.T+5801.T,日本のみ,C 半導体＋半導体以外,63.8,0.44,0.79,1.93,-268,367,-465,869,-209,347,1,1,アドバンテスト(10/28)
3,アドバンテスト＋レーザーテック＋住友電工,6857.T+6920.T+5802.T,日本のみ,C 半導体＋半導体以外,62.3,0.57,0.84,1.89,-263,357,-457,841,-252,265,2,2,アドバンテスト(10/28) 住友電工(10/30)
3,アドバンテスト＋レーザーテック＋フジクラ,6857.T+6920.T+5803.T,日本のみ,C 半導体＋半導体以外,64.6,0.51,0.82,1.84,-271,372,-469,882,-141,277,1,1,アドバンテスト(10/28)
3,アドバンテスト＋レーザーテック＋日立,6857.T+6920.T+6501.T,日本のみ,C 半導体＋半導体以外,52.7,0.48,0.82,1.53,-228,295,-404,677,-94,129,2,2,アドバンテスト(10/28) 日立(10/28)
3,アドバンテスト＋レーザーテック＋ソフトバンクG,6857.T+6920.T+9984.T,日本のみ,C 半導体＋半導体以外,62.8,0.44,0.79,1.81,-265,360,-459,850,-151,196,1,1,アドバンテスト(10/28)
3,アドバンテスト＋レーザーテック＋AMD,6857.T+6920.T+AMD,日本＋海外,B 半導体内で別サブテーマ,58.8,0.42,0.78,1.78,-250,334,-438,779,-150,211,1,1,アドバンテスト(10/28)
3,アドバンテスト＋レーザーテック＋ASML（米ADR）,6857.T+6920.T+ASML,日本＋海外,A 同一サブテーマ,53.0,0.43,0.8,1.51,-229,296,-405,680,-176,217,1,1,アドバンテスト(10/28)
3,アドバンテスト＋レーザーテック＋Broadcom,6857.T+6920.T+AVGO,日本＋海外,B 半導体内で別サブテーマ,52.1,0.39,0.79,1.52,-225,290,-400,665,-176,172,1,1,アドバンテスト(10/28)
3,アドバンテスト＋レーザーテック＋Lumentum,6857.T+6920.T+LITE,日本＋海外,C 半導体＋半導体以外,53.2,0.15,0.64,1.25,-229,298,-406,684,-108,399,1,1,アドバンテスト(10/28)
3,アドバンテスト＋レーザーテック＋Micron,6857.T+6920.T+MU,日本＋海外,B 半導体内で別サブテーマ,59.0,0.38,0.76,1.74,-251,335,-439,782,-182,380,1,1,アドバンテスト(10/28)
3,アドバンテスト＋レーザーテック＋NVIDIA,6857.T+6920.T+NVDA,日本＋海外,B 半導体内で別サブテーマ,50.4,0.39,0.8,1.41,-219,280,-390,638,-126,147,1,1,アドバンテスト(10/28)
3,アドバンテスト＋レーザーテック＋Sandisk,6857.T+6920.T+SNDK,日本＋海外,B 半導体内で別サブテーマ,66.0,0.35,0.75,1.81,-276,382,-476,910,-218,633,2,2,アドバンテスト(10/28) Sandisk(10/30)
3,アドバンテスト＋レーザーテック＋Vertiv,6857.T+6920.T+VRT,日本＋海外,C 半導体＋半導体以外,56.3,0.4,0.78,1.63,-241,317,-424,735,-210,253,1,2,アドバンテスト(10/28) Vertiv(10/21〜28頃)
3,アドバンテスト＋東京エレクトロン＋SK hynix,6857.T+8035.T+000660.KS,日本＋海外,B 半導体内で別サブテーマ,61.3,0.49,0.81,1.8,-259,350,-452,823,-201,364,2,3,アドバンテスト(10/28) 東京エレクトロン(10/30) SK hynix(10/27頃)
3,アドバンテスト＋東京エレクトロン＋TSMC,6857.T+8035.T+2330.TW,日本＋海外,B 半導体内で別サブテーマ,46.4,0.55,0.85,1.47,-203,255,-365,576,-119,203,2,2,アドバンテスト(10/28) 東京エレクトロン(10/30)
3,アドバンテスト＋東京エレクトロン＋イビデン,6857.T+8035.T+4062.T,日本のみ,B 半導体内で別サブテーマ,63.9,0.55,0.84,2.16,-269,368,-465,870,-174,296,3,3,アドバンテスト(10/28) 東京エレクトロン(10/30) イビデン(10/29)
3,アドバンテスト＋東京エレクトロン＋信越化学,6857.T+8035.T+4063.T,日本のみ,B 半導体内で別サブテーマ,43.7,0.32,0.76,1.36,-193,239,-348,534,-178,208,3,3,アドバンテスト(10/28) 東京エレクトロン(10/30) 信越化学(10/27)
3,アドバンテスト＋東京エレクトロン＋古河電工,6857.T+8035.T+5801.T,日本のみ,C 半導体＋半導体以外,57.3,0.38,0.77,1.85,-245,324,-430,753,-191,328,2,2,アドバンテスト(10/28) 東京エレクトロン(10/30)
3,アドバンテスト＋東京エレクトロン＋住友電工,6857.T+8035.T+5802.T,日本のみ,C 半導体＋半導体以外,55.7,0.52,0.83,1.81,-239,314,-421,726,-234,256,3,3,アドバンテスト(10/28) 東京エレクトロン(10/30) 住友電工(10/30)
3,アドバンテスト＋東京エレクトロン＋フジクラ,6857.T+8035.T+5803.T,日本のみ,C 半導体＋半導体以外,58.7,0.47,0.81,1.76,-250,333,-437,777,-159,263,2,2,アドバンテスト(10/28) 東京エレクトロン(10/30)
3,アドバンテスト＋東京エレクトロン＋ディスコ,6857.T+8035.T+6146.T,日本のみ,A 同一サブテーマ,55.5,0.56,0.84,1.57,-238,312,-419,722,-235,203,2,2,アドバンテスト(10/28) 東京エレクトロン(10/30)
3,アドバンテスト＋東京エレクトロン＋日立,6857.T+8035.T+6501.T,日本のみ,C 半導体＋半導体以外,46.6,0.43,0.81,1.44,-204,256,-366,578,-75,172,3,3,アドバンテスト(10/28) 東京エレクトロン(10/30) 日立(10/28)
3,アドバンテスト＋東京エレクトロン＋レーザーテック,6857.T+8035.T+6920.T,日本のみ,A 同一サブテーマ,58.7,0.57,0.85,1.72,-250,333,-437,777,-230,237,2,2,アドバンテスト(10/28) 東京エレクトロン(10/30)
3,アドバンテスト＋東京エレクトロン＋ソフトバンクG,6857.T+8035.T+9984.T,日本のみ,C 半導体＋半導体以外,57.2,0.41,0.78,1.72,-244,323,-429,751,-133,147,2,2,アドバンテスト(10/28) 東京エレクトロン(10/30)
3,アドバンテスト＋東京エレクトロン＋AMD,6857.T+8035.T+AMD,日本＋海外,B 半導体内で別サブテーマ,53.7,0.42,0.78,1.7,-231,301,-409,692,-131,266,2,2,アドバンテスト(10/28) 東京エレクトロン(10/30)
3,アドバンテスト＋東京エレクトロン＋ASML（米ADR）,6857.T+8035.T+ASML,日本＋海外,A 同一サブテーマ,48.5,0.49,0.81,1.42,-211,268,-378,608,-157,231,2,2,アドバンテスト(10/28) 東京エレクトロン(10/30)
3,アドバンテスト＋東京エレクトロン＋Broadcom,6857.T+8035.T+AVGO,日本＋海外,B 半導体内で別サブテーマ,46.4,0.38,0.78,1.43,-203,255,-365,575,-157,172,2,2,アドバンテスト(10/28) 東京エレクトロン(10/30)
3,アドバンテスト＋東京エレクトロン＋Lumentum,6857.T+8035.T+LITE,日本＋海外,C 半導体＋半導体以外,50.0,0.18,0.66,1.17,-217,278,-388,633,-90,392,2,2,アドバンテスト(10/28) 東京エレクトロン(10/30)
3,アドバンテスト＋東京エレクトロン＋Micron,6857.T+8035.T+MU,日本＋海外,B 半導体内で別サブテーマ,54.8,0.41,0.77,1.65,-235,308,-415,710,-164,378,2,2,アドバンテスト(10/28) 東京エレクトロン(10/30)
3,アドバンテスト＋東京エレクトロン＋NVIDIA,6857.T+8035.T+NVDA,日本＋海外,B 半導体内で別サブテーマ,44.9,0.39,0.79,1.33,-197,246,-356,552,-107,185,2,2,アドバンテスト(10/28) 東京エレクトロン(10/30)
3,アドバンテスト＋東京エレクトロン＋Sandisk,6857.T+8035.T+SNDK,日本＋海外,B 半導体内で別サブテーマ,63.1,0.4,0.77,1.72,-266,362,-461,856,-200,643,3,3,アドバンテスト(10/28) 東京エレクトロン(10/30) Sandisk(10/30)
3,アドバンテスト＋東京エレクトロン＋Vertiv,6857.T+8035.T+VRT,日本＋海外,C 半導体＋半導体以外,51.3,0.42,0.78,1.54,-222,286,-395,654,-192,262,2,3,アドバンテスト(10/28) 東京エレクトロン(10/30) Vertiv(10/21〜28頃)
3,アドバンテスト＋ソフトバンクG＋SK hynix,6857.T+9984.T+000660.KS,日本＋海外,C 半導体＋半導体以外,66.9,0.41,0.78,1.9,-279,388,-481,925,-122,281,1,2,アドバンテスト(10/28) SK hynix(10/27頃)
3,アドバンテスト＋ソフトバンクG＋TSMC,6857.T+9984.T+2330.TW,日本＋海外,C 半導体＋半導体以外,52.8,0.47,0.81,1.56,-228,295,-404,677,-56,132,1,1,アドバンテスト(10/28)
3,アドバンテスト＋ソフトバンクG＋日立,6857.T+9984.T+6501.T,日本のみ,C 半導体＋半導体以外,54.0,0.44,0.8,1.53,-233,303,-411,698,-118,118,2,2,アドバンテスト(10/28) 日立(10/28)
3,アドバンテスト＋ソフトバンクG＋AMD,6857.T+9984.T+AMD,日本＋海外,C 半導体＋半導体以外,62.3,0.43,0.79,1.79,-263,357,-457,842,-102,166,1,1,アドバンテスト(10/28)
3,アドバンテスト＋ソフトバンクG＋ASML（米ADR）,6857.T+9984.T+ASML,日本＋海外,C 半導体＋半導体以外,52.0,0.29,0.74,1.52,-225,290,-399,664,-78,154,1,1,アドバンテスト(10/28)
3,アドバンテスト＋ソフトバンクG＋Broadcom,6857.T+9984.T+AVGO,日本＋海外,C 半導体＋半導体以外,53.0,0.33,0.76,1.53,-229,297,-405,681,-153,95,1,1,アドバンテスト(10/28)
3,アドバンテスト＋ソフトバンクG＋Lumentum,6857.T+9984.T+LITE,日本＋海外,C 半導体＋半導体以外,51.9,0.06,0.6,1.26,-224,289,-398,662,-104,413,1,1,アドバンテスト(10/28)
3,アドバンテスト＋ソフトバンクG＋Micron,6857.T+9984.T+MU,日本＋海外,C 半導体＋半導体以外,59.3,0.3,0.73,1.74,-252,337,-441,788,-85,276,1,1,アドバンテスト(10/28)
3,アドバンテスト＋ソフトバンクG＋NVIDIA,6857.T+9984.T+NVDA,日本＋海外,C 半導体＋半導体以外,51.8,0.35,0.77,1.42,-224,289,-398,661,-132,108,1,1,アドバンテスト(10/28)
3,アドバンテスト＋ソフトバンクG＋Sandisk,6857.T+9984.T+SNDK,日本＋海外,C 半導体＋半導体以外,64.4,0.24,0.7,1.81,-271,371,-468,880,-121,533,2,2,アドバンテスト(10/28) Sandisk(10/30)
3,アドバンテスト＋ソフトバンクG＋Vertiv,6857.T+9984.T+VRT,日本＋海外,C 半導体＋半導体以外,56.8,0.33,0.75,1.64,-243,321,-427,744,-126,205,1,2,アドバンテスト(10/28) Vertiv(10/21〜28頃)
3,アドバンテスト＋AMD＋SK hynix,6857.T+AMD+000660.KS,日本＋海外,B 半導体内で別サブテーマ,63.1,0.4,0.78,1.87,-266,362,-461,855,-121,321,1,2,アドバンテスト(10/28) SK hynix(10/27頃)
3,アドバンテスト＋AMD＋TSMC,6857.T+AMD+2330.TW,日本＋海外,B 半導体内で別サブテーマ,48.2,0.45,0.8,1.53,-210,267,-377,604,-38,218,1,1,アドバンテスト(10/28)
3,アドバンテスト＋AMD＋ASML（米ADR）,6857.T+AMD+ASML,日本＋海外,B 半導体内で別サブテーマ,48.7,0.32,0.75,1.49,-212,269,-379,611,-77,252,1,1,アドバンテスト(10/28)
3,アドバンテスト＋AMD＋Lumentum,6857.T+AMD+LITE,日本＋海外,C 半導体＋半導体以外,48.3,0.04,0.59,1.23,-211,267,-377,606,-12,504,1,1,アドバンテスト(10/28)
3,アドバンテスト＋AMD＋Micron,6857.T+AMD+MU,日本＋海外,B 半導体内で別サブテーマ,58.5,0.37,0.76,1.72,-249,332,-436,773,-83,346,1,1,アドバンテスト(10/28)
3,アドバンテスト＋AMD＋Sandisk,6857.T+AMD+SNDK,日本＋海外,B 半導体内で別サブテーマ,64.1,0.29,0.73,1.79,-269,369,-466,873,-119,642,2,2,アドバンテスト(10/28) Sandisk(10/30)
3,アドバンテスト＋AMD＋Vertiv,6857.T+AMD+VRT,日本＋海外,C 半導体＋半導体以外,53.3,0.33,0.75,1.61,-230,298,-407,685,-111,275,1,2,アドバンテスト(10/28) Vertiv(10/21〜28頃)
3,アドバンテスト＋ASML（米ADR）＋Lumentum,6857.T+ASML+LITE,日本＋海外,C 半導体＋半導体以外,47.7,0.15,0.65,0.96,-208,263,-373,596,-35,417,1,1,アドバンテスト(10/28)
3,アドバンテスト＋ASML（米ADR）＋Vertiv,6857.T+ASML+VRT,日本＋海外,C 半導体＋半導体以外,46.3,0.32,0.74,1.34,-203,254,-364,573,-137,242,1,2,アドバンテスト(10/28) Vertiv(10/21〜28頃)
3,アドバンテスト＋Broadcom＋SK hynix,6857.T+AVGO+000660.KS,日本＋海外,B 半導体内で別サブテーマ,54.9,0.32,0.76,1.61,-236,309,-416,713,-146,308,1,2,アドバンテスト(10/28) SK hynix(10/27頃)
3,アドバンテスト＋Broadcom＋TSMC,6857.T+AVGO+2330.TW,日本＋海外,B 半導体内で別サブテーマ,40.7,0.4,0.79,1.27,-181,220,-329,489,-64,163,1,1,アドバンテスト(10/28)
3,アドバンテスト＋Broadcom＋AMD,6857.T+AVGO+AMD,日本＋海外,B 半導体内で別サブテーマ,48.9,0.32,0.75,1.5,-213,271,-381,614,-77,166,1,1,アドバンテスト(10/28)
3,アドバンテスト＋Broadcom＋ASML（米ADR）,6857.T+AVGO+ASML,日本＋海外,B 半導体内で別サブテーマ,41.7,0.31,0.74,1.23,-185,227,-336,505,-103,166,1,1,アドバンテスト(10/28)
3,アドバンテスト＋Broadcom＋Lumentum,6857.T+AVGO+LITE,日本＋海外,C 半導体＋半導体以外,48.1,0.17,0.66,0.97,-210,266,-376,602,-110,343,1,1,アドバンテスト(10/28)
3,アドバンテスト＋Broadcom＋Micron,6857.T+AVGO+MU,日本＋海外,B 半導体内で別サブテーマ,49.3,0.29,0.73,1.45,-214,273,-383,620,-109,326,1,1,アドバンテスト(10/28)
3,アドバンテスト＋Broadcom＋Sandisk,6857.T+AVGO+SNDK,日本＋海外,B 半導体内で別サブテーマ,56.0,0.23,0.71,1.52,-240,316,-422,731,-145,546,2,2,アドバンテスト(10/28) Sandisk(10/30)
3,アドバンテスト＋Broadcom＋Vertiv,6857.T+AVGO+VRT,日本＋海外,C 半導体＋半導体以外,46.7,0.34,0.75,1.35,-205,257,-367,580,-137,196,1,2,アドバンテスト(10/28) Vertiv(10/21〜28頃)
3,アドバンテスト＋Lumentum＋Vertiv,6857.T+LITE+VRT,日本＋海外,C 半導体＋半導体以外,53.1,0.19,0.67,1.08,-229,297,-406,682,-127,471,1,2,アドバンテスト(10/28) Vertiv(10/21〜28頃)
3,アドバンテスト＋Micron＋SK hynix,6857.T+MU+000660.KS,日本＋海外,B 半導体内で別サブテーマ,66.9,0.45,0.8,1.83,-280,388,-481,926,-153,521,1,2,アドバンテスト(10/28) SK hynix(10/27頃)
3,アドバンテスト＋Micron＋ASML（米ADR）,6857.T+MU+ASML,日本＋海外,B 半導体内で別サブテーマ,51.1,0.36,0.76,1.45,-221,284,-394,650,-109,392,1,1,アドバンテスト(10/28)
3,アドバンテスト＋Micron＋Lumentum,6857.T+MU+LITE,日本＋海外,C 半導体＋半導体以外,51.8,0.07,0.61,1.19,-224,289,-398,660,-41,558,1,1,アドバンテスト(10/28)
3,アドバンテスト＋Micron＋Sandisk,6857.T+MU+SNDK,日本＋海外,B 半導体内で別サブテーマ,71.5,0.41,0.79,1.74,-295,419,-503,1014,-151,794,2,2,アドバンテスト(10/28) Sandisk(10/30)
3,アドバンテスト＋Micron＋Vertiv,6857.T+MU+VRT,日本＋海外,C 半導体＋半導体以外,54.0,0.31,0.73,1.57,-232,303,-411,697,-144,403,1,2,アドバンテスト(10/28) Vertiv(10/21〜28頃)
3,アドバンテスト＋NVIDIA＋SK hynix,6857.T+NVDA+000660.KS,日本＋海外,B 半導体内で別サブテーマ,52.3,0.27,0.76,1.5,-226,292,-401,669,-96,298,1,2,アドバンテスト(10/28) SK hynix(10/27頃)
3,アドバンテスト＋NVIDIA＋TSMC,6857.T+NVDA+2330.TW,日本＋海外,B 半導体内で別サブテーマ,38.3,0.36,0.79,1.16,-171,206,-313,455,-14,162,1,1,アドバンテスト(10/28)
3,アドバンテスト＋NVIDIA＋AMD,6857.T+NVDA+AMD,日本＋海外,B 半導体内で別サブテーマ,47.4,0.34,0.76,1.39,-207,262,-372,592,-27,175,1,1,アドバンテスト(10/28)
3,アドバンテスト＋NVIDIA＋ASML（米ADR）,6857.T+NVDA+ASML,日本＋海外,B 半導体内で別サブテーマ,39.8,0.32,0.75,1.12,-177,215,-323,477,-52,159,1,1,アドバンテスト(10/28)
3,アドバンテスト＋NVIDIA＋Broadcom,6857.T+NVDA+AVGO,日本＋海外,B 半導体内で別サブテーマ,40.7,0.37,0.76,1.13,-181,221,-329,491,-61,124,1,1,アドバンテスト(10/28)
3,アドバンテスト＋NVIDIA＋Lumentum,6857.T+NVDA+LITE,日本＋海外,C 半導体＋半導体以外,45.4,0.13,0.65,0.86,-199,249,-359,559,-77,319,1,1,アドバンテスト(10/28)
3,アドバンテスト＋NVIDIA＋Micron,6857.T+NVDA+MU,日本＋海外,B 半導体内で別サブテーマ,47.5,0.3,0.74,1.35,-208,262,-372,593,-59,328,1,1,アドバンテスト(10/28)
3,アドバンテスト＋NVIDIA＋Sandisk,6857.T+NVDA+SNDK,日本＋海外,B 半導体内で別サブテーマ,55.1,0.25,0.73,1.42,-237,310,-417,716,-95,543,2,2,アドバンテスト(10/28) Sandisk(10/30)
3,アドバンテスト＋NVIDIA＋Vertiv,6857.T+NVDA+VRT,日本＋海外,C 半導体＋半導体以外,45.5,0.38,0.77,1.24,-200,250,-360,561,-87,193,1,2,アドバンテスト(10/28) Vertiv(10/21〜28頃)
3,アドバンテスト＋Sandisk＋ASML（米ADR）,6857.T+SNDK+ASML,日本＋海外,B 半導体内で別サブテーマ,60.0,0.35,0.76,1.52,-255,342,-444,800,-145,605,2,2,アドバンテスト(10/28) Sandisk(10/30)
3,アドバンテスト＋Sandisk＋Lumentum,6857.T+SNDK+LITE,日本＋海外,C 半導体＋半導体以外,62.4,0.11,0.65,1.26,-263,357,-457,843,-104,842,2,2,アドバンテスト(10/28) Sandisk(10/30)
3,アドバンテスト＋Sandisk＋Vertiv,6857.T+SNDK+VRT,日本＋海外,C 半導体＋半導体以外,62.3,0.29,0.74,1.63,-263,357,-457,841,-180,601,2,3,アドバンテスト(10/28) Sandisk(10/30) Vertiv(10/21〜28頃)
3,レーザーテック＋SK hynix＋ASML（米ADR）,6920.T+000660.KS+ASML,日本＋海外,B 半導体内で別サブテーマ,56.1,0.39,0.78,1.47,-240,316,-423,733,-270,398,0,1,SK hynix(10/27頃)
3,レーザーテック＋SK hynix＋Lumentum,6920.T+000660.KS+LITE,日本＋海外,C 半導体＋半導体以外,53.4,0.05,0.6,1.21,-230,299,-407,687,-203,570,0,1,SK hynix(10/27頃)
3,レーザーテック＋SK hynix＋Sandisk,6920.T+000660.KS+SNDK,日本＋海外,B 半導体内で別サブテーマ,74.2,0.4,0.78,1.76,-305,438,-516,1068,-313,779,1,2,Sandisk(10/30) SK hynix(10/27頃)
3,レーザーテック＋SK hynix＋Vertiv,6920.T+000660.KS+VRT,日本＋海外,C 半導体＋半導体以外,58.4,0.32,0.74,1.59,-249,331,-436,773,-305,406,0,2,SK hynix(10/27頃) Vertiv(10/21〜28頃)
3,レーザーテック＋TSMC＋SK hynix,6920.T+2330.TW+000660.KS,日本＋海外,B 半導体内で別サブテーマ,54.8,0.47,0.81,1.51,-235,308,-415,711,-232,389,0,1,SK hynix(10/27頃)
3,レーザーテック＋TSMC＋ASML（米ADR）,6920.T+2330.TW+ASML,日本＋海外,B 半導体内で別サブテーマ,41.6,0.43,0.8,1.13,-185,226,-335,504,-188,235,0,0,
3,レーザーテック＋TSMC＋Lumentum,6920.T+2330.TW+LITE,日本＋海外,C 半導体＋半導体以外,42.9,0.08,0.63,0.87,-190,234,-343,522,-121,394,0,0,
3,レーザーテック＋TSMC＋Micron,6920.T+2330.TW+MU,日本＋海外,B 半導体内で別サブテーマ,49.1,0.39,0.78,1.36,-214,272,-382,618,-194,399,0,0,
3,レーザーテック＋TSMC＋Sandisk,6920.T+2330.TW+SNDK,日本＋海外,B 半導体内で別サブテーマ,56.7,0.33,0.76,1.43,-243,320,-426,743,-231,638,1,1,Sandisk(10/30)
3,レーザーテック＋TSMC＋Vertiv,6920.T+2330.TW+VRT,日本＋海外,C 半導体＋半導体以外,45.6,0.42,0.79,1.25,-200,250,-360,563,-223,250,0,1,Vertiv(10/21〜28頃)
3,レーザーテック＋イビデン＋SK hynix,6920.T+4062.T+000660.KS,日本＋海外,B 半導体内で別サブテーマ,73.2,0.52,0.82,2.2,-301,431,-512,1048,-287,455,1,2,イビデン(10/29) SK hynix(10/27頃)
3,レーザーテック＋イビデン＋TSMC,6920.T+4062.T+2330.TW,日本＋海外,B 半導体内で別サブテーマ,58.8,0.56,0.86,1.86,-250,334,-438,780,-205,324,1,1,イビデン(10/29)
3,レーザーテック＋イビデン＋信越化学,6920.T+4062.T+4063.T,日本のみ,B 半導体内で別サブテーマ,56.9,0.38,0.81,1.76,-243,322,-428,747,-264,285,2,2,イビデン(10/29) 信越化学(10/27)
3,レーザーテック＋イビデン＋古河電工,6920.T+4062.T+5801.T,日本のみ,C 半導体＋半導体以外,71.1,0.48,0.81,2.25,-294,417,-502,1007,-277,419,1,1,イビデン(10/29)
3,レーザーテック＋イビデン＋住友電工,6920.T+4062.T+5802.T,日本のみ,C 半導体＋半導体以外,69.5,0.61,0.86,2.21,-288,405,-494,975,-320,399,2,2,イビデン(10/29) 住友電工(10/30)
3,レーザーテック＋イビデン＋フジクラ,6920.T+4062.T+5803.T,日本のみ,C 半導体＋半導体以外,69.4,0.48,0.81,2.16,-288,405,-494,975,-204,383,1,1,イビデン(10/29)
3,レーザーテック＋イビデン＋日立,6920.T+4062.T+6501.T,日本のみ,C 半導体＋半導体以外,58.1,0.43,0.82,1.84,-248,329,-434,766,-162,251,2,2,イビデン(10/29) 日立(10/28)
3,レーザーテック＋イビデン＋ソフトバンクG,6920.T+4062.T+9984.T,日本のみ,C 半導体＋半導体以外,71.5,0.52,0.83,2.12,-296,420,-504,1015,-219,221,1,1,イビデン(10/29)
3,レーザーテック＋イビデン＋AMD,6920.T+4062.T+AMD,日本＋海外,B 半導体内で別サブテーマ,67.3,0.5,0.82,2.1,-281,390,-483,933,-217,272,1,1,イビデン(10/29)
3,レーザーテック＋イビデン＋ASML（米ADR）,6920.T+4062.T+ASML,日本＋海外,B 半導体内で別サブテーマ,60.2,0.48,0.83,1.82,-256,343,-446,804,-243,336,1,1,イビデン(10/29)
3,レーザーテック＋イビデン＋Broadcom,6920.T+4062.T+AVGO,日本＋海外,B 半導体内で別サブテーマ,58.9,0.42,0.81,1.83,-251,335,-439,782,-243,267,1,1,イビデン(10/29)
3,レーザーテック＋イビデン＋Lumentum,6920.T+4062.T+LITE,日本＋海外,C 半導体＋半導体以外,58.9,0.16,0.66,1.57,-251,335,-439,781,-176,553,1,1,イビデン(10/29)
3,レーザーテック＋イビデン＋Micron,6920.T+4062.T+MU,日本＋海外,B 半導体内で別サブテーマ,68.3,0.48,0.81,2.05,-284,397,-488,953,-250,477,1,1,イビデン(10/29)
3,レーザーテック＋イビデン＋NVIDIA,6920.T+4062.T+NVDA,日本＋海外,B 半導体内で別サブテーマ,57.4,0.43,0.82,1.73,-245,325,-430,756,-193,267,1,1,イビデン(10/29)
3,レーザーテック＋イビデン＋Sandisk,6920.T+4062.T+SNDK,日本＋海外,B 半導体内で別サブテーマ,73.2,0.4,0.77,2.12,-301,431,-512,1049,-286,763,2,2,イビデン(10/29) Sandisk(10/30)
3,レーザーテック＋イビデン＋Vertiv,6920.T+4062.T+VRT,日本＋海外,C 半導体＋半導体以外,64.0,0.47,0.81,1.94,-269,369,-466,873,-278,348,1,2,イビデン(10/29) Vertiv(10/21〜28頃)
3,レーザーテック＋信越化学＋SK hynix,6920.T+4063.T+000660.KS,日本＋海外,B 半導体内で別サブテーマ,52.6,0.28,0.75,1.41,-227,294,-403,674,-291,350,1,2,信越化学(10/27) SK hynix(10/27頃)
3,レーザーテック＋信越化学＋TSMC,6920.T+4063.T+2330.TW,日本＋海外,B 半導体内で別サブテーマ,38.6,0.36,0.78,1.07,-172,208,-315,460,-209,195,1,1,信越化学(10/27)
3,レーザーテック＋信越化学＋古河電工,6920.T+4063.T+5801.T,日本のみ,C 半導体＋半導体以外,52.6,0.32,0.76,1.45,-227,294,-403,674,-281,240,1,1,信越化学(10/27)
3,レーザーテック＋信越化学＋住友電工,6920.T+4063.T+5802.T,日本のみ,C 半導体＋半導体以外,50.2,0.42,0.81,1.41,-218,279,-388,635,-324,268,2,2,信越化学(10/27) 住友電工(10/30)
3,レーザーテック＋信越化学＋フジクラ,6920.T+4063.T+5803.T,日本のみ,C 半導体＋半導体以外,50.8,0.3,0.76,1.36,-220,282,-392,644,-242,229,1,1,信越化学(10/27)
3,レーザーテック＋信越化学＋日立,6920.T+4063.T+6501.T,日本のみ,C 半導体＋半導体以外,38.5,0.25,0.74,1.04,-172,207,-314,458,-165,128,2,2,信越化学(10/27) 日立(10/28)
3,レーザーテック＋信越化学＋ソフトバンクG,6920.T+4063.T+9984.T,日本のみ,C 半導体＋半導体以外,49.9,0.26,0.74,1.33,-217,277,-387,631,-223,127,1,1,信越化学(10/27)
3,レーザーテック＋信越化学＋AMD,6920.T+4063.T+AMD,日本＋海外,B 半導体内で別サブテーマ,47.9,0.33,0.76,1.3,-209,265,-375,600,-221,179,1,1,信越化学(10/27)
3,レーザーテック＋信越化学＋ASML（米ADR）,6920.T+4063.T+ASML,日本＋海外,B 半導体内で別サブテーマ,42.0,0.37,0.77,1.03,-186,229,-337,509,-247,199,1,1,信越化学(10/27)
3,レーザーテック＋信越化学＋Broadcom,6920.T+4063.T+AVGO,日本＋海外,B 半導体内で別サブテーマ,40.5,0.31,0.75,1.04,-180,219,-327,487,-247,137,1,1,信越化学(10/27)
3,レーザーテック＋信越化学＋Lumentum,6920.T+4063.T+LITE,日本＋海外,C 半導体＋半導体以外,44.2,0.08,0.62,0.77,-195,242,-352,542,-184,409,1,1,信越化学(10/27)
3,レーザーテック＋信越化学＋Micron,6920.T+4063.T+MU,日本＋海外,B 半導体内で別サブテーマ,50.1,0.35,0.76,1.26,-218,278,-388,633,-253,377,1,1,信越化学(10/27)
3,レーザーテック＋信越化学＋NVIDIA,6920.T+4063.T+NVDA,日本＋海外,B 半導体内で別サブテーマ,38.5,0.29,0.75,0.93,-172,207,-314,458,-197,134,1,1,信越化学(10/27)
3,レーザーテック＋信越化学＋Sandisk,6920.T+4063.T+SNDK,日本＋海外,B 半導体内で別サブテーマ,58.0,0.31,0.76,1.32,-247,328,-433,765,-290,600,2,2,信越化学(10/27) Sandisk(10/30)
3,レーザーテック＋信越化学＋Vertiv,6920.T+4063.T+VRT,日本＋海外,C 半導体＋半導体以外,46.5,0.38,0.77,1.15,-204,256,-366,578,-282,213,1,2,信越化学(10/27) Vertiv(10/21〜28頃)
3,レーザーテック＋古河電工＋SK hynix,6920.T+5801.T+000660.KS,日本＋海外,C 半導体＋半導体以外,65.3,0.34,0.75,1.89,-274,377,-472,896,-304,498,0,1,SK hynix(10/27頃)
3,レーザーテック＋古河電工＋TSMC,6920.T+5801.T+2330.TW,日本＋海外,C 半導体＋半導体以外,52.7,0.41,0.79,1.55,-228,295,-403,676,-222,301,0,0,
3,レーザーテック＋古河電工＋住友電工,6920.T+5801.T+5802.T,日本のみ,C 半導体＋半導体以外,65.3,0.53,0.82,1.89,-274,377,-473,897,-337,332,1,1,住友電工(10/30)
3,レーザーテック＋古河電工＋日立,6920.T+5801.T+6501.T,日本のみ,C 半導体＋半導体以外,52.2,0.3,0.75,1.53,-226,291,-400,668,-178,256,1,1,日立(10/28)
3,レーザーテック＋古河電工＋ソフトバンクG,6920.T+5801.T+9984.T,日本のみ,C 半導体＋半導体以外,63.0,0.32,0.74,1.81,-266,362,-461,854,-236,388,0,0,
3,レーザーテック＋古河電工＋AMD,6920.T+5801.T+AMD,日本＋海外,C 半導体＋半導体以外,57.6,0.27,0.72,1.78,-246,326,-431,759,-234,375,0,0,
3,レーザーテック＋古河電工＋ASML（米ADR）,6920.T+5801.T+ASML,日本＋海外,C 半導体＋半導体以外,53.8,0.33,0.75,1.51,-232,301,-410,694,-260,345,0,0,
3,レーザーテック＋古河電工＋Broadcom,6920.T+5801.T+AVGO,日本＋海外,C 半導体＋半導体以外,53.7,0.32,0.75,1.52,-231,301,-409,693,-260,271,0,0,
3,レーザーテック＋古河電工＋Lumentum,6920.T+5801.T+LITE,日本＋海外,C 半導体＋半導体以外,59.5,0.18,0.68,1.25,-253,339,-442,792,-209,549,0,0,
3,レーザーテック＋古河電工＋Micron,6920.T+5801.T+MU,日本＋海外,C 半導体＋半導体以外,60.0,0.29,0.73,1.74,-255,342,-445,800,-266,502,0,0,
3,レーザーテック＋古河電工＋NVIDIA,6920.T+5801.T+NVDA,日本＋海外,C 半導体＋半導体以外,52.2,0.33,0.76,1.41,-226,291,-400,667,-210,252,0,0,
3,レーザーテック＋古河電工＋Sandisk,6920.T+5801.T+SNDK,日本＋海外,C 半導体＋半導体以外,66.5,0.26,0.71,1.81,-278,385,-479,918,-302,806,1,1,Sandisk(10/30)
3,レーザーテック＋古河電工＋Vertiv,6920.T+5801.T+VRT,日本＋海外,C 半導体＋半導体以外,61.7,0.44,0.8,1.63,-261,353,-454,830,-295,295,0,1,Vertiv(10/21〜28頃)
3,レーザーテック＋住友電工＋SK hynix,6920.T+5802.T+000660.KS,日本＋海外,C 半導体＋半導体以外,64.6,0.48,0.8,1.85,-271,372,-469,883,-347,426,1,2,住友電工(10/30) SK hynix(10/27頃)
3,レーザーテック＋住友電工＋TSMC,6920.T+5802.T+2330.TW,日本＋海外,C 半導体＋半導体以外,50.4,0.52,0.85,1.51,-219,280,-390,639,-265,252,1,1,住友電工(10/30)
3,レーザーテック＋住友電工＋日立,6920.T+5802.T+6501.T,日本のみ,C 半導体＋半導体以外,50.5,0.43,0.81,1.49,-219,280,-390,639,-222,184,2,2,住友電工(10/30) 日立(10/28)
3,レーザーテック＋住友電工＋ソフトバンクG,6920.T+5802.T+9984.T,日本のみ,C 半導体＋半導体以外,61.3,0.44,0.79,1.77,-259,350,-452,824,-279,236,1,1,住友電工(10/30)
3,レーザーテック＋住友電工＋AMD,6920.T+5802.T+AMD,日本＋海外,C 半導体＋半導体以外,57.4,0.42,0.78,1.74,-245,325,-430,755,-277,297,1,1,住友電工(10/30)
3,レーザーテック＋住友電工＋ASML（米ADR）,6920.T+5802.T+ASML,日本＋海外,C 半導体＋半導体以外,52.8,0.48,0.82,1.47,-228,295,-404,677,-303,265,1,1,住友電工(10/30)
3,レーザーテック＋住友電工＋Broadcom,6920.T+5802.T+AVGO,日本＋海外,C 半導体＋半導体以外,51.0,0.4,0.79,1.48,-221,284,-393,648,-303,202,1,1,住友電工(10/30)
3,レーザーテック＋住友電工＋Lumentum,6920.T+5802.T+LITE,日本＋海外,C 半導体＋半導体以外,56.3,0.25,0.69,1.21,-241,317,-424,736,-236,434,1,1,住友電工(10/30)
3,レーザーテック＋住友電工＋Micron,6920.T+5802.T+MU,日本＋海外,C 半導体＋半導体以外,60.0,0.45,0.79,1.7,-255,342,-445,801,-310,438,1,1,住友電工(10/30)
3,レーザーテック＋住友電工＋NVIDIA,6920.T+5802.T+NVDA,日本＋海外,C 半導体＋半導体以外,49.7,0.42,0.81,1.37,-216,275,-385,627,-253,204,1,1,住友電工(10/30)
3,レーザーテック＋住友電工＋Sandisk,6920.T+5802.T+SNDK,日本＋海外,C 半導体＋半導体以外,67.0,0.41,0.77,1.77,-280,388,-481,928,-346,685,2,2,住友電工(10/30) Sandisk(10/30)
3,レーザーテック＋住友電工＋Vertiv,6920.T+5802.T+VRT,日本＋海外,C 半導体＋半導体以外,57.1,0.48,0.81,1.59,-244,323,-429,750,-338,308,1,2,住友電工(10/30) Vertiv(10/21〜28頃)
3,レーザーテック＋フジクラ＋SK hynix,6920.T+5803.T+000660.KS,日本＋海外,C 半導体＋半導体以外,65.0,0.37,0.76,1.8,-273,375,-471,890,-231,414,0,1,SK hynix(10/27頃)
3,レーザーテック＋フジクラ＋TSMC,6920.T+5803.T+2330.TW,日本＋海外,C 半導体＋半導体以外,51.9,0.43,0.8,1.46,-225,290,-399,663,-151,258,0,0,
3,レーザーテック＋フジクラ＋古河電工,6920.T+5803.T+5801.T,日本のみ,C 半導体＋半導体以外,66.6,0.43,0.79,1.84,-279,386,-479,921,-266,347,0,0,
3,レーザーテック＋フジクラ＋住友電工,6920.T+5803.T+5802.T,日本のみ,C 半導体＋半導体以外,63.7,0.52,0.82,1.8,-268,366,-464,866,-264,318,1,1,住友電工(10/30)
3,レーザーテック＋フジクラ＋日立,6920.T+5803.T+6501.T,日本のみ,C 半導体＋半導体以外,52.2,0.36,0.78,1.44,-226,292,-401,668,-144,218,1,1,日立(10/28)
3,レーザーテック＋フジクラ＋ソフトバンクG,6920.T+5803.T+9984.T,日本のみ,C 半導体＋半導体以外,61.9,0.34,0.75,1.72,-261,354,-455,833,-214,216,0,0,
3,レーザーテック＋フジクラ＋AMD,6920.T+5803.T+AMD,日本＋海外,C 半導体＋半導体以外,59.2,0.35,0.75,1.69,-252,336,-440,785,-161,338,0,0,
3,レーザーテック＋フジクラ＋ASML（米ADR）,6920.T+5803.T+ASML,日本＋海外,C 半導体＋半導体以外,53.6,0.37,0.77,1.42,-231,300,-408,691,-187,272,0,0,
3,レーザーテック＋フジクラ＋Broadcom,6920.T+5803.T+AVGO,日本＋海外,C 半導体＋半導体以外,53.0,0.34,0.76,1.43,-229,296,-405,681,-192,205,0,0,
3,レーザーテック＋フジクラ＋Lumentum,6920.T+5803.T+LITE,日本＋海外,C 半導体＋半導体以外,59.2,0.21,0.69,1.16,-252,336,-440,786,-231,518,0,0,
3,レーザーテック＋フジクラ＋Micron,6920.T+5803.T+MU,日本＋海外,C 半導体＋半導体以外,60.4,0.34,0.75,1.65,-256,345,-447,808,-193,434,0,0,
3,レーザーテック＋フジクラ＋NVIDIA,6920.T+5803.T+NVDA,日本＋海外,C 半導体＋半導体以外,51.4,0.35,0.77,1.32,-223,286,-396,655,-182,191,0,0,
3,レーザーテック＋フジクラ＋Sandisk,6920.T+5803.T+SNDK,日本＋海外,C 半導体＋半導体以外,67.2,0.31,0.73,1.72,-280,390,-482,931,-235,663,1,1,Sandisk(10/30)
3,レーザーテック＋フジクラ＋Vertiv,6920.T+5803.T+VRT,日本＋海外,C 半導体＋半導体以外,58.9,0.41,0.78,1.54,-251,334,-438,780,-258,274,0,1,Vertiv(10/21〜28頃)
3,レーザーテック＋日立＋SK hynix,6920.T+6501.T+000660.KS,日本＋海外,C 半導体＋半導体以外,52.7,0.29,0.75,1.48,-228,295,-404,677,-189,295,1,2,日立(10/28) SK hynix(10/27頃)
3,レーザーテック＋日立＋TSMC,6920.T+6501.T+2330.TW,日本＋海外,C 半導体＋半導体以外,39.5,0.41,0.79,1.14,-176,213,-321,472,-106,154,1,1,日立(10/28)
3,レーザーテック＋日立＋AMD,6920.T+6501.T+AMD,日本＋海外,C 半導体＋半導体以外,47.1,0.29,0.74,1.38,-206,260,-370,587,-119,178,1,1,日立(10/28)
3,レーザーテック＋日立＋ASML（米ADR）,6920.T+6501.T+ASML,日本＋海外,C 半導体＋半導体以外,41.4,0.31,0.76,1.1,-184,225,-333,500,-145,147,1,1,日立(10/28)
3,レーザーテック＋日立＋Broadcom,6920.T+6501.T+AVGO,日本＋海外,C 半導体＋半導体以外,40.6,0.3,0.75,1.11,-180,220,-328,489,-145,115,1,1,日立(10/28)
3,レーザーテック＋日立＋Lumentum,6920.T+6501.T+LITE,日本＋海外,C 半導体＋半導体以外,44.9,0.1,0.63,0.85,-197,246,-356,552,-108,325,1,1,日立(10/28)
3,レーザーテック＋日立＋Micron,6920.T+6501.T+MU,日本＋海外,C 半導体＋半導体以外,48.2,0.27,0.73,1.33,-210,266,-376,604,-151,316,1,1,日立(10/28)
3,レーザーテック＋日立＋NVIDIA,6920.T+6501.T+NVDA,日本＋海外,C 半導体＋半導体以外,39.3,0.34,0.76,1.01,-175,212,-319,469,-95,98,1,1,日立(10/28)
3,レーザーテック＋日立＋Sandisk,6920.T+6501.T+SNDK,日本＋海外,C 半導体＋半導体以外,56.2,0.24,0.73,1.4,-241,317,-423,734,-187,574,2,2,日立(10/28) Sandisk(10/30)
3,レーザーテック＋日立＋Vertiv,6920.T+6501.T+VRT,日本＋海外,C 半導体＋半導体以外,44.8,0.28,0.74,1.22,-197,246,-355,551,-180,185,1,2,日立(10/28) Vertiv(10/21〜28頃)
3,レーザーテック＋ソフトバンクG＋SK hynix,6920.T+9984.T+000660.KS,日本＋海外,C 半導体＋半導体以外,65.6,0.37,0.76,1.77,-275,379,-474,901,-246,298,0,1,SK hynix(10/27頃)
3,レーザーテック＋ソフトバンクG＋TSMC,6920.T+9984.T+2330.TW,日本＋海外,C 半導体＋半導体以外,51.7,0.42,0.79,1.43,-224,288,-398,660,-164,157,0,0,
3,レーザーテック＋ソフトバンクG＋日立,6920.T+9984.T+6501.T,日本のみ,C 半導体＋半導体以外,52.1,0.35,0.77,1.4,-225,291,-400,667,-146,123,1,1,日立(10/28)
3,レーザーテック＋ソフトバンクG＋AMD,6920.T+9984.T+AMD,日本＋海外,C 半導体＋半導体以外,62.0,0.42,0.78,1.66,-262,355,-455,836,-176,107,0,0,
3,レーザーテック＋ソフトバンクG＋ASML（米ADR）,6920.T+9984.T+ASML,日本＋海外,C 半導体＋半導体以外,52.6,0.33,0.75,1.39,-227,294,-403,674,-202,171,0,0,
3,レーザーテック＋ソフトバンクG＋Broadcom,6920.T+9984.T+AVGO,日本＋海外,C 半導体＋半導体以外,52.5,0.31,0.75,1.39,-227,293,-402,672,-202,131,0,0,
3,レーザーテック＋ソフトバンクG＋Lumentum,6920.T+9984.T+LITE,日本＋海外,C 半導体＋半導体以外,51.1,0.03,0.59,1.13,-221,284,-394,650,-156,431,0,0,
3,レーザーテック＋ソフトバンクG＋Micron,6920.T+9984.T+MU,日本＋海外,C 半導体＋半導体以外,59.8,0.31,0.73,1.61,-254,340,-443,797,-209,334,0,0,
3,レーザーテック＋ソフトバンクG＋NVIDIA,6920.T+9984.T+NVDA,日本＋海外,C 半導体＋半導体以外,51.4,0.35,0.77,1.29,-223,287,-396,655,-152,104,0,0,
3,レーザーテック＋ソフトバンクG＋Sandisk,6920.T+9984.T+SNDK,日本＋海外,C 半導体＋半導体以外,65.3,0.25,0.71,1.68,-274,377,-473,896,-245,572,1,1,Sandisk(10/30)
3,レーザーテック＋ソフトバンクG＋Vertiv,6920.T+9984.T+VRT,日本＋海外,C 半導体＋半導体以外,57.0,0.34,0.75,1.51,-244,322,-428,748,-237,205,0,1,Vertiv(10/21〜28頃)
3,レーザーテック＋AMD＋SK hynix,6920.T+AMD+000660.KS,日本＋海外,B 半導体内で別サブテーマ,62.4,0.37,0.77,1.74,-263,357,-457,843,-245,341,0,1,SK hynix(10/27頃)
3,レーザーテック＋AMD＋TSMC,6920.T+AMD+2330.TW,日本＋海外,B 半導体内で別サブテーマ,48.0,0.42,0.79,1.4,-209,265,-375,600,-162,206,0,0,
3,レーザーテック＋AMD＋ASML（米ADR）,6920.T+AMD+ASML,日本＋海外,B 半導体内で別サブテーマ,50.2,0.37,0.77,1.36,-218,279,-389,636,-201,267,0,0,
3,レーザーテック＋AMD＋Lumentum,6920.T+AMD+LITE,日本＋海外,C 半導体＋半導体以外,48.4,0.04,0.59,1.1,-211,267,-377,606,-136,447,0,0,
3,レーザーテック＋AMD＋Micron,6920.T+AMD+MU,日本＋海外,B 半導体内で別サブテーマ,59.7,0.4,0.78,1.59,-254,340,-443,795,-207,391,0,0,
3,レーザーテック＋AMD＋Sandisk,6920.T+AMD+SNDK,日本＋海外,B 半導体内で別サブテーマ,65.6,0.32,0.75,1.66,-275,379,-474,902,-243,657,1,1,Sandisk(10/30)
3,レーザーテック＋AMD＋Vertiv,6920.T+AMD+VRT,日本＋海外,C 半導体＋半導体以外,54.3,0.36,0.76,1.48,-234,305,-413,703,-235,290,0,1,Vertiv(10/21〜28頃)
3,レーザーテック＋ASML（米ADR）＋Lumentum,6920.T+ASML+LITE,日本＋海外,C 半導体＋半導体以外,48.8,0.2,0.67,0.83,-213,270,-380,614,-159,414,0,0,
3,レーザーテック＋ASML（米ADR）＋Vertiv,6920.T+ASML+VRT,日本＋海外,C 半導体＋半導体以外,48.6,0.4,0.78,1.21,-212,269,-379,609,-261,267,0,1,Vertiv(10/21〜28頃)
3,レーザーテック＋Broadcom＋SK hynix,6920.T+AVGO+000660.KS,日本＋海外,B 半導体内で別サブテーマ,53.9,0.29,0.74,1.48,-232,302,-411,696,-270,315,0,1,SK hynix(10/27頃)
3,レーザーテック＋Broadcom＋TSMC,6920.T+AVGO+2330.TW,日本＋海外,B 半導体内で別サブテーマ,40.1,0.36,0.77,1.14,-178,217,-325,481,-188,174,0,0,
3,レーザーテック＋Broadcom＋AMD,6920.T+AVGO+AMD,日本＋海外,B 半導体内で別サブテーマ,49.1,0.32,0.75,1.37,-214,272,-382,618,-201,154,0,0,
3,レーザーテック＋Broadcom＋ASML（米ADR）,6920.T+AVGO+ASML,日本＋海外,B 半導体内で別サブテーマ,43.3,0.36,0.77,1.1,-191,236,-346,528,-227,191,0,0,
3,レーザーテック＋Broadcom＋Lumentum,6920.T+AVGO+LITE,日本＋海外,C 半導体＋半導体以外,47.9,0.16,0.65,0.84,-209,264,-375,599,-159,333,0,0,
3,レーザーテック＋Broadcom＋Micron,6920.T+AVGO+MU,日本＋海外,B 半導体内で別サブテーマ,50.5,0.31,0.75,1.32,-219,281,-390,641,-233,339,0,0,
3,レーザーテック＋Broadcom＋Sandisk,6920.T+AVGO+SNDK,日本＋海外,B 半導体内で別サブテーマ,57.6,0.25,0.73,1.39,-246,326,-431,758,-269,565,1,1,Sandisk(10/30)
3,レーザーテック＋Broadcom＋Vertiv,6920.T+AVGO+VRT,日本＋海外,C 半導体＋半導体以外,47.7,0.36,0.76,1.22,-208,263,-373,595,-261,209,0,1,Vertiv(10/21〜28頃)
3,レーザーテック＋Lumentum＋Vertiv,6920.T+LITE+VRT,日本＋海外,C 半導体＋半導体以外,53.7,0.2,0.68,0.95,-231,301,-409,693,-200,444,0,1,Vertiv(10/21〜28頃)
3,レーザーテック＋Micron＋SK hynix,6920.T+MU+000660.KS,日本＋海外,B 半導体内で別サブテーマ,67.0,0.45,0.8,1.7,-280,389,-482,929,-277,557,0,1,SK hynix(10/27頃)
3,レーザーテック＋Micron＋ASML（米ADR）,6920.T+MU+ASML,日本＋海外,B 半導体内で別サブテーマ,53.5,0.44,0.79,1.32,-231,300,-408,690,-233,403,0,0,
3,レーザーテック＋Micron＋Lumentum,6920.T+MU+LITE,日本＋海外,C 半導体＋半導体以外,52.7,0.09,0.62,1.06,-228,295,-404,677,-165,572,0,0,
3,レーザーテック＋Micron＋Sandisk,6920.T+MU+SNDK,日本＋海外,B 半導体内で別サブテーマ,73.6,0.47,0.82,1.61,-303,434,-514,1056,-275,809,1,1,Sandisk(10/30)
3,レーザーテック＋Micron＋Vertiv,6920.T+MU+VRT,日本＋海外,C 半導体＋半導体以外,55.9,0.36,0.76,1.43,-240,315,-422,730,-268,415,0,1,Vertiv(10/21〜28頃)
3,レーザーテック＋NVIDIA＋SK hynix,6920.T+NVDA+000660.KS,日本＋海外,B 半導体内で別サブテーマ,51.5,0.26,0.74,1.37,-223,287,-396,656,-220,341,0,1,SK hynix(10/27頃)
3,レーザーテック＋NVIDIA＋TSMC,6920.T+NVDA+2330.TW,日本＋海外,B 半導体内で別サブテーマ,38.0,0.34,0.78,1.03,-170,204,-311,451,-138,162,0,0,
3,レーザーテック＋NVIDIA＋AMD,6920.T+NVDA+AMD,日本＋海外,B 半導体内で別サブテーマ,47.9,0.36,0.77,1.26,-209,265,-375,599,-151,196,0,0,
3,レーザーテック＋NVIDIA＋ASML（米ADR）,6920.T+NVDA+ASML,日本＋海外,B 半導体内で別サブテーマ,41.7,0.38,0.78,0.99,-185,227,-335,505,-176,169,0,0,
3,レーザーテック＋NVIDIA＋Broadcom,6920.T+NVDA+AVGO,日本＋海外,B 半導体内で別サブテーマ,41.1,0.38,0.77,1.0,-182,223,-331,495,-177,141,0,0,
3,レーザーテック＋NVIDIA＋Lumentum,6920.T+NVDA+LITE,日本＋海外,C 半導体＋半導体以外,45.4,0.13,0.65,0.73,-199,249,-359,560,-125,318,0,0,
3,レーザーテック＋NVIDIA＋Micron,6920.T+NVDA+MU,日本＋海外,B 半導体内で別サブテーマ,49.1,0.33,0.76,1.22,-214,272,-382,617,-183,338,0,0,
3,レーザーテック＋NVIDIA＋Sandisk,6920.T+NVDA+SNDK,日本＋海外,B 半導体内で別サブテーマ,56.9,0.28,0.75,1.29,-243,322,-427,747,-219,564,1,1,Sandisk(10/30)
3,レーザーテック＋NVIDIA＋Vertiv,6920.T+NVDA+VRT,日本＋海外,C 半導体＋半導体以外,46.7,0.42,0.78,1.11,-205,257,-367,580,-211,206,0,1,Vertiv(10/21〜28頃)
3,レーザーテック＋Sandisk＋ASML（米ADR）,6920.T+SNDK+ASML,日本＋海外,B 半導体内で別サブテーマ,62.5,0.44,0.79,1.38,-264,358,-458,845,-269,653,1,1,Sandisk(10/30)
3,レーザーテック＋Sandisk＋Lumentum,6920.T+SNDK+LITE,日本＋海外,C 半導体＋半導体以外,63.6,0.14,0.67,1.13,-268,366,-464,866,-201,840,1,1,Sandisk(10/30)
3,レーザーテック＋Sandisk＋Vertiv,6920.T+SNDK+VRT,日本＋海外,C 半導体＋半導体以外,64.4,0.35,0.76,1.5,-271,371,-468,880,-304,648,1,2,Sandisk(10/30) Vertiv(10/21〜28頃)
3,東京エレクトロン＋SK hynix＋ASML（米ADR）,8035.T+000660.KS+ASML,日本＋海外,B 半導体内で別サブテーマ,53.5,0.48,0.81,1.38,-231,300,-408,689,-252,362,1,2,東京エレクトロン(10/30) SK hynix(10/27頃)
3,東京エレクトロン＋SK hynix＋Lumentum,8035.T+000660.KS+LITE,日本＋海外,C 半導体＋半導体以外,51.9,0.12,0.63,1.12,-225,290,-399,663,-184,593,1,2,東京エレクトロン(10/30) SK hynix(10/27頃)
3,東京エレクトロン＋SK hynix＋Sandisk,8035.T+000660.KS+SNDK,日本＋海外,B 半導体内で別サブテーマ,72.8,0.49,0.82,1.68,-300,428,-510,1040,-294,753,2,3,東京エレクトロン(10/30) Sandisk(10/30) SK hynix(10/27頃)
3,東京エレクトロン＋SK hynix＋Vertiv,8035.T+000660.KS+VRT,日本＋海外,C 半導体＋半導体以外,55.3,0.38,0.77,1.5,-237,311,-418,719,-287,367,1,3,東京エレクトロン(10/30) SK hynix(10/27頃) Vertiv(10/21〜28頃)
3,東京エレクトロン＋TSMC＋SK hynix,8035.T+2330.TW+000660.KS,日本＋海外,B 半導体内で別サブテーマ,51.5,0.53,0.84,1.42,-223,287,-396,657,-213,348,1,2,東京エレクトロン(10/30) SK hynix(10/27頃)
3,東京エレクトロン＋TSMC＋ASML（米ADR）,8035.T+2330.TW+ASML,日本＋海外,B 半導体内で別サブテーマ,38.1,0.52,0.84,1.04,-170,205,-311,452,-170,227,1,1,東京エレクトロン(10/30)
3,東京エレクトロン＋TSMC＋Lumentum,8035.T+2330.TW+LITE,日本＋海外,C 半導体＋半導体以外,41.1,0.14,0.66,0.78,-182,223,-331,495,-102,409,1,1,東京エレクトロン(10/30)
3,東京エレクトロン＋TSMC＋Micron,8035.T+2330.TW+MU,日本＋海外,B 半導体内で別サブテーマ,45.9,0.46,0.81,1.27,-201,252,-362,568,-176,384,1,1,東京エレクトロン(10/30)
3,東京エレクトロン＋TSMC＋Sandisk,8035.T+2330.TW+SNDK,日本＋海外,B 半導体内で別サブテーマ,54.9,0.42,0.81,1.34,-236,309,-416,712,-212,638,2,2,東京エレクトロン(10/30) Sandisk(10/30)
3,東京エレクトロン＋TSMC＋Vertiv,8035.T+2330.TW+VRT,日本＋海外,C 半導体＋半導体以外,41.5,0.47,0.81,1.16,-184,226,-334,502,-204,249,1,2,東京エレクトロン(10/30) Vertiv(10/21〜28頃)
3,東京エレクトロン＋イビデン＋SK hynix,8035.T+4062.T+000660.KS,日本＋海外,B 半導体内で別サブテーマ,68.2,0.51,0.83,2.12,-284,397,-488,951,-269,409,2,3,東京エレクトロン(10/30) イビデン(10/29) SK hynix(10/27頃)
3,東京エレクトロン＋イビデン＋TSMC,8035.T+4062.T+2330.TW,日本＋海外,B 半導体内で別サブテーマ,52.6,0.56,0.85,1.78,-227,294,-403,674,-186,289,2,2,東京エレクトロン(10/30) イビデン(10/29)
3,東京エレクトロン＋イビデン＋信越化学,8035.T+4062.T+4063.T,日本のみ,B 半導体内で別サブテーマ,50.6,0.37,0.79,1.68,-219,281,-391,641,-245,254,3,3,東京エレクトロン(10/30) イビデン(10/29) 信越化学(10/27)
3,東京エレクトロン＋イビデン＋古河電工,8035.T+4062.T+5801.T,日本のみ,C 半導体＋半導体以外,63.9,0.4,0.79,2.16,-269,368,-466,871,-258,365,2,2,東京エレクトロン(10/30) イビデン(10/29)
3,東京エレクトロン＋イビデン＋住友電工,8035.T+4062.T+5802.T,日本のみ,C 半導体＋半導体以外,62.2,0.54,0.84,2.12,-263,356,-457,840,-301,336,3,3,東京エレクトロン(10/30) イビデン(10/29) 住友電工(10/30)
3,東京エレクトロン＋イビデン＋フジクラ,8035.T+4062.T+5803.T,日本のみ,C 半導体＋半導体以外,62.7,0.43,0.79,2.07,-264,359,-459,848,-216,391,2,2,東京エレクトロン(10/30) イビデン(10/29)
3,東京エレクトロン＋イビデン＋日立,8035.T+4062.T+6501.T,日本のみ,C 半導体＋半導体以外,50.8,0.36,0.79,1.75,-220,283,-392,645,-143,218,3,3,東京エレクトロン(10/30) イビデン(10/29) 日立(10/28)
3,東京エレクトロン＋イビデン＋ソフトバンクG,8035.T+4062.T+9984.T,日本のみ,C 半導体＋半導体以外,65.3,0.47,0.82,2.04,-274,377,-473,897,-200,211,2,2,東京エレクトロン(10/30) イビデン(10/29)
3,東京エレクトロン＋イビデン＋AMD,8035.T+4062.T+AMD,日本＋海外,B 半導体内で別サブテーマ,61.5,0.47,0.82,2.01,-260,351,-452,826,-199,289,2,2,東京エレクトロン(10/30) イビデン(10/29)
3,東京エレクトロン＋イビデン＋ASML（米ADR）,8035.T+4062.T+ASML,日本＋海外,B 半導体内で別サブテーマ,54.7,0.52,0.83,1.74,-235,308,-415,710,-225,299,2,2,東京エレクトロン(10/30) イビデン(10/29)
3,東京エレクトロン＋イビデン＋Broadcom,8035.T+4062.T+AVGO,日本＋海外,B 半導体内で別サブテーマ,52.4,0.38,0.79,1.75,-226,292,-401,670,-225,248,2,2,東京エレクトロン(10/30) イビデン(10/29)
3,東京エレクトロン＋イビデン＋Lumentum,8035.T+4062.T+LITE,日本＋海外,C 半導体＋半導体以外,54.5,0.17,0.66,1.48,-234,306,-414,706,-157,581,2,2,東京エレクトロン(10/30) イビデン(10/29)
3,東京エレクトロン＋イビデン＋Micron,8035.T+4062.T+MU,日本＋海外,B 半導体内で別サブテーマ,63.4,0.48,0.82,1.97,-267,364,-462,860,-231,435,2,2,東京エレクトロン(10/30) イビデン(10/29)
3,東京エレクトロン＋イビデン＋NVIDIA,8035.T+4062.T+NVDA,日本＋海外,B 半導体内で別サブテーマ,51.0,0.4,0.8,1.64,-221,284,-393,648,-175,240,2,2,東京エレクトロン(10/30) イビデン(10/29)
3,東京エレクトロン＋イビデン＋Sandisk,8035.T+4062.T+SNDK,日本＋海外,B 半導体内で別サブテーマ,69.4,0.42,0.78,2.03,-288,405,-493,973,-267,717,3,3,東京エレクトロン(10/30) イビデン(10/29) Sandisk(10/30)
3,東京エレクトロン＋イビデン＋Vertiv,8035.T+4062.T+VRT,日本＋海外,C 半導体＋半導体以外,58.3,0.46,0.8,1.86,-248,331,-435,770,-259,324,2,3,東京エレクトロン(10/30) イビデン(10/29) Vertiv(10/21〜28頃)
3,東京エレクトロン＋信越化学＋SK hynix,8035.T+4063.T+000660.KS,日本＋海外,B 半導体内で別サブテーマ,49.2,0.34,0.77,1.32,-214,273,-383,620,-272,327,2,3,東京エレクトロン(10/30) 信越化学(10/27) SK hynix(10/27頃)
3,東京エレクトロン＋信越化学＋TSMC,8035.T+4063.T+2330.TW,日本＋海外,B 半導体内で別サブテーマ,34.0,0.41,0.79,0.98,-153,181,-283,395,-190,198,2,2,東京エレクトロン(10/30) 信越化学(10/27)
3,東京エレクトロン＋信越化学＋古河電工,8035.T+4063.T+5801.T,日本のみ,C 半導体＋半導体以外,46.5,0.3,0.74,1.36,-204,256,-366,576,-262,210,2,2,東京エレクトロン(10/30) 信越化学(10/27)
3,東京エレクトロン＋信越化学＋住友電工,8035.T+4063.T+5802.T,日本のみ,C 半導体＋半導体以外,43.8,0.4,0.79,1.32,-193,239,-349,536,-305,249,3,3,東京エレクトロン(10/30) 信越化学(10/27) 住友電工(10/30)
3,東京エレクトロン＋信越化学＋フジクラ,8035.T+4063.T+5803.T,日本のみ,C 半導体＋半導体以外,45.1,0.29,0.74,1.28,-198,247,-357,556,-203,260,2,2,東京エレクトロン(10/30) 信越化学(10/27)
3,東京エレクトロン＋信越化学＋日立,8035.T+4063.T+6501.T,日本のみ,C 半導体＋半導体以外,32.4,0.22,0.7,0.96,-147,172,-272,373,-147,142,3,3,東京エレクトロン(10/30) 信越化学(10/27) 日立(10/28)
3,東京エレクトロン＋信越化学＋ソフトバンクG,8035.T+4063.T+9984.T,日本のみ,C 半導体＋半導体以外,44.8,0.26,0.73,1.24,-197,245,-355,551,-204,143,2,2,東京エレクトロン(10/30) 信越化学(10/27)
3,東京エレクトロン＋信越化学＋AMD,8035.T+4063.T+AMD,日本＋海外,B 半導体内で別サブテーマ,43.7,0.36,0.77,1.21,-193,238,-348,534,-203,181,2,2,東京エレクトロン(10/30) 信越化学(10/27)
3,東京エレクトロン＋信越化学＋ASML（米ADR）,8035.T+4063.T+ASML,日本＋海外,B 半導体内で別サブテーマ,38.6,0.45,0.81,0.94,-172,208,-315,460,-229,212,2,2,東京エレクトロン(10/30) 信越化学(10/27)
3,東京エレクトロン＋信越化学＋Broadcom,8035.T+4063.T+AVGO,日本＋海外,B 半導体内で別サブテーマ,35.5,0.32,0.74,0.95,-160,190,-294,416,-229,129,2,2,東京エレクトロン(10/30) 信越化学(10/27)
3,東京エレクトロン＋信越化学＋Lumentum,8035.T+4063.T+LITE,日本＋海外,C 半導体＋半導体以外,42.6,0.13,0.66,0.68,-188,232,-341,517,-161,419,2,2,東京エレクトロン(10/30) 信越化学(10/27)
3,東京エレクトロン＋信越化学＋Micron,8035.T+4063.T+MU,日本＋海外,B 半導体内で別サブテーマ,47.0,0.41,0.79,1.17,-206,259,-369,585,-235,362,2,2,東京エレクトロン(10/30) 信越化学(10/27)
3,東京エレクトロン＋信越化学＋NVIDIA,8035.T+4063.T+NVDA,日本＋海外,B 半導体内で別サブテーマ,33.7,0.32,0.75,0.84,-152,179,-281,391,-179,136,2,2,東京エレクトロン(10/30) 信越化学(10/27)
3,東京エレクトロン＋信越化学＋Sandisk,8035.T+4063.T+SNDK,日本＋海外,B 半導体内で別サブテーマ,56.3,0.38,0.8,1.24,-241,317,-424,736,-271,605,3,3,東京エレクトロン(10/30) 信越化学(10/27) Sandisk(10/30)
3,東京エレクトロン＋信越化学＋Vertiv,8035.T+4063.T+VRT,日本＋海外,C 半導体＋半導体以外,42.7,0.42,0.79,1.06,-189,232,-342,519,-263,258,2,3,東京エレクトロン(10/30) 信越化学(10/27) Vertiv(10/21〜28頃)
3,東京エレクトロン＋古河電工＋SK hynix,8035.T+5801.T+000660.KS,日本＋海外,C 半導体＋半導体以外,60.3,0.32,0.75,1.8,-256,344,-446,806,-285,454,1,2,東京エレクトロン(10/30) SK hynix(10/27頃)
3,東京エレクトロン＋古河電工＋TSMC,8035.T+5801.T+2330.TW,日本＋海外,C 半導体＋半導体以外,46.5,0.39,0.77,1.47,-204,256,-366,577,-203,256,1,1,東京エレクトロン(10/30)
3,東京エレクトロン＋古河電工＋住友電工,8035.T+5801.T+5802.T,日本のみ,C 半導体＋半導体以外,58.3,0.44,0.8,1.81,-248,330,-435,770,-318,317,2,2,東京エレクトロン(10/30) 住友電工(10/30)
3,東京エレクトロン＋古河電工＋日立,8035.T+5801.T+6501.T,日本のみ,C 半導体＋半導体以外,44.9,0.21,0.71,1.44,-197,246,-356,552,-160,208,2,2,東京エレクトロン(10/30) 日立(10/28)
3,東京エレクトロン＋古河電工＋ソフトバンクG,8035.T+5801.T+9984.T,日本のみ,C 半導体＋半導体以外,56.6,0.26,0.72,1.72,-242,320,-426,741,-217,358,1,1,東京エレクトロン(10/30)
3,東京エレクトロン＋古河電工＋AMD,8035.T+5801.T+AMD,日本＋海外,C 半導体＋半導体以外,51.5,0.23,0.7,1.7,-223,287,-396,656,-216,328,1,1,東京エレクトロン(10/30)
3,東京エレクトロン＋古河電工＋ASML（米ADR）,8035.T+5801.T+ASML,日本＋海外,C 半導体＋半導体以外,48.3,0.35,0.74,1.42,-211,267,-377,606,-242,320,1,1,東京エレクトロン(10/30)
3,東京エレクトロン＋古河電工＋Broadcom,8035.T+5801.T+AVGO,日本＋海外,C 半導体＋半導体以外,47.2,0.26,0.73,1.43,-206,260,-370,588,-242,222,1,1,東京エレクトロン(10/30)
3,東京エレクトロン＋古河電工＋Lumentum,8035.T+5801.T+LITE,日本＋海外,C 半導体＋半導体以外,55.9,0.17,0.68,1.17,-239,315,-421,728,-174,514,1,1,東京エレクトロン(10/30)
3,東京エレクトロン＋古河電工＋Micron,8035.T+5801.T+MU,日本＋海外,C 半導体＋半導体以外,55.0,0.28,0.72,1.65,-236,309,-417,714,-248,513,1,1,東京エレクトロン(10/30)
3,東京エレクトロン＋古河電工＋NVIDIA,8035.T+5801.T+NVDA,日本＋海外,C 半導体＋半導体以外,45.8,0.29,0.74,1.33,-201,252,-362,567,-191,197,1,1,東京エレクトロン(10/30)
3,東京エレクトロン＋古河電工＋Sandisk,8035.T+5801.T+SNDK,日本＋海外,C 半導体＋半導体以外,62.8,0.27,0.72,1.72,-265,360,-460,850,-284,805,2,2,東京エレクトロン(10/30) Sandisk(10/30)
3,東京エレクトロン＋古河電工＋Vertiv,8035.T+5801.T+VRT,日本＋海外,C 半導体＋半導体以外,56.4,0.42,0.79,1.54,-241,318,-425,738,-276,251,1,2,東京エレクトロン(10/30) Vertiv(10/21〜28頃)
3,東京エレクトロン＋住友電工＋SK hynix,8035.T+5802.T+000660.KS,日本＋海外,C 半導体＋半導体以外,59.7,0.47,0.81,1.76,-253,340,-443,794,-329,390,2,3,東京エレクトロン(10/30) 住友電工(10/30) SK hynix(10/27頃)
3,東京エレクトロン＋住友電工＋TSMC,8035.T+5802.T+2330.TW,日本＋海外,C 半導体＋半導体以外,44.0,0.51,0.83,1.42,-194,241,-350,539,-246,261,2,2,東京エレクトロン(10/30) 住友電工(10/30)
3,東京エレクトロン＋住友電工＋日立,8035.T+5802.T+6501.T,日本のみ,C 半導体＋半導体以外,43.0,0.34,0.77,1.4,-190,234,-344,523,-203,198,3,3,東京エレクトロン(10/30) 住友電工(10/30) 日立(10/28)
3,東京エレクトロン＋住友電工＋ソフトバンクG,8035.T+5802.T+9984.T,日本のみ,C 半導体＋半導体以外,54.8,0.38,0.77,1.68,-235,308,-415,711,-260,230,2,2,東京エレクトロン(10/30) 住友電工(10/30)
3,東京エレクトロン＋住友電工＋AMD,8035.T+5802.T+AMD,日本＋海外,C 半導体＋半導体以外,51.3,0.39,0.77,1.66,-222,286,-395,654,-259,274,2,2,東京エレクトロン(10/30) 住友電工(10/30)
3,東京エレクトロン＋住友電工＋ASML（米ADR）,8035.T+5802.T+ASML,日本＋海外,C 半導体＋半導体以外,47.3,0.51,0.82,1.38,-207,261,-371,590,-285,270,2,2,東京エレクトロン(10/30) 住友電工(10/30)
3,東京エレクトロン＋住友電工＋Broadcom,8035.T+5802.T+AVGO,日本＋海外,C 半導体＋半導体以外,44.2,0.35,0.76,1.39,-195,242,-352,542,-285,232,2,2,東京エレクトロン(10/30) 住友電工(10/30)
3,東京エレクトロン＋住友電工＋Lumentum,8035.T+5802.T+LITE,日本＋海外,C 半導体＋半導体以外,52.5,0.25,0.7,1.13,-227,293,-402,672,-217,404,2,2,東京エレクトロン(10/30) 住友電工(10/30)
3,東京エレクトロン＋住友電工＋Micron,8035.T+5802.T+MU,日本＋海外,C 半導体＋半導体以外,55.1,0.45,0.8,1.61,-237,310,-417,716,-291,417,2,2,東京エレクトロン(10/30) 住友電工(10/30)
3,東京エレクトロン＋住友電工＋NVIDIA,8035.T+5802.T+NVDA,日本＋海外,C 半導体＋半導体以外,43.1,0.38,0.78,1.29,-190,235,-344,525,-235,218,2,2,東京エレクトロン(10/30) 住友電工(10/30)
3,東京エレクトロン＋住友電工＋Sandisk,8035.T+5802.T+SNDK,日本＋海外,C 半導体＋半導体以外,63.5,0.43,0.79,1.68,-267,365,-463,862,-327,648,3,3,東京エレクトロン(10/30) 住友電工(10/30) Sandisk(10/30)
3,東京エレクトロン＋住友電工＋Vertiv,8035.T+5802.T+VRT,日本＋海外,C 半導体＋半導体以外,51.5,0.47,0.8,1.5,-223,287,-396,656,-319,285,2,3,東京エレクトロン(10/30) 住友電工(10/30) Vertiv(10/21〜28頃)
3,東京エレクトロン＋フジクラ＋SK hynix,8035.T+5803.T+000660.KS,日本＋海外,C 半導体＋半導体以外,60.6,0.38,0.77,1.71,-257,346,-448,811,-238,421,1,2,東京エレクトロン(10/30) SK hynix(10/27頃)
3,東京エレクトロン＋フジクラ＋TSMC,8035.T+5803.T+2330.TW,日本＋海外,C 半導体＋半導体以外,46.3,0.44,0.8,1.38,-203,255,-365,575,-149,282,1,1,東京エレクトロン(10/30)
3,東京エレクトロン＋フジクラ＋古河電工,8035.T+5803.T+5801.T,日本のみ,C 半導体＋半導体以外,60.2,0.36,0.77,1.76,-255,343,-446,803,-202,349,1,1,東京エレクトロン(10/30)
3,東京エレクトロン＋フジクラ＋住友電工,8035.T+5803.T+5802.T,日本のみ,C 半導体＋半導体以外,57.0,0.46,0.8,1.72,-244,322,-428,748,-256,303,2,2,東京エレクトロン(10/30) 住友電工(10/30)
3,東京エレクトロン＋フジクラ＋日立,8035.T+5803.T+6501.T,日本のみ,C 半導体＋半導体以外,45.7,0.29,0.75,1.35,-200,251,-361,564,-87,202,2,2,東京エレクトロン(10/30) 日立(10/28)
3,東京エレクトロン＋フジクラ＋ソフトバンクG,8035.T+5803.T+9984.T,日本のみ,C 半導体＋半導体以外,55.9,0.3,0.73,1.63,-240,315,-422,730,-150,226,1,1,東京エレクトロン(10/30)
3,東京エレクトロン＋フジクラ＋AMD,8035.T+5803.T+AMD,日本＋海外,C 半導体＋半導体以外,53.8,0.34,0.75,1.61,-232,302,-410,695,-143,267,1,1,東京エレクトロン(10/30)
3,東京エレクトロン＋フジクラ＋ASML（米ADR）,8035.T+5803.T+ASML,日本＋海外,C 半導体＋半導体以外,48.9,0.41,0.78,1.33,-213,270,-380,614,-187,279,1,1,東京エレクトロン(10/30)
3,東京エレクトロン＋フジクラ＋Broadcom,8035.T+5803.T+AVGO,日本＋海外,C 半導体＋半導体以外,47.1,0.31,0.75,1.34,-206,260,-370,587,-173,202,1,1,東京エレクトロン(10/30)
3,東京エレクトロン＋フジクラ＋Lumentum,8035.T+5803.T+LITE,日本＋海外,C 半導体＋半導体以外,56.1,0.22,0.7,1.08,-240,316,-423,733,-167,484,1,1,東京エレクトロン(10/30)
3,東京エレクトロン＋フジクラ＋Micron,8035.T+5803.T+MU,日本＋海外,C 半導体＋半導体以外,56.1,0.36,0.76,1.56,-240,316,-423,733,-199,375,1,1,東京エレクトロン(10/30)
3,東京エレクトロン＋フジクラ＋NVIDIA,8035.T+5803.T+NVDA,日本＋海外,C 半導体＋半導体以外,45.7,0.33,0.76,1.24,-201,251,-361,565,-118,211,1,1,東京エレクトロン(10/30)
3,東京エレクトロン＋フジクラ＋Sandisk,8035.T+5803.T+SNDK,日本＋海外,C 半導体＋半導体以外,64.1,0.34,0.75,1.63,-270,369,-466,874,-212,632,2,2,東京エレクトロン(10/30) Sandisk(10/30)
3,東京エレクトロン＋フジクラ＋Vertiv,8035.T+5803.T+VRT,日本＋海外,C 半導体＋半導体以外,53.9,0.41,0.78,1.45,-232,302,-411,696,-224,312,1,2,東京エレクトロン(10/30) Vertiv(10/21〜28頃)
3,東京エレクトロン＋ディスコ＋SK hynix,8035.T+6146.T+000660.KS,日本＋海外,B 半導体内で別サブテーマ,58.1,0.48,0.8,1.53,-248,330,-434,768,-330,306,1,2,東京エレクトロン(10/30) SK hynix(10/27頃)
3,東京エレクトロン＋ディスコ＋TSMC,8035.T+6146.T+2330.TW,日本＋海外,B 半導体内で別サブテーマ,44.1,0.55,0.85,1.19,-194,241,-351,541,-248,165,1,1,東京エレクトロン(10/30)
3,東京エレクトロン＋ディスコ＋イビデン,8035.T+6146.T+4062.T,日本のみ,B 半導体内で別サブテーマ,58.5,0.49,0.8,1.89,-249,332,-436,774,-303,273,2,2,東京エレクトロン(10/30) イビデン(10/29)
3,東京エレクトロン＋ディスコ＋信越化学,8035.T+6146.T+4063.T,日本のみ,B 半導体内で別サブテーマ,44.9,0.49,0.83,1.09,-197,246,-356,553,-307,170,2,2,東京エレクトロン(10/30) 信越化学(10/27)
3,東京エレクトロン＋ディスコ＋古河電工,8035.T+6146.T+5801.T,日本のみ,C 半導体＋半導体以外,54.2,0.38,0.76,1.57,-233,304,-412,701,-320,227,1,1,東京エレクトロン(10/30)
3,東京エレクトロン＋ディスコ＋住友電工,8035.T+6146.T+5802.T,日本のみ,C 半導体＋半導体以外,52.0,0.49,0.81,1.53,-225,290,-399,665,-363,233,2,2,東京エレクトロン(10/30) 住友電工(10/30)
3,東京エレクトロン＋ディスコ＋フジクラ,8035.T+6146.T+5803.T,日本のみ,C 半導体＋半導体以外,53.8,0.42,0.77,1.48,-232,301,-409,693,-265,270,1,1,東京エレクトロン(10/30)
3,東京エレクトロン＋ディスコ＋日立,8035.T+6146.T+6501.T,日本のみ,C 半導体＋半導体以外,42.3,0.35,0.78,1.17,-187,230,-339,514,-205,127,2,2,東京エレクトロン(10/30) 日立(10/28)
3,東京エレクトロン＋ディスコ＋レーザーテック,8035.T+6146.T+6920.T,日本のみ,A 同一サブテーマ,55.0,0.54,0.83,1.44,-236,309,-416,713,-359,231,1,1,東京エレクトロン(10/30)
3,東京エレクトロン＋ディスコ＋ソフトバンクG,8035.T+6146.T+9984.T,日本のみ,C 半導体＋半導体以外,53.9,0.41,0.77,1.45,-232,302,-410,696,-262,163,1,1,東京エレクトロン(10/30)
3,東京エレクトロン＋ディスコ＋AMD,8035.T+6146.T+AMD,日本＋海外,B 半導体内で別サブテーマ,51.4,0.44,0.78,1.42,-223,286,-396,655,-260,225,1,1,東京エレクトロン(10/30)
3,東京エレクトロン＋ディスコ＋ASML（米ADR）,8035.T+6146.T+ASML,日本＋海外,A 同一サブテーマ,48.2,0.59,0.85,1.15,-210,267,-377,604,-286,205,1,1,東京エレクトロン(10/30)
3,東京エレクトロン＋ディスコ＋Broadcom,8035.T+6146.T+AVGO,日本＋海外,B 半導体内で別サブテーマ,42.0,0.3,0.74,1.16,-186,229,-338,510,-286,158,1,1,東京エレクトロン(10/30)
3,東京エレクトロン＋ディスコ＋Lumentum,8035.T+6146.T+LITE,日本＋海外,C 半導体＋半導体以外,48.2,0.2,0.66,0.89,-210,266,-377,604,-219,423,1,1,東京エレクトロン(10/30)
3,東京エレクトロン＋ディスコ＋Micron,8035.T+6146.T+MU,日本＋海外,B 半導体内で別サブテーマ,53.9,0.46,0.79,1.38,-232,302,-410,695,-293,357,1,1,東京エレクトロン(10/30)
3,東京エレクトロン＋ディスコ＋NVIDIA,8035.T+6146.T+NVDA,日本＋海外,B 半導体内で別サブテーマ,42.1,0.37,0.79,1.05,-186,229,-338,511,-236,126,1,1,東京エレクトロン(10/30)
3,東京エレクトロン＋ディスコ＋Sandisk,8035.T+6146.T+SNDK,日本＋海外,B 半導体内で別サブテーマ,64.2,0.5,0.81,1.45,-270,370,-467,876,-329,612,2,2,東京エレクトロン(10/30) Sandisk(10/30)
3,東京エレクトロン＋ディスコ＋Vertiv,8035.T+6146.T+VRT,日本＋海外,C 半導体＋半導体以外,49.6,0.45,0.79,1.27,-216,275,-385,626,-321,237,1,2,東京エレクトロン(10/30) Vertiv(10/21〜28頃)
3,東京エレクトロン＋日立＋SK hynix,8035.T+6501.T+000660.KS,日本＋海外,C 半導体＋半導体以外,48.4,0.28,0.76,1.4,-211,267,-377,606,-170,298,2,3,東京エレクトロン(10/30) 日立(10/28) SK hynix(10/27頃)
3,東京エレクトロン＋日立＋TSMC,8035.T+6501.T+2330.TW,日本＋海外,C 半導体＋半導体以外,33.4,0.39,0.77,1.06,-151,178,-279,387,-88,145,2,2,東京エレクトロン(10/30) 日立(10/28)
3,東京エレクトロン＋日立＋AMD,8035.T+6501.T+AMD,日本＋海外,C 半導体＋半導体以外,41.6,0.26,0.73,1.29,-184,226,-335,503,-101,160,2,2,東京エレクトロン(10/30) 日立(10/28)
3,東京エレクトロン＋日立＋ASML（米ADR）,8035.T+6501.T+ASML,日本＋海外,C 半導体＋半導体以外,36.5,0.34,0.76,1.02,-164,196,-301,430,-126,180,2,2,東京エレクトロン(10/30) 日立(10/28)
3,東京エレクトロン＋日立＋Broadcom,8035.T+6501.T+AVGO,日本＋海外,C 半導体＋半導体以外,34.2,0.25,0.71,1.03,-154,182,-285,398,-126,110,2,2,東京エレクトロン(10/30) 日立(10/28)
3,東京エレクトロン＋日立＋Lumentum,8035.T+6501.T+LITE,日本＋海外,C 半導体＋半導体以外,42.0,0.09,0.65,0.76,-186,229,-338,510,-59,317,2,2,東京エレクトロン(10/30) 日立(10/28)
3,東京エレクトロン＋日立＋Micron,8035.T+6501.T+MU,日本＋海外,C 半導体＋半導体以外,43.9,0.26,0.74,1.24,-193,240,-349,537,-133,350,2,2,東京エレクトロン(10/30) 日立(10/28)
3,東京エレクトロン＋日立＋NVIDIA,8035.T+6501.T+NVDA,日本＋海外,C 半導体＋半導体以外,33.1,0.3,0.73,0.92,-150,176,-277,383,-76,111,2,2,東京エレクトロン(10/30) 日立(10/28)
3,東京エレクトロン＋日立＋Sandisk,8035.T+6501.T+SNDK,日本＋海外,C 半導体＋半導体以外,53.5,0.26,0.76,1.31,-231,300,-408,689,-169,571,3,3,東京エレクトロン(10/30) 日立(10/28) Sandisk(10/30)
3,東京エレクトロン＋日立＋Vertiv,8035.T+6501.T+VRT,日本＋海外,C 半導体＋半導体以外,39.5,0.26,0.73,1.14,-176,213,-321,473,-161,209,2,3,東京エレクトロン(10/30) 日立(10/28) Vertiv(10/21〜28頃)
3,東京エレクトロン＋レーザーテック＋SK hynix,8035.T+6920.T+000660.KS,日本＋海外,B 半導体内で別サブテーマ,61.0,0.48,0.8,1.67,-258,348,-450,817,-325,376,1,2,東京エレクトロン(10/30) SK hynix(10/27頃)
3,東京エレクトロン＋レーザーテック＋TSMC,8035.T+6920.T+2330.TW,日本＋海外,B 半導体内で別サブテーマ,46.6,0.53,0.85,1.33,-204,257,-367,579,-243,237,1,1,東京エレクトロン(10/30)
3,東京エレクトロン＋レーザーテック＋イビデン,8035.T+6920.T+4062.T,日本のみ,B 半導体内で別サブテーマ,65.0,0.58,0.85,2.03,-273,375,-471,891,-298,307,2,2,東京エレクトロン(10/30) イビデン(10/29)
3,東京エレクトロン＋レーザーテック＋信越化学,8035.T+6920.T+4063.T,日本のみ,B 半導体内で別サブテーマ,46.3,0.42,0.8,1.23,-203,255,-365,574,-302,214,2,2,東京エレクトロン(10/30) 信越化学(10/27)
3,東京エレクトロン＋レーザーテック＋古河電工,8035.T+6920.T+5801.T,日本のみ,C 半導体＋半導体以外,57.6,0.39,0.77,1.72,-246,326,-431,758,-315,367,1,1,東京エレクトロン(10/30)
3,東京エレクトロン＋レーザーテック＋住友電工,8035.T+6920.T+5802.T,日本のみ,C 半導体＋半導体以外,57.3,0.57,0.85,1.67,-245,324,-430,753,-358,274,2,2,東京エレクトロン(10/30) 住友電工(10/30)
3,東京エレクトロン＋レーザーテック＋フジクラ,8035.T+6920.T+5803.T,日本のみ,C 半導体＋半導体以外,58.2,0.46,0.8,1.63,-248,330,-435,768,-241,271,1,1,東京エレクトロン(10/30)
3,東京エレクトロン＋レーザーテック＋日立,8035.T+6920.T+6501.T,日本のみ,C 半導体＋半導体以外,45.8,0.38,0.79,1.31,-201,252,-362,567,-199,155,2,2,東京エレクトロン(10/30) 日立(10/28)
3,東京エレクトロン＋レーザーテック＋ソフトバンクG,8035.T+6920.T+9984.T,日本のみ,C 半導体＋半導体以外,57.2,0.42,0.78,1.59,-245,324,-429,752,-257,176,1,1,東京エレクトロン(10/30)
3,東京エレクトロン＋レーザーテック＋AMD,8035.T+6920.T+AMD,日本＋海外,B 半導体内で別サブテーマ,54.5,0.44,0.79,1.57,-234,306,-414,706,-255,234,1,1,東京エレクトロン(10/30)
3,東京エレクトロン＋レーザーテック＋ASML（米ADR）,8035.T+6920.T+ASML,日本＋海外,A 同一サブテーマ,50.5,0.56,0.84,1.29,-219,280,-390,640,-281,258,1,1,東京エレクトロン(10/30)
3,東京エレクトロン＋レーザーテック＋Broadcom,8035.T+6920.T+AVGO,日本＋海外,B 半導体内で別サブテーマ,47.1,0.39,0.79,1.3,-206,260,-370,587,-281,171,1,1,東京エレクトロン(10/30)
3,東京エレクトロン＋レーザーテック＋Lumentum,8035.T+6920.T+LITE,日本＋海外,C 半導体＋半導体以外,50.5,0.19,0.66,1.04,-219,281,-390,641,-214,420,1,1,東京エレクトロン(10/30)
3,東京エレクトロン＋レーザーテック＋Micron,8035.T+6920.T+MU,日本＋海外,B 半導体内で別サブテーマ,56.5,0.46,0.79,1.52,-242,319,-425,739,-287,394,1,1,東京エレクトロン(10/30)
3,東京エレクトロン＋レーザーテック＋NVIDIA,8035.T+6920.T+NVDA,日本＋海外,B 半導体内で別サブテーマ,45.9,0.42,0.81,1.2,-201,252,-362,568,-231,176,1,1,東京エレクトロン(10/30)
3,東京エレクトロン＋レーザーテック＋Sandisk,8035.T+6920.T+SNDK,日本＋海外,B 半導体内で別サブテーマ,65.1,0.45,0.79,1.59,-273,375,-471,892,-324,651,2,2,東京エレクトロン(10/30) Sandisk(10/30)
3,東京エレクトロン＋レーザーテック＋Vertiv,8035.T+6920.T+VRT,日本＋海外,C 半導体＋半導体以外,52.9,0.47,0.8,1.41,-228,296,-404,679,-316,273,1,2,東京エレクトロン(10/30) Vertiv(10/21〜28頃)
3,東京エレクトロン＋ソフトバンクG＋SK hynix,8035.T+9984.T+000660.KS,日本＋海外,C 半導体＋半導体以外,61.6,0.38,0.77,1.68,-261,353,-453,829,-227,278,1,2,東京エレクトロン(10/30) SK hynix(10/27頃)
3,東京エレクトロン＋ソフトバンクG＋TSMC,8035.T+9984.T+2330.TW,日本＋海外,C 半導体＋半導体以外,46.7,0.43,0.79,1.34,-204,257,-367,580,-145,145,1,1,東京エレクトロン(10/30)
3,東京エレクトロン＋ソフトバンクG＋日立,8035.T+9984.T+6501.T,日本のみ,C 半導体＋半導体以外,46.1,0.29,0.75,1.32,-202,253,-364,571,-104,110,2,2,東京エレクトロン(10/30) 日立(10/28)
3,東京エレクトロン＋ソフトバンクG＋AMD,8035.T+9984.T+AMD,日本＋海外,C 半導体＋半導体以外,57.4,0.41,0.79,1.57,-245,325,-430,755,-158,158,1,1,東京エレクトロン(10/30)
3,東京エレクトロン＋ソフトバンクG＋ASML（米ADR）,8035.T+9984.T+ASML,日本＋海外,C 半導体＋半導体以外,48.3,0.38,0.76,1.3,-211,267,-377,605,-184,171,1,1,東京エレクトロン(10/30)
3,東京エレクトロン＋ソフトバンクG＋Broadcom,8035.T+9984.T+AVGO,日本＋海外,C 半導体＋半導体以外,47.1,0.29,0.74,1.31,-206,259,-369,586,-184,77,1,1,東京エレクトロン(10/30)
3,東京エレクトロン＋ソフトバンクG＋Lumentum,8035.T+9984.T+LITE,日本＋海外,C 半導体＋半導体以外,48.0,0.06,0.6,1.04,-210,265,-375,601,-141,413,1,1,東京エレクトロン(10/30)
3,東京エレクトロン＋ソフトバンクG＋Micron,8035.T+9984.T+MU,日本＋海外,C 半導体＋半導体以外,55.9,0.33,0.75,1.53,-239,315,-422,729,-190,280,1,1,東京エレクトロン(10/30)
3,東京エレクトロン＋ソフトバンクG＋NVIDIA,8035.T+9984.T+NVDA,日本＋海外,C 半導体＋半導体以外,46.3,0.34,0.76,1.2,-203,254,-365,574,-134,82,1,1,東京エレクトロン(10/30)
3,東京エレクトロン＋ソフトバンクG＋Sandisk,8035.T+9984.T+SNDK,日本＋海外,C 半導体＋半導体以外,62.6,0.29,0.73,1.6,-264,359,-458,846,-226,561,2,2,東京エレクトロン(10/30) Sandisk(10/30)
3,東京エレクトロン＋ソフトバンクG＋Vertiv,8035.T+9984.T+VRT,日本＋海外,C 半導体＋半導体以外,52.4,0.34,0.75,1.42,-226,293,-401,671,-218,241,1,2,東京エレクトロン(10/30) Vertiv(10/21〜28頃)
3,東京エレクトロン＋AMD＋SK hynix,8035.T+AMD+000660.KS,日本＋海外,B 半導体内で別サブテーマ,59.1,0.42,0.79,1.65,-251,336,-439,784,-226,356,1,2,東京エレクトロン(10/30) SK hynix(10/27頃)
3,東京エレクトロン＋AMD＋TSMC,8035.T+AMD+2330.TW,日本＋海外,B 半導体内で別サブテーマ,43.6,0.46,0.8,1.32,-192,238,-348,533,-144,224,1,1,東京エレクトロン(10/30)
3,東京エレクトロン＋AMD＋ASML（米ADR）,8035.T+AMD+ASML,日本＋海外,B 半導体内で別サブテーマ,46.7,0.45,0.79,1.27,-205,257,-367,580,-182,237,1,1,東京エレクトロン(10/30)
3,東京エレクトロン＋AMD＋Lumentum,8035.T+AMD+LITE,日本＋海外,C 半導体＋半導体以外,46.2,0.08,0.61,1.02,-202,254,-364,572,-126,506,1,1,東京エレクトロン(10/30)
3,東京エレクトロン＋AMD＋Micron,8035.T+AMD+MU,日本＋海外,B 半導体内で別サブテーマ,56.6,0.45,0.8,1.5,-242,320,-426,741,-189,366,1,1,東京エレクトロン(10/30)
3,東京エレクトロン＋AMD＋Sandisk,8035.T+AMD+SNDK,日本＋海外,B 半導体内で別サブテーマ,63.6,0.39,0.78,1.57,-268,366,-464,866,-225,655,2,2,東京エレクトロン(10/30) Sandisk(10/30)
3,東京エレクトロン＋AMD＋Vertiv,8035.T+AMD+VRT,日本＋海外,C 半導体＋半導体以外,50.4,0.4,0.77,1.39,-219,280,-390,639,-217,260,1,2,東京エレクトロン(10/30) Vertiv(10/21〜28頃)
3,東京エレクトロン＋ASML（米ADR）＋Lumentum,8035.T+ASML+LITE,日本＋海外,C 半導体＋半導体以外,47.9,0.3,0.72,0.74,-209,264,-375,599,-141,427,1,1,東京エレクトロン(10/30)
3,東京エレクトロン＋ASML（米ADR）＋Vertiv,8035.T+ASML+VRT,日本＋海外,C 半導体＋半導体以外,45.5,0.49,0.81,1.12,-200,249,-359,561,-243,267,1,2,東京エレクトロン(10/30) Vertiv(10/21〜28頃)
3,東京エレクトロン＋Broadcom＋SK hynix,8035.T+AVGO+000660.KS,日本＋海外,B 半導体内で別サブテーマ,50.2,0.32,0.76,1.39,-218,279,-389,635,-252,295,1,2,東京エレクトロン(10/30) SK hynix(10/27頃)
3,東京エレクトロン＋Broadcom＋TSMC,8035.T+AVGO+2330.TW,日本＋海外,B 半導体内で別サブテーマ,34.9,0.39,0.77,1.05,-157,187,-290,408,-170,172,1,1,東京エレクトロン(10/30)
3,東京エレクトロン＋Broadcom＋AMD,8035.T+AVGO+AMD,日本＋海外,B 半導体内で別サブテーマ,44.4,0.33,0.75,1.28,-195,243,-353,545,-182,142,1,1,東京エレクトロン(10/30)
3,東京エレクトロン＋Broadcom＋ASML（米ADR）,8035.T+AVGO+ASML,日本＋海外,B 半導体内で別サブテーマ,39.3,0.42,0.79,1.01,-175,213,-320,470,-208,182,1,1,東京エレクトロン(10/30)
3,東京エレクトロン＋Broadcom＋Lumentum,8035.T+AVGO+LITE,日本＋海外,C 半導体＋半導体以外,45.8,0.19,0.69,0.75,-201,252,-362,567,-141,382,1,1,東京エレクトロン(10/30)
3,東京エレクトロン＋Broadcom＋Micron,8035.T+AVGO+MU,日本＋海外,B 半導体内で別サブテーマ,47.0,0.35,0.77,1.24,-206,259,-369,585,-214,318,1,1,東京エレクトロン(10/30)
3,東京エレクトロン＋Broadcom＋Sandisk,8035.T+AVGO+SNDK,日本＋海外,B 半導体内で別サブテーマ,55.5,0.3,0.77,1.31,-238,312,-419,722,-251,582,2,2,東京エレクトロン(10/30) Sandisk(10/30)
3,東京エレクトロン＋Broadcom＋Vertiv,8035.T+AVGO+VRT,日本＋海外,C 半導体＋半導体以外,43.3,0.38,0.77,1.13,-191,237,-346,529,-243,194,1,2,東京エレクトロン(10/30) Vertiv(10/21〜28頃)
3,東京エレクトロン＋Lumentum＋Vertiv,8035.T+LITE+VRT,日本＋海外,C 半導体＋半導体以外,52.2,0.27,0.72,0.86,-226,291,-400,668,-175,461,1,2,東京エレクトロン(10/30) Vertiv(10/21〜28頃)
3,東京エレクトロン＋Micron＋SK hynix,8035.T+MU+000660.KS,日本＋海外,B 半導体内で別サブテーマ,64.7,0.52,0.84,1.61,-272,373,-470,885,-258,517,1,2,東京エレクトロン(10/30) SK hynix(10/27頃)
3,東京エレクトロン＋Micron＋ASML（米ADR）,8035.T+MU+ASML,日本＋海外,B 半導体内で別サブテーマ,51.2,0.55,0.84,1.23,-222,285,-395,652,-214,408,1,1,東京エレクトロン(10/30)
3,東京エレクトロン＋Micron＋Lumentum,8035.T+MU+LITE,日本＋海外,C 半導体＋半導体以外,51.7,0.17,0.66,0.97,-224,288,-397,659,-147,589,1,1,東京エレクトロン(10/30)
3,東京エレクトロン＋Micron＋Sandisk,8035.T+MU+SNDK,日本＋海外,B 半導体内で別サブテーマ,72.5,0.56,0.86,1.53,-299,426,-508,1034,-257,808,2,2,東京エレクトロン(10/30) Sandisk(10/30)
3,東京エレクトロン＋Micron＋Vertiv,8035.T+MU+VRT,日本＋海外,C 半導体＋半導体以外,53.1,0.42,0.79,1.35,-229,297,-405,682,-249,376,1,2,東京エレクトロン(10/30) Vertiv(10/21〜28頃)
3,東京エレクトロン＋NVIDIA＋SK hynix,8035.T+NVDA+000660.KS,日本＋海外,B 半導体内で別サブテーマ,47.9,0.3,0.76,1.28,-209,265,-375,599,-202,289,1,2,東京エレクトロン(10/30) SK hynix(10/27頃)
3,東京エレクトロン＋NVIDIA＋TSMC,8035.T+NVDA+2330.TW,日本＋海外,B 半導体内で別サブテーマ,33.0,0.37,0.78,0.94,-149,175,-276,382,-120,163,1,1,東京エレクトロン(10/30)
3,東京エレクトロン＋NVIDIA＋AMD,8035.T+NVDA+AMD,日本＋海外,B 半導体内で別サブテーマ,43.5,0.37,0.77,1.18,-192,237,-347,531,-132,128,1,1,東京エレクトロン(10/30)
3,東京エレクトロン＋NVIDIA＋ASML（米ADR）,8035.T+NVDA+ASML,日本＋海外,B 半導体内で別サブテーマ,38.1,0.45,0.81,0.9,-170,205,-311,452,-158,184,1,1,東京エレクトロン(10/30)
3,東京エレクトロン＋NVIDIA＋Broadcom,8035.T+NVDA+AVGO,日本＋海外,B 半導体内で別サブテーマ,36.0,0.38,0.76,0.91,-162,193,-297,422,-158,116,1,1,東京エレクトロン(10/30)
3,東京エレクトロン＋NVIDIA＋Lumentum,8035.T+NVDA+LITE,日本＋海外,C 半導体＋半導体以外,43.6,0.18,0.68,0.65,-192,238,-348,533,-90,337,1,1,東京エレクトロン(10/30)
3,東京エレクトロン＋NVIDIA＋Micron,8035.T+NVDA+MU,日本＋海外,B 半導体内で別サブテーマ,45.8,0.38,0.78,1.13,-201,252,-362,566,-164,337,1,1,東京エレクトロン(10/30)
3,東京エレクトロン＋NVIDIA＋Sandisk,8035.T+NVDA+SNDK,日本＋海外,B 半導体内で別サブテーマ,55.1,0.35,0.79,1.2,-236,310,-417,715,-200,582,2,2,東京エレクトロン(10/30) Sandisk(10/30)
3,東京エレクトロン＋NVIDIA＋Vertiv,8035.T+NVDA+VRT,日本＋海外,C 半導体＋半導体以外,42.7,0.45,0.8,1.02,-189,232,-342,519,-193,203,1,2,東京エレクトロン(10/30) Vertiv(10/21〜28頃)
3,東京エレクトロン＋Sandisk＋ASML（米ADR）,8035.T+SNDK+ASML,日本＋海外,B 半導体内で別サブテーマ,61.4,0.56,0.85,1.3,-260,351,-452,825,-250,673,2,2,東京エレクトロン(10/30) Sandisk(10/30)
3,東京エレクトロン＋Sandisk＋Lumentum,8035.T+SNDK+LITE,日本＋海外,C 半導体＋半導体以外,63.6,0.23,0.71,1.04,-268,365,-464,865,-183,860,2,2,東京エレクトロン(10/30) Sandisk(10/30)
3,東京エレクトロン＋Sandisk＋Vertiv,8035.T+SNDK+VRT,日本＋海外,C 半導体＋半導体以外,62.8,0.43,0.8,1.42,-265,360,-460,850,-285,612,2,3,東京エレクトロン(10/30) Sandisk(10/30) Vertiv(10/21〜28頃)
3,ソフトバンクG＋SK hynix＋ASML（米ADR）,9984.T+000660.KS+ASML,日本＋海外,C 半導体＋半導体以外,57.5,0.31,0.75,1.47,-245,325,-431,756,-173,263,0,1,SK hynix(10/27頃)
3,ソフトバンクG＋SK hynix＋Lumentum,9984.T+000660.KS+LITE,日本＋海外,C 半導体＋半導体以外,54.5,0.02,0.59,1.22,-234,306,-414,706,-164,587,0,1,SK hynix(10/27頃)
3,ソフトバンクG＋SK hynix＋Sandisk,9984.T+000660.KS+SNDK,日本＋海外,C 半導体＋半導体以外,74.5,0.35,0.75,1.77,-306,440,-518,1075,-215,699,1,2,Sandisk(10/30) SK hynix(10/27頃)
3,ソフトバンクG＋SK hynix＋Vertiv,9984.T+000660.KS+VRT,日本＋海外,C 半導体＋半導体以外,61.1,0.31,0.74,1.59,-259,349,-450,819,-226,376,0,2,SK hynix(10/27頃) Vertiv(10/21〜28頃)
3,ソフトバンクG＋TSMC＋SK hynix,9984.T+2330.TW+000660.KS,日本＋海外,C 半導体＋半導体以外,58.1,0.48,0.81,1.52,-248,329,-434,767,-166,257,0,1,SK hynix(10/27頃)
3,ソフトバンクG＋TSMC＋ASML（米ADR）,9984.T+2330.TW+ASML,日本＋海外,C 半導体＋半導体以外,42.5,0.35,0.76,1.14,-188,232,-341,517,-91,153,0,0,
3,ソフトバンクG＋TSMC＋Lumentum,9984.T+2330.TW+LITE,日本＋海外,C 半導体＋半導体以外,43.4,0.05,0.6,0.88,-191,237,-346,529,-96,421,0,0,
3,ソフトバンクG＋TSMC＋Micron,9984.T+2330.TW+MU,日本＋海外,C 半導体＋半導体以外,51.3,0.37,0.77,1.36,-222,286,-395,653,-99,265,0,0,
3,ソフトバンクG＋TSMC＋Sandisk,9984.T+2330.TW+SNDK,日本＋海外,C 半導体＋半導体以外,56.4,0.28,0.72,1.43,-242,318,-425,738,-133,574,1,1,Sandisk(10/30)
3,ソフトバンクG＋TSMC＋Vertiv,9984.T+2330.TW+VRT,日本＋海外,C 半導体＋半導体以外,48.2,0.4,0.78,1.25,-210,266,-376,603,-154,219,0,1,Vertiv(10/21〜28頃)
3,ソフトバンクG＋日立＋SK hynix,9984.T+6501.T+000660.KS,日本＋海外,C 半導体＋半導体以外,56.4,0.31,0.76,1.49,-241,318,-424,737,-166,244,1,2,日立(10/28) SK hynix(10/27頃)
3,ソフトバンクG＋日立＋TSMC,9984.T+6501.T+2330.TW,日本＋海外,C 半導体＋半導体以外,43.3,0.42,0.81,1.15,-191,236,-346,528,-95,88,1,1,日立(10/28)
3,ソフトバンクG＋日立＋AMD,9984.T+6501.T+AMD,日本＋海外,C 半導体＋半導体以外,53.5,0.37,0.79,1.38,-230,299,-408,688,-126,129,1,1,日立(10/28)
3,ソフトバンクG＋日立＋ASML（米ADR）,9984.T+6501.T+ASML,日本＋海外,C 半導体＋半導体以外,42.6,0.24,0.73,1.11,-188,232,-341,517,-76,98,1,1,日立(10/28)
3,ソフトバンクG＋日立＋Broadcom,9984.T+6501.T+AVGO,日本＋海外,C 半導体＋半導体以外,44.2,0.31,0.76,1.12,-195,242,-352,543,-160,51,1,1,日立(10/28)
3,ソフトバンクG＋日立＋Lumentum,9984.T+6501.T+LITE,日本＋海外,D 半導体なし,45.6,0.08,0.61,0.85,-200,250,-360,563,-114,343,1,1,日立(10/28)
3,ソフトバンクG＋日立＋Micron,9984.T+6501.T+MU,日本＋海外,C 半導体＋半導体以外,50.7,0.26,0.73,1.34,-220,282,-391,643,-100,222,1,1,日立(10/28)
3,ソフトバンクG＋日立＋NVIDIA,9984.T+6501.T+NVDA,日本＋海外,C 半導体＋半導体以外,43.5,0.37,0.79,1.01,-192,237,-347,531,-139,70,1,1,日立(10/28)
3,ソフトバンクG＋日立＋Sandisk,9984.T+6501.T+SNDK,日本＋海外,C 半導体＋半導体以外,56.2,0.2,0.7,1.41,-240,317,-423,734,-118,480,2,2,日立(10/28) Sandisk(10/30)
3,ソフトバンクG＋日立＋Vertiv,9984.T+6501.T+VRT,日本＋海外,D 半導体なし,47.7,0.28,0.74,1.23,-208,263,-373,595,-155,133,1,2,日立(10/28) Vertiv(10/21〜28頃)
3,ソフトバンクG＋AMD＋SK hynix,9984.T+AMD+000660.KS,日本＋海外,C 半導体＋半導体以外,67.7,0.45,0.79,1.75,-282,393,-485,941,-197,279,0,1,SK hynix(10/27頃)
3,ソフトバンクG＋AMD＋TSMC,9984.T+AMD+2330.TW,日本＋海外,C 半導体＋半導体以外,54.0,0.49,0.83,1.41,-232,303,-411,697,-125,127,0,0,
3,ソフトバンクG＋AMD＋ASML（米ADR）,9984.T+AMD+ASML,日本＋海外,C 半導体＋半導体以外,54.0,0.36,0.78,1.37,-232,303,-411,697,-111,143,0,0,
3,ソフトバンクG＋AMD＋Lumentum,9984.T+AMD+LITE,日本＋海外,C 半導体＋半導体以外,51.9,0.07,0.6,1.11,-225,290,-399,663,-124,468,0,0,
3,ソフトバンクG＋AMD＋Micron,9984.T+AMD+MU,日本＋海外,C 半導体＋半導体以外,64.0,0.45,0.79,1.6,-269,369,-466,873,-130,313,0,0,
3,ソフトバンクG＋AMD＋Sandisk,9984.T+AMD+SNDK,日本＋海外,C 半導体＋半導体以外,67.8,0.34,0.74,1.66,-283,394,-485,943,-148,538,1,1,Sandisk(10/30)
3,ソフトバンクG＋AMD＋Vertiv,9984.T+AMD+VRT,日本＋海外,C 半導体＋半導体以外,59.2,0.41,0.78,1.49,-252,337,-440,786,-185,165,0,1,Vertiv(10/21〜28頃)
3,ソフトバンクG＋ASML（米ADR）＋Lumentum,9984.T+ASML+LITE,日本＋海外,C 半導体＋半導体以外,47.0,0.08,0.61,0.84,-206,259,-369,585,-104,405,0,0,
3,ソフトバンクG＋ASML（米ADR）＋Vertiv,9984.T+ASML+VRT,日本＋海外,C 半導体＋半導体以外,48.8,0.29,0.73,1.21,-213,270,-380,613,-164,236,0,1,Vertiv(10/21〜28頃)
3,ソフトバンクG＋Broadcom＋SK hynix,9984.T+AVGO+000660.KS,日本＋海外,C 半導体＋半導体以外,57.2,0.3,0.75,1.48,-244,323,-429,751,-227,211,0,1,SK hynix(10/27頃)
3,ソフトバンクG＋Broadcom＋TSMC,9984.T+AVGO+2330.TW,日本＋海外,C 半導体＋半導体以外,43.5,0.37,0.78,1.14,-192,237,-347,531,-156,50,0,0,
3,ソフトバンクG＋Broadcom＋AMD,9984.T+AVGO+AMD,日本＋海外,C 半導体＋半導体以外,54.9,0.39,0.79,1.38,-236,309,-416,712,-187,118,0,0,
3,ソフトバンクG＋Broadcom＋ASML（米ADR）,9984.T+AVGO+ASML,日本＋海外,C 半導体＋半導体以外,44.0,0.27,0.73,1.1,-194,241,-350,539,-129,75,0,0,
3,ソフトバンクG＋Broadcom＋Lumentum,9984.T+AVGO+LITE,日本＋海外,C 半導体＋半導体以外,48.2,0.12,0.63,0.84,-210,266,-377,604,-155,365,0,0,
3,ソフトバンクG＋Broadcom＋Micron,9984.T+AVGO+MU,日本＋海外,C 半導体＋半導体以外,52.6,0.29,0.73,1.33,-227,294,-403,674,-161,215,0,0,
3,ソフトバンクG＋Broadcom＋Sandisk,9984.T+AVGO+SNDK,日本＋海外,C 半導体＋半導体以外,57.3,0.2,0.69,1.4,-245,324,-429,753,-179,508,1,1,Sandisk(10/30)
3,ソフトバンクG＋Broadcom＋Vertiv,9984.T+AVGO+VRT,日本＋海外,C 半導体＋半導体以外,50.0,0.34,0.75,1.22,-217,278,-388,633,-216,127,0,1,Vertiv(10/21〜28頃)
3,ソフトバンクG＋Lumentum＋Vertiv,9984.T+LITE+VRT,日本＋海外,D 半導体なし,53.6,0.15,0.64,0.96,-231,300,-409,691,-203,447,0,1,Vertiv(10/21〜28頃)
3,ソフトバンクG＋Micron＋SK hynix,9984.T+MU+000660.KS,日本＋海外,C 半導体＋半導体以外,69.2,0.43,0.79,1.7,-288,404,-493,971,-179,390,0,1,SK hynix(10/27頃)
3,ソフトバンクG＋Micron＋ASML（米ADR）,9984.T+MU+ASML,日本＋海外,C 半導体＋半導体以外,53.5,0.34,0.75,1.32,-231,300,-408,690,-135,284,0,0,
3,ソフトバンクG＋Micron＋Lumentum,9984.T+MU+LITE,日本＋海外,C 半導体＋半導体以外,52.4,0.04,0.59,1.06,-227,293,-402,672,-98,597,0,0,
3,ソフトバンクG＋Micron＋Sandisk,9984.T+MU+SNDK,日本＋海外,C 半導体＋半導体以外,72.9,0.39,0.77,1.62,-300,429,-510,1042,-178,725,1,1,Sandisk(10/30)
3,ソフトバンクG＋Micron＋Vertiv,9984.T+MU+VRT,日本＋海外,C 半導体＋半導体以外,57.4,0.32,0.74,1.44,-245,325,-430,755,-170,316,0,1,Vertiv(10/21〜28頃)
3,ソフトバンクG＋NVIDIA＋SK hynix,9984.T+NVDA+000660.KS,日本＋海外,C 半導体＋半導体以外,55.3,0.28,0.75,1.38,-237,311,-418,719,-163,200,0,1,SK hynix(10/27頃)
3,ソフトバンクG＋NVIDIA＋TSMC,9984.T+NVDA+2330.TW,日本＋海外,C 半導体＋半導体以外,42.0,0.36,0.8,1.04,-186,229,-338,510,-92,68,0,0,
3,ソフトバンクG＋NVIDIA＋AMD,9984.T+NVDA+AMD,日本＋海外,C 半導体＋半導体以外,54.2,0.44,0.82,1.27,-233,304,-412,701,-123,116,0,0,
3,ソフトバンクG＋NVIDIA＋ASML（米ADR）,9984.T+NVDA+ASML,日本＋海外,C 半導体＋半導体以外,43.0,0.31,0.75,1.0,-190,234,-344,523,-79,73,0,0,
3,ソフトバンクG＋NVIDIA＋Broadcom,9984.T+NVDA+AVGO,日本＋海外,C 半導体＋半導体以外,44.7,0.4,0.78,1.0,-197,245,-355,550,-174,24,0,0,
3,ソフトバンクG＋NVIDIA＋Lumentum,9984.T+NVDA+LITE,日本＋海外,C 半導体＋半導体以外,46.2,0.12,0.62,0.74,-203,254,-364,572,-127,378,0,0,
3,ソフトバンクG＋NVIDIA＋Micron,9984.T+NVDA+MU,日本＋海外,C 半導体＋半導体以外,51.6,0.33,0.75,1.22,-223,287,-397,658,-97,212,0,0,
3,ソフトバンクG＋NVIDIA＋Sandisk,9984.T+NVDA+SNDK,日本＋海外,C 半導体＋半導体以外,56.9,0.25,0.71,1.29,-243,322,-428,747,-132,501,1,1,Sandisk(10/30)
3,ソフトバンクG＋NVIDIA＋Vertiv,9984.T+NVDA+VRT,日本＋海外,C 半導体＋半導体以外,49.5,0.42,0.78,1.12,-215,275,-384,625,-155,147,0,1,Vertiv(10/21〜28頃)
3,ソフトバンクG＋Sandisk＋ASML（米ADR）,9984.T+SNDK+ASML,日本＋海外,C 半導体＋半導体以外,60.5,0.3,0.73,1.39,-256,345,-447,809,-172,539,1,1,Sandisk(10/30)
3,ソフトバンクG＋Sandisk＋Lumentum,9984.T+SNDK+LITE,日本＋海外,C 半導体＋半導体以外,61.4,0.05,0.62,1.13,-260,351,-452,825,-180,833,1,1,Sandisk(10/30)
3,ソフトバンクG＋Sandisk＋Vertiv,9984.T+SNDK+VRT,日本＋海外,C 半導体＋半導体以外,63.8,0.27,0.72,1.51,-268,367,-465,868,-207,589,1,2,Sandisk(10/30) Vertiv(10/21〜28頃)
3,AMD＋SK hynix＋ASML（米ADR）,AMD+000660.KS+ASML,海外のみ,B 半導体内で別サブテーマ,55.2,0.36,0.77,1.45,-237,311,-418,718,-171,359,0,1,SK hynix(10/27頃)
3,AMD＋SK hynix＋Lumentum,AMD+000660.KS+LITE,海外のみ,C 半導体＋半導体以外,51.9,0.03,0.59,1.19,-224,289,-398,662,-110,601,0,1,SK hynix(10/27頃)
3,AMD＋SK hynix＋Sandisk,AMD+000660.KS+SNDK,海外のみ,B 半導体内で別サブテーマ,74.7,0.42,0.79,1.75,-306,442,-519,1079,-214,756,1,2,Sandisk(10/30) SK hynix(10/27頃)
3,AMD＋SK hynix＋Vertiv,AMD+000660.KS+VRT,海外のみ,C 半導体＋半導体以外,58.5,0.34,0.75,1.57,-249,332,-436,774,-206,378,0,2,SK hynix(10/27頃) Vertiv(10/21〜28頃)
3,AMD＋TSMC＋SK hynix,AMD+2330.TW+000660.KS,海外のみ,B 半導体内で別サブテーマ,54.7,0.48,0.82,1.49,-235,307,-415,709,-133,339,0,1,SK hynix(10/27頃)
3,AMD＋TSMC＋ASML（米ADR）,AMD+2330.TW+ASML,海外のみ,B 半導体内で別サブテーマ,39.8,0.39,0.78,1.11,-177,216,-323,478,-89,216,0,0,
3,AMD＋TSMC＋Lumentum,AMD+2330.TW+LITE,海外のみ,C 半導体＋半導体以外,40.4,0.05,0.6,0.85,-180,219,-327,486,-51,475,0,0,
3,AMD＋TSMC＋Micron,AMD+2330.TW+MU,海外のみ,B 半導体内で別サブテーマ,51.4,0.46,0.82,1.34,-223,286,-396,655,-96,355,0,0,
3,AMD＋TSMC＋Sandisk,AMD+2330.TW+SNDK,海外のみ,B 半導体内で別サブテーマ,57.0,0.35,0.78,1.41,-244,322,-428,748,-132,649,1,1,Sandisk(10/30)
3,AMD＋TSMC＋Vertiv,AMD+2330.TW+VRT,海外のみ,C 半導体＋半導体以外,45.2,0.42,0.79,1.23,-199,248,-358,557,-124,255,0,1,Vertiv(10/21〜28頃)
3,AMD＋ASML（米ADR）＋Lumentum,AMD+ASML+LITE,海外のみ,C 半導体＋半導体以外,45.7,0.13,0.63,0.81,-201,251,-361,565,-89,489,0,0,
3,AMD＋ASML（米ADR）＋Vertiv,AMD+ASML+VRT,海外のみ,C 半導体＋半導体以外,47.2,0.37,0.76,1.19,-207,260,-371,589,-162,248,0,1,Vertiv(10/21〜28頃)
3,AMD＋Lumentum＋Vertiv,AMD+LITE+VRT,海外のみ,C 半導体＋半導体以外,52.0,0.18,0.66,0.93,-225,290,-399,664,-133,467,0,1,Vertiv(10/21〜28頃)
3,AMD＋Micron＋SK hynix,AMD+MU+000660.KS,海外のみ,B 半導体内で別サブテーマ,69.1,0.53,0.83,1.68,-287,403,-492,967,-178,519,0,1,SK hynix(10/27頃)
3,AMD＋Micron＋ASML（米ADR）,AMD+MU+ASML,海外のみ,B 半導体内で別サブテーマ,54.8,0.48,0.82,1.3,-236,308,-416,712,-134,373,0,0,
3,AMD＋Micron＋Lumentum,AMD+MU+LITE,海外のみ,C 半導体＋半導体以外,53.5,0.13,0.64,1.04,-231,300,-408,690,-67,629,0,0,
3,AMD＋Micron＋Sandisk,AMD+MU+SNDK,海外のみ,B 半導体内で別サブテーマ,75.7,0.56,0.85,1.59,-310,449,-524,1100,-177,777,1,1,Sandisk(10/30)
3,AMD＋Micron＋Vertiv,AMD+MU+VRT,海外のみ,C 半導体＋半導体以外,58.1,0.44,0.79,1.42,-248,329,-434,767,-169,368,0,1,Vertiv(10/21〜28頃)
3,AMD＋Sandisk＋ASML（米ADR）,AMD+SNDK+ASML,海外のみ,B 半導体内で別サブテーマ,62.1,0.41,0.79,1.37,-262,355,-456,837,-170,673,1,1,Sandisk(10/30)
3,AMD＋Sandisk＋Lumentum,AMD+SNDK+LITE,海外のみ,C 半導体＋半導体以外,62.7,0.12,0.66,1.11,-265,360,-459,849,-110,892,1,1,Sandisk(10/30)
3,AMD＋Sandisk＋Vertiv,AMD+SNDK+VRT,海外のみ,C 半導体＋半導体以外,64.9,0.37,0.77,1.48,-272,374,-470,888,-205,709,1,2,Sandisk(10/30) Vertiv(10/21〜28頃)
3,ASML（米ADR）＋Lumentum＋Vertiv,ASML+LITE+VRT,海外のみ,C 半導体＋半導体以外,52.0,0.32,0.75,0.66,-225,290,-399,664,-141,458,0,1,Vertiv(10/21〜28頃)
3,Broadcom＋SK hynix＋ASML（米ADR）,AVGO+000660.KS+ASML,海外のみ,B 半導体内で別サブテーマ,46.7,0.3,0.75,1.18,-205,257,-367,581,-197,308,0,1,SK hynix(10/27頃)
3,Broadcom＋SK hynix＋Lumentum,AVGO+000660.KS+LITE,海外のみ,C 半導体＋半導体以外,49.3,0.1,0.62,0.93,-215,273,-383,621,-130,524,0,1,SK hynix(10/27頃)
3,Broadcom＋SK hynix＋Sandisk,AVGO+000660.KS+SNDK,海外のみ,B 半導体内で別サブテーマ,66.2,0.31,0.78,1.48,-277,383,-477,912,-240,716,1,2,Sandisk(10/30) SK hynix(10/27頃)
3,Broadcom＋SK hynix＋Vertiv,AVGO+000660.KS+VRT,海外のみ,C 半導体＋半導体以外,50.3,0.29,0.73,1.3,-218,279,-389,637,-232,343,0,2,SK hynix(10/27頃) Vertiv(10/21〜28頃)
3,Broadcom＋TSMC＋SK hynix,AVGO+2330.TW+000660.KS,海外のみ,B 半導体内で別サブテーマ,45.6,0.38,0.79,1.22,-200,250,-360,564,-159,294,0,1,SK hynix(10/27頃)
3,Broadcom＋TSMC＋ASML（米ADR）,AVGO+2330.TW+ASML,海外のみ,B 半導体内で別サブテーマ,31.8,0.35,0.76,0.84,-144,169,-268,366,-115,168,0,0,
3,Broadcom＋TSMC＋Lumentum,AVGO+2330.TW+LITE,海外のみ,C 半導体＋半導体以外,40.8,0.15,0.69,0.59,-181,221,-329,491,-74,334,0,0,
3,Broadcom＋TSMC＋Micron,AVGO+2330.TW+MU,海外のみ,B 半導体内で別サブテーマ,41.3,0.35,0.77,1.07,-183,224,-333,498,-121,306,0,0,
3,Broadcom＋TSMC＋Sandisk,AVGO+2330.TW+SNDK,海外のみ,B 半導体内で別サブテーマ,48.3,0.25,0.75,1.14,-211,267,-377,606,-158,537,1,1,Sandisk(10/30)
3,Broadcom＋TSMC＋Vertiv,AVGO+2330.TW+VRT,海外のみ,C 半導体＋半導体以外,38.0,0.4,0.79,0.96,-170,204,-311,450,-150,204,0,1,Vertiv(10/21〜28頃)
3,Broadcom＋AMD＋SK hynix,AVGO+AMD+000660.KS,海外のみ,B 半導体内で別サブテーマ,54.1,0.31,0.75,1.46,-233,303,-411,698,-171,272,0,1,SK hynix(10/27頃)
3,Broadcom＋AMD＋TSMC,AVGO+AMD+2330.TW,海外のみ,B 半導体内で別サブテーマ,39.7,0.37,0.78,1.12,-177,215,-322,475,-89,168,0,0,
3,Broadcom＋AMD＋ASML（米ADR）,AVGO+AMD+ASML,海外のみ,B 半導体内で別サブテーマ,41.9,0.33,0.75,1.08,-185,228,-336,507,-128,186,0,0,
3,Broadcom＋AMD＋Lumentum,AVGO+AMD+LITE,海外のみ,C 半導体＋半導体以外,46.0,0.13,0.63,0.82,-202,253,-363,569,-84,391,0,0,
3,Broadcom＋AMD＋Micron,AVGO+AMD+MU,海外のみ,B 半導体内で別サブテーマ,53.0,0.4,0.79,1.3,-229,297,-405,681,-134,314,0,0,
3,Broadcom＋AMD＋Sandisk,AVGO+AMD+SNDK,海外のみ,B 半導体内で別サブテーマ,58.1,0.28,0.74,1.37,-248,329,-434,767,-170,552,1,1,Sandisk(10/30)
3,Broadcom＋AMD＋Vertiv,AVGO+AMD+VRT,海外のみ,C 半導体＋半導体以外,47.6,0.38,0.77,1.2,-208,262,-372,594,-162,207,0,1,Vertiv(10/21〜28頃)
3,Broadcom＋ASML（米ADR）＋Lumentum,AVGO+ASML+LITE,海外のみ,C 半導体＋半導体以外,46.5,0.27,0.73,0.55,-204,256,-366,578,-88,335,0,0,
3,Broadcom＋ASML（米ADR）＋Vertiv,AVGO+ASML+VRT,海外のみ,C 半導体＋半導体以外,40.9,0.39,0.78,0.92,-182,222,-330,493,-188,195,0,1,Vertiv(10/21〜28頃)
3,Broadcom＋Lumentum＋Vertiv,AVGO+LITE+VRT,海外のみ,C 半導体＋半導体以外,52.4,0.33,0.75,0.67,-226,293,-402,671,-181,402,0,1,Vertiv(10/21〜28頃)
3,Broadcom＋Micron＋SK hynix,AVGO+MU+000660.KS,海外のみ,B 半導体内で別サブテーマ,59.5,0.4,0.8,1.41,-253,339,-442,792,-204,428,0,1,SK hynix(10/27頃)
3,Broadcom＋Micron＋ASML（米ADR）,AVGO+MU+ASML,海外のみ,B 半導体内で別サブテーマ,46.0,0.41,0.79,1.03,-202,253,-363,569,-160,343,0,0,
3,Broadcom＋Micron＋Lumentum,AVGO+MU+LITE,海外のみ,C 半導体＋半導体以外,50.8,0.2,0.68,0.77,-220,282,-392,645,-92,544,0,0,
3,Broadcom＋Micron＋Sandisk,AVGO+MU+SNDK,海外のみ,B 半導体内で別サブテーマ,67.1,0.43,0.83,1.33,-280,389,-482,930,-202,755,1,1,Sandisk(10/30)
3,Broadcom＋Micron＋Vertiv,AVGO+MU+VRT,海外のみ,C 半導体＋半導体以外,49.6,0.38,0.77,1.15,-216,275,-385,625,-195,334,0,1,Vertiv(10/21〜28頃)
3,Broadcom＋Sandisk＋ASML（米ADR）,AVGO+SNDK+ASML,海外のみ,B 半導体内で別サブテーマ,54.6,0.36,0.79,1.1,-235,307,-414,708,-196,583,1,1,Sandisk(10/30)
3,Broadcom＋Sandisk＋Lumentum,AVGO+SNDK+LITE,海外のみ,C 半導体＋半導体以外,60.6,0.21,0.71,0.84,-257,346,-448,811,-158,800,1,1,Sandisk(10/30)
3,Broadcom＋Sandisk＋Vertiv,AVGO+SNDK+VRT,海外のみ,C 半導体＋半導体以外,57.5,0.34,0.76,1.22,-246,326,-431,757,-231,609,1,2,Sandisk(10/30) Vertiv(10/21〜28頃)
3,Micron＋SK hynix＋ASML（米ADR）,MU+000660.KS+ASML,海外のみ,B 半導体内で別サブテーマ,62.2,0.52,0.84,1.4,-263,356,-457,840,-204,522,0,1,SK hynix(10/27頃)
3,Micron＋SK hynix＋Lumentum,MU+000660.KS+LITE,海外のみ,C 半導体＋半導体以外,60.1,0.18,0.66,1.15,-255,343,-445,802,-136,703,0,1,SK hynix(10/27頃)
3,Micron＋SK hynix＋Sandisk,MU+000660.KS+SNDK,海外のみ,A 同一サブテーマ,84.6,0.66,0.88,1.7,-339,514,-564,1292,-246,930,1,2,Sandisk(10/30) SK hynix(10/27頃)
3,Micron＋SK hynix＋Vertiv,MU+000660.KS+VRT,海外のみ,C 半導体＋半導体以外,63.9,0.43,0.8,1.52,-269,367,-465,870,-238,520,0,2,SK hynix(10/27頃) Vertiv(10/21〜28頃)
3,Micron＋ASML（米ADR）＋Lumentum,MU+ASML+LITE,海外のみ,C 半導体＋半導体以外,52.5,0.27,0.7,0.77,-227,293,-402,673,-92,557,0,0,
3,Micron＋ASML（米ADR）＋Vertiv,MU+ASML+VRT,海外のみ,C 半導体＋半導体以外,51.3,0.45,0.8,1.14,-222,286,-395,653,-195,395,0,1,Vertiv(10/21〜28頃)
3,Micron＋Lumentum＋Vertiv,MU+LITE+VRT,海外のみ,C 半導体＋半導体以外,56.6,0.25,0.7,0.89,-242,319,-426,741,-127,606,0,1,Vertiv(10/21〜28頃)
3,Micron＋Sandisk＋ASML（米ADR）,MU+SNDK+ASML,海外のみ,B 半導体内で別サブテーマ,72.0,0.64,0.89,1.32,-297,423,-506,1024,-202,822,1,1,Sandisk(10/30)
3,Micron＋Sandisk＋Lumentum,MU+SNDK+LITE,海外のみ,C 半導体＋半導体以外,73.2,0.34,0.75,1.06,-301,432,-512,1049,-135,1000,1,1,Sandisk(10/30)
3,Micron＋Sandisk＋Vertiv,MU+SNDK+VRT,海外のみ,C 半導体＋半導体以外,73.3,0.53,0.85,1.44,-302,432,-512,1050,-237,831,1,2,Sandisk(10/30) Vertiv(10/21〜28頃)
3,NVIDIA＋SK hynix＋ASML（米ADR）,NVDA+000660.KS+ASML,海外のみ,B 半導体内で別サブテーマ,44.0,0.27,0.74,1.08,-194,241,-350,540,-147,309,0,1,SK hynix(10/27頃)
3,NVIDIA＋SK hynix＋Lumentum,NVDA+000660.KS+LITE,海外のみ,C 半導体＋半導体以外,45.7,0.03,0.6,0.82,-200,251,-361,564,-89,500,0,1,SK hynix(10/27頃)
3,NVIDIA＋SK hynix＋Sandisk,NVDA+000660.KS+SNDK,海外のみ,B 半導体内で別サブテーマ,64.7,0.29,0.79,1.37,-272,373,-470,885,-190,734,1,2,Sandisk(10/30) SK hynix(10/27頃)
3,NVIDIA＋SK hynix＋Vertiv,NVDA+000660.KS+VRT,海外のみ,C 半導体＋半導体以外,48.2,0.3,0.73,1.2,-210,267,-377,604,-182,353,0,2,SK hynix(10/27頃) Vertiv(10/21〜28頃)
3,NVIDIA＋TSMC＋SK hynix,NVDA+2330.TW+000660.KS,海外のみ,B 半導体内で別サブテーマ,42.5,0.3,0.77,1.12,-188,231,-341,517,-109,275,0,1,SK hynix(10/27頃)
3,NVIDIA＋TSMC＋ASML（米ADR）,NVDA+2330.TW+ASML,海外のみ,B 半導体内で別サブテーマ,29.4,0.33,0.75,0.74,-134,155,-250,333,-65,170,0,0,
3,NVIDIA＋TSMC＋Lumentum,NVDA+2330.TW+LITE,海外のみ,C 半導体＋半導体以外,37.6,0.08,0.67,0.48,-168,202,-308,445,-64,340,0,0,
3,NVIDIA＋TSMC＋Micron,NVDA+2330.TW+MU,海外のみ,B 半導体内で別サブテーマ,39.3,0.33,0.78,0.97,-175,212,-319,469,-71,321,0,0,
3,NVIDIA＋TSMC＋Sandisk,NVDA+2330.TW+SNDK,海外のみ,B 半導体内で別サブテーマ,47.3,0.25,0.77,1.04,-207,261,-371,590,-107,543,1,1,Sandisk(10/30)
3,NVIDIA＋TSMC＋Vertiv,NVDA+2330.TW+VRT,海外のみ,C 半導体＋半導体以外,36.5,0.42,0.81,0.86,-164,196,-301,430,-100,205,0,1,Vertiv(10/21〜28頃)
3,NVIDIA＋AMD＋SK hynix,NVDA+AMD+000660.KS,海外のみ,B 半導体内で別サブテーマ,51.9,0.29,0.76,1.35,-225,290,-399,663,-121,304,0,1,SK hynix(10/27頃)
3,NVIDIA＋AMD＋TSMC,NVDA+AMD+2330.TW,海外のみ,B 半導体内で別サブテーマ,38.0,0.36,0.79,1.01,-170,204,-311,451,-39,160,0,0,
3,NVIDIA＋AMD＋ASML（米ADR）,NVDA+AMD+ASML,海外のみ,B 半導体内で別サブテーマ,40.6,0.37,0.77,0.97,-180,220,-328,489,-78,188,0,0,
3,NVIDIA＋AMD＋Lumentum,NVDA+AMD+LITE,海外のみ,C 半導体＋半導体以外,43.7,0.13,0.63,0.71,-193,239,-348,535,-57,373,0,0,
3,NVIDIA＋AMD＋Micron,NVDA+AMD+MU,海外のみ,B 半導体内で別サブテーマ,51.9,0.43,0.81,1.2,-225,290,-399,663,-84,303,0,0,
3,NVIDIA＋AMD＋Sandisk,NVDA+AMD+SNDK,海外のみ,B 半導体内で別サブテーマ,57.7,0.33,0.77,1.27,-246,327,-432,760,-120,579,1,1,Sandisk(10/30)
3,NVIDIA＋AMD＋Vertiv,NVDA+AMD+VRT,海外のみ,C 半導体＋半導体以外,46.9,0.45,0.8,1.09,-205,258,-369,584,-112,201,0,1,Vertiv(10/21〜28頃)
3,NVIDIA＋ASML（米ADR）＋Lumentum,NVDA+ASML+LITE,海外のみ,C 半導体＋半導体以外,44.1,0.25,0.73,0.44,-194,241,-351,541,-65,339,0,0,
3,NVIDIA＋ASML（米ADR）＋Vertiv,NVDA+ASML+VRT,海外のみ,C 半導体＋半導体以外,40.0,0.45,0.8,0.82,-178,216,-324,479,-138,219,0,1,Vertiv(10/21〜28頃)
3,NVIDIA＋Broadcom＋SK hynix,NVDA+AVGO+000660.KS,海外のみ,B 半導体内で別サブテーマ,43.2,0.27,0.72,1.09,-191,236,-345,528,-147,240,0,1,SK hynix(10/27頃)
3,NVIDIA＋Broadcom＋TSMC,NVDA+AVGO+2330.TW,海外のみ,B 半導体内で別サブテーマ,30.1,0.37,0.77,0.75,-137,159,-255,343,-65,91,0,0,
3,NVIDIA＋Broadcom＋AMD,NVDA+AVGO+AMD,海外のみ,A 同一サブテーマ,41.4,0.42,0.78,0.98,-183,225,-333,500,-98,144,0,0,
3,NVIDIA＋Broadcom＋ASML（米ADR）,NVDA+AVGO+ASML,海外のみ,B 半導体内で別サブテーマ,34.0,0.41,0.78,0.71,-154,181,-284,396,-103,117,0,0,
3,NVIDIA＋Broadcom＋Lumentum,NVDA+AVGO+LITE,海外のみ,C 半導体＋半導体以外,45.0,0.31,0.74,0.45,-198,247,-357,554,-105,308,0,0,
3,NVIDIA＋Broadcom＋Micron,NVDA+AVGO+MU,海外のみ,B 半導体内で別サブテーマ,42.9,0.4,0.78,0.93,-190,234,-343,523,-110,263,0,0,
3,NVIDIA＋Broadcom＋Sandisk,NVDA+AVGO+SNDK,海外のみ,B 半導体内で別サブテーマ,50.0,0.32,0.76,1.0,-217,278,-387,632,-146,516,1,1,Sandisk(10/30)
3,NVIDIA＋Broadcom＋Vertiv,NVDA+AVGO+VRT,海外のみ,C 半導体＋半導体以外,41.0,0.51,0.82,0.83,-182,223,-331,495,-138,115,0,1,Vertiv(10/21〜28頃)
3,NVIDIA＋Lumentum＋Vertiv,NVDA+LITE+VRT,海外のみ,C 半導体＋半導体以外,50.7,0.35,0.76,0.56,-220,282,-392,643,-172,405,0,1,Vertiv(10/21〜28頃)
3,NVIDIA＋Micron＋SK hynix,NVDA+MU+000660.KS,海外のみ,B 半導体内で別サブテーマ,57.4,0.36,0.81,1.31,-245,324,-430,754,-154,438,0,1,SK hynix(10/27頃)
3,NVIDIA＋Micron＋ASML（米ADR）,NVDA+MU+ASML,海外のみ,B 半導体内で別サブテーマ,44.6,0.43,0.81,0.93,-196,244,-354,547,-110,348,0,0,
3,NVIDIA＋Micron＋Lumentum,NVDA+MU+LITE,海外のみ,C 半導体＋半導体以外,48.5,0.18,0.67,0.67,-211,268,-378,608,-42,515,0,0,
3,NVIDIA＋Micron＋Sandisk,NVDA+MU+SNDK,海外のみ,B 半導体内で別サブテーマ,66.5,0.47,0.86,1.22,-278,385,-479,919,-152,749,1,1,Sandisk(10/30)
3,NVIDIA＋Micron＋Vertiv,NVDA+MU+VRT,海外のみ,C 半導体＋半導体以外,48.7,0.44,0.8,1.05,-212,269,-379,611,-145,336,0,1,Vertiv(10/21〜28頃)
3,NVIDIA＋Sandisk＋ASML（米ADR）,NVDA+SNDK+ASML,海外のみ,B 半導体内で別サブテーマ,54.0,0.4,0.82,0.99,-233,303,-411,698,-146,582,1,1,Sandisk(10/30)
3,NVIDIA＋Sandisk＋Lumentum,NVDA+SNDK+LITE,海外のみ,C 半導体＋半導体以外,59.2,0.2,0.71,0.74,-252,337,-440,787,-149,786,1,1,Sandisk(10/30)
3,NVIDIA＋Sandisk＋Vertiv,NVDA+SNDK+VRT,海外のみ,C 半導体＋半導体以外,57.3,0.41,0.79,1.11,-245,324,-430,754,-181,580,1,2,Sandisk(10/30) Vertiv(10/21〜28頃)
3,Sandisk＋ASML（米ADR）＋Lumentum,SNDK+ASML+LITE,海外のみ,C 半導体＋半導体以外,64.3,0.33,0.75,0.83,-270,370,-467,877,-128,848,1,1,Sandisk(10/30)
3,Sandisk＋ASML（米ADR）＋Vertiv,SNDK+ASML+VRT,海外のみ,C 半導体＋半導体以外,61.3,0.46,0.82,1.21,-259,350,-452,824,-231,611,1,2,Sandisk(10/30) Vertiv(10/21〜28頃)
3,Sandisk＋Lumentum＋Vertiv,SNDK+LITE+VRT,海外のみ,C 半導体＋半導体以外,67.5,0.31,0.73,0.95,-282,392,-484,937,-224,902,1,2,Sandisk(10/30) Vertiv(10/21〜28頃)
